{"type":"FeatureCollection","features":[{"type":"Feature","id":1,"geometry":{"type":"Polygon","coordinates":[[[107.36624596517316,16.599759832147971],[107.36607481694364,16.599825748008769],[107.36595202636823,16.599863920852549],[107.3658731283177,16.599898280570216],[107.36581630091942,16.599913267973317],[107.36574646119089,16.599877613857444],[107.36574801089421,16.599801709911159],[107.36578465915206,16.599758271037626],[107.36582889012369,16.599726696189261],[107.36591484239533,16.599661185690632],[107.36600079459571,16.599595674260357],[107.36607455994776,16.599547032354423],[107.36614068588922,16.599481747463098],[107.36616948980947,16.599404936174931],[107.36615146828876,16.599350168339139],[107.366135837527,16.599288204350021],[107.36614507860716,16.599233126174109],[107.36616426108272,16.599180325983614],[107.36619577752907,16.599122604895324],[107.36634613600278,16.598948956244058],[107.36638878965832,16.598894626873552],[107.36641958968696,16.598847570663608],[107.36646688520902,16.598682368955835],[107.36646233448464,16.598614302332496],[107.36644663056474,16.598546363582752],[107.36642357895849,16.598485678315487],[107.36637795950729,16.598403739534533],[107.36633592616305,16.598311003802426],[107.36628969239273,16.598178879497464],[107.3662291582792,16.598093525071612],[107.36613569500331,16.598051567187191],[107.36600558197397,16.598053048152106],[107.36586475544742,16.598090501979829],[107.36575756207829,16.59814191444244],[107.36565426187494,16.598207623138226],[107.36554737546496,16.598284126912457],[107.36549953031064,16.598324108669004],[107.3654329218963,16.598349962437318],[107.3653733102505,16.598339885548388],[107.36528373924931,16.598312223573231],[107.36520142827816,16.59827013836005],[107.36510464116506,16.598260483468344],[107.36501546498714,16.598265083435479],[107.36494885650575,16.598290937054376],[107.36487472575172,16.598309706386267],[107.36480409248598,16.59831050993629],[107.36473682703355,16.598282593960437],[107.36464173475001,16.598160844312599],[107.36459653085534,16.598093280656528],[107.36450541173566,16.597989749551832],[107.36440871865479,16.59793707235341],[107.36428122909918,16.597899683077486],[107.36418821836807,16.597894766184673],[107.36408882871659,16.597874982275055],[107.36403546996247,16.597818824697821],[107.36400015091805,16.59771764701015],[107.36395436897826,16.597520983672222],[107.36388387635643,16.597330576928872],[107.36381322182511,16.597209575088456],[107.36381108993749,16.597205923618183],[107.36372070320978,16.597162137310761],[107.36359004263565,16.597118807958243],[107.36343654455347,16.59710392162631],[107.36334188103129,16.597094741239182],[107.36296361776417,16.597105620216851],[107.36291091725153,16.597100277028336],[107.36284463804962,16.597064243423503],[107.36281285559569,16.596998876323102],[107.36279914792503,16.596925137537617],[107.36294830855621,16.596595174485824],[107.36272402645406,16.596508591378424],[107.36265077742398,16.596482585442292],[107.36256676962168,16.596456241037732],[107.36251849205505,16.596462860157438],[107.36247129283394,16.596493324378464],[107.36243875548953,16.596581336750411],[107.36240897514286,16.596630482947571],[107.3623619718898,16.596670854628705],[107.36131086098926,16.595922628249706],[107.36036676521299,16.595183988283004],[107.35926196106158,16.594929325969886],[107.35902218531476,16.594874056256611],[107.3585429758914,16.594712975156419],[107.35842006250512,16.594561374753432],[107.35831659019081,16.594433752637858],[107.35832132811102,16.594375118562844],[107.35847571207034,16.594229960850189],[107.3586062163461,16.593956007153416],[107.35864758942,16.593690235291294],[107.35863560701694,16.593317513320905],[107.35854271646494,16.592407934048865],[107.35850755762866,16.591354292322752],[107.35847677097206,16.590659118235841],[107.35826790129501,16.58999464488134],[107.35793203111116,16.589281418265386],[107.35753520158849,16.588446986543723],[107.35725933882395,16.58777609995532],[107.35714109100729,16.587225323707198],[107.35702284499767,16.586674546364939],[107.35694247998967,16.585571223112709],[107.3569884075095,16.585068777212253],[107.35710544713439,16.584300223487912],[107.35744106708958,16.583163505288592],[107.35781017748764,16.582334731403023],[107.35802158240101,16.581988159350924],[107.35819389179608,16.581484282002116],[107.35827803648675,16.581067447923456],[107.35831049037147,16.580679881064132],[107.35829877407069,16.580328666058524],[107.35826344478198,16.57987016406927],[107.35819365308201,16.579634333488563],[107.35803604664,16.57951422431136],[107.35770132698025,16.579503676488017],[107.35707911234701,16.579697154514655],[107.35618357186051,16.580037133824483],[107.3556423464025,16.580165158121776],[107.35518158964577,16.580184714591169],[107.35475669629395,16.580096308470083],[107.35436818950102,16.579942957001158],[107.35405271853224,16.579681221799689],[107.35320104036842,16.578737196209119],[107.35265223273728,16.578241475489186],[107.352075869966,16.57792532306539],[107.35145716711286,16.577796078582498],[107.34986904540975,16.577433986419223],[107.34926503926371,16.577290228338281],[107.34815158749383,16.576829547794119],[107.34697631907794,16.576175957766107],[107.34536552799618,16.575168748704069],[107.34457876753694,16.574668513329129],[107.34412128669477,16.574343826832955],[107.3438794850787,16.574023881380644],[107.34375032673444,16.573795882894725],[107.34363377945479,16.573381310912033],[107.34354954387939,16.572564831488595],[107.34341379096838,16.571791954273895],[107.34316644121164,16.571013162960554],[107.34286040313238,16.570299564761534],[107.34258004769509,16.569820225791688],[107.34264339761243,16.569384327143226],[107.34263934937037,16.569379849577334],[107.34264307407184,16.569377946747753],[107.34264016986845,16.569320614341279],[107.34263851235295,16.569287898885328],[107.34263726566913,16.569263281934258],[107.34264612462059,16.56922732975254],[107.3426509124868,16.56921125932935],[107.34269832580625,16.569157731193727],[107.34270691785396,16.569148031811046],[107.34275894596355,16.569089293560221],[107.34277244542352,16.569061405836578],[107.34277357510415,16.569034929232895],[107.34277023772323,16.568991422189121],[107.34278712033989,16.568952990335273],[107.34280913367424,16.568928841565356],[107.34284345009387,16.568897383489436],[107.34291865566304,16.568847859727416],[107.34295327972649,16.568797857643503],[107.34295961659183,16.568723159880978],[107.3429358683785,16.568674907733275],[107.34286174773112,16.568575794205266],[107.34279823290626,16.568524881957675],[107.34277495187028,16.568429297564109],[107.34280551811588,16.568385330434701],[107.34283733773086,16.568368314455288],[107.34290653391018,16.568352287125645],[107.34297600972022,16.568374857140508],[107.34308475998661,16.568465468764387],[107.343132354673,16.568483388758501],[107.3431809324764,16.568489662419317],[107.34323298084807,16.568466917270204],[107.34327944579515,16.568432500322658],[107.34333500470134,16.568404169020841],[107.34336108669723,16.568409496166584],[107.34338178627738,16.568413723976235],[107.34374190008269,16.568543214000023],[107.34386887949151,16.568550303237163],[107.34394467199466,16.568486467866212],[107.34395940081532,16.568420248510236],[107.34388322706225,16.568315602855524],[107.34373999403387,16.568124131459758],[107.34368903651351,16.568039248277266],[107.34360337768959,16.56789655952446],[107.34354886160428,16.567763358671762],[107.34356563262357,16.567690955440895],[107.34361070623076,16.567625180471993],[107.34368160332416,16.567587578744984],[107.34374093914657,16.567566331447967],[107.34379049905199,16.567565773581858],[107.34384654920198,16.567581309142756],[107.3438843301047,16.56759257872211],[107.34402167472125,16.567663706844758],[107.34405116005755,16.567678976803045],[107.34418167883294,16.567751781496497],[107.34425043879207,16.567746951273165],[107.34436076336222,16.567675735918364],[107.3444256029159,16.567619810693227],[107.34443920217754,16.567596712280903],[107.34444680800232,16.567569857438471],[107.34445040213977,16.567539222949151],[107.34444998553937,16.567504809705589],[107.34442446049898,16.567450153977855],[107.34432039257094,16.567381884579941],[107.34428182123369,16.567370004273663],[107.34420740983285,16.567347085532028],[107.34405279037688,16.567331079771463],[107.3440354050725,16.56732400255218],[107.34398157997033,16.567299750778467],[107.34395758221177,16.567282811953927],[107.34394743923701,16.567263805656125],[107.34394312770249,16.567235172570076],[107.34394268805761,16.567198847164249],[107.34396948442041,16.567139770324147],[107.34409759094572,16.566946833423959],[107.34414395921829,16.56690462596427],[107.34416169647281,16.566895821795185],[107.34417754452984,16.566894686722538],[107.344195397494,16.566895442389693],[107.34421240998539,16.566908635013895],[107.34426857543957,16.566962497758318],[107.3443218145878,16.567020218247823],[107.34434086671193,16.567038168465629],[107.34435884696657,16.567049438673756],[107.34437924980796,16.567056092545798],[107.34440800617453,16.567056725430668],[107.34446116123151,16.567050235241311],[107.34450285941672,16.567030799740852],[107.3445225446341,16.567019105447084],[107.34453328600466,16.567005599448848],[107.34453609756549,16.566992183641485],[107.34453490902077,16.566975943809769],[107.34450913802803,16.566928433704827],[107.34444504525257,16.56685560304939],[107.34440343498953,16.566812193643685],[107.34439567175988,16.566785033064331],[107.34439534198019,16.566757789695092],[107.34439940263564,16.566724759667885],[107.34440946342551,16.566695964779285],[107.34444159980764,16.56664827874269],[107.34446817090992,16.566632204235162],[107.34450240203053,16.56663468697808],[107.34462751706461,16.566676360260487],[107.34474712630283,16.566720275262071],[107.34483248632941,16.566722611294217],[107.34486352626232,16.566713263404605],[107.34492497429018,16.566694758109495],[107.34498402282726,16.566649123986299],[107.3450681910211,16.566611824982612],[107.34512561649541,16.566567528006793],[107.3451909997687,16.566495056006964],[107.34522914317976,16.566423649609629],[107.3453500997868,16.566466831826197],[107.34558552444275,16.566471188267379],[107.34571657512488,16.566443400823822],[107.34576449345684,16.56643324025891],[107.34595403326415,16.566353029595302],[107.34605232003307,16.566283205688823],[107.3461042529858,16.5662228671181],[107.34626337787911,16.566081601327479],[107.34627633334868,16.566001132462841],[107.34631518326478,16.565865534448886],[107.3463730544596,16.565762197786775],[107.34644041717837,16.565696225408018],[107.34649299137551,16.565661314460481],[107.34654293490118,16.56565744538646],[107.34657460998092,16.565654080271845],[107.34679199748149,16.565538430841354],[107.34704729359576,16.565393545910513],[107.34713994953414,16.565286113276017],[107.34714912479163,16.565231663929108],[107.34714170552061,16.565151981169357],[107.34711564437147,16.565084570138751],[107.34708524339433,16.565005930512051],[107.3470333151615,16.564866088990154],[107.34701895152257,16.56470725106999],[107.34702057436384,16.564538928399614],[107.34696520757754,16.564451556411864],[107.34686321808864,16.564370753273227],[107.34677144814354,16.56431858875921],[107.34671771876776,16.56425966300635],[107.34665599664977,16.564068277742166],[107.34666176545269,16.563874894359802],[107.34670398204784,16.563806937894583],[107.34675032297235,16.563750055272273],[107.3468210162678,16.563698508068963],[107.34691715641678,16.56365140767144],[107.34696770568431,16.563609600682689],[107.34701365968505,16.563567255579031],[107.34708774493913,16.563545507042907],[107.34715865877493,16.563517818520712],[107.34720140792696,16.563466546397358],[107.34722834284864,16.563388564092925],[107.34725455474283,16.56325083560467],[107.34729071046871,16.563166773669213],[107.34733604892818,16.563073644225785],[107.34735542697256,16.562991118287954],[107.34737385563682,16.562952609163275],[107.34740121195553,16.562868830681094],[107.34741554513877,16.562789399590702],[107.34740863254763,16.562518849933944],[107.34736184817469,16.562264675824935],[107.34731549514447,16.562093707719349],[107.34721223750942,16.561712848176292],[107.34717058066548,16.561577244987273],[107.34713238786037,16.561430681161625],[107.34711937580443,16.561279759427258],[107.34711607683893,16.561073939640906],[107.3471410286902,16.560899157022114],[107.34710815240635,16.560803301913907],[107.34695533224776,16.560689195464498],[107.3468457724484,16.560649787877793],[107.34666506450303,16.560661408463371],[107.34658483456452,16.560670216708555],[107.34652022132873,16.560638261154246],[107.3464763952343,16.560564002058854],[107.34646279018214,16.56040814552237],[107.34648848471551,16.560254420839129],[107.34648240163331,16.560141154161606],[107.34638571663292,16.560021708325493],[107.3463014197972,16.559976975083277],[107.34611153670241,16.559983468027671],[107.34610454983057,16.559985213416084],[107.3459258550419,16.560029850921719],[107.345785142512,16.559999700659127],[107.34572991075426,16.559946518662617],[107.34571127033311,16.559897685285993],[107.34575775911772,16.559797349772236],[107.34602351996966,16.55954099209313],[107.34609081451018,16.55945792927702],[107.34540206507285,16.558869939726751],[107.34500484779419,16.558200164945077],[107.3449775253695,16.558190516593122],[107.34494359452169,16.55817177715161],[107.3449116009478,16.558149191981773],[107.34489730820488,16.558114934913132],[107.34490664094029,16.558067026851802],[107.34490762166357,16.558058672395482],[107.34491383007492,16.55800575876281],[107.34491915228287,16.557954071928979],[107.3448760628709,16.557848471965563],[107.34485140484912,16.557807519334418],[107.34469415719434,16.557670344559217],[107.34467366455635,16.55765246828441],[107.3446372599517,16.557595855311462],[107.34461298682615,16.557555974209674],[107.34451368053566,16.557377353284551],[107.34435719449851,16.557091406314029],[107.34435351844847,16.55708469055763],[107.34395619113411,16.556461077511909],[107.34414650697292,16.556103826798026],[107.34416298958308,16.556056107507452],[107.34424311081986,16.555918968669911],[107.34454502222538,16.55567894748016],[107.34481677236703,16.555499763296591],[107.34487692788832,16.555460099140262],[107.34507554911944,16.555285773897765],[107.34524439674595,16.555173157802859],[107.34539267331475,16.555074262101137],[107.34565579879698,16.554943647379094],[107.34576217654777,16.554890841820804],[107.34605751917674,16.554722596807149],[107.34627870056596,16.554569527353493],[107.34635761975024,16.554450092825316],[107.34640281176895,16.554381699290897],[107.34662673834525,16.55384139605458],[107.34671272848149,16.55357512233341],[107.34675917937501,16.553497242873178],[107.34680745241009,16.553416306699681],[107.34690313196616,16.55333635422955],[107.3470512786337,16.553291663214136],[107.34734774630002,16.553216619723397],[107.34757800754915,16.553199684912187],[107.34768924802664,16.553176919995494],[107.34780022703129,16.553132647229901],[107.34792616047305,16.553095375854021],[107.34799245330319,16.553044436556867],[107.34821950073498,16.552762232210796],[107.34921966498727,16.551791899951567],[107.34930131510214,16.551828183311898],[107.3494861817417,16.551910332582455],[107.35026230750729,16.552255218329893],[107.35075345676354,16.552421740495387],[107.35085875531821,16.5524574411297],[107.35117792572132,16.552569652150801],[107.35148780591096,16.552678596152415],[107.35181107708907,16.552770553595828],[107.35233264344716,16.552866246883536],[107.35265598767663,16.552964176889386],[107.35299253412795,16.553124948164797],[107.35299572022747,16.553126470473227],[107.35332314127247,16.55334976595455],[107.3533713035324,16.553382610882981],[107.3535687714663,16.55350117435508],[107.35359597232451,16.553517505993501],[107.35383643315696,16.553708740756385],[107.35394526158484,16.553778497787253],[107.35403769639461,16.553701251134555],[107.35507948687912,16.552844398505336],[107.35514606262961,16.552789640904923],[107.35523963256921,16.55284236084767],[107.35538232272889,16.552858674154631],[107.35566762953485,16.552885325618504],[107.35594710555267,16.55294191918674],[107.3562207499773,16.553028454876912],[107.35638245954492,16.553080403754368],[107.35653531101616,16.55311095830811],[107.35663708495272,16.553131302582361],[107.35702864283624,16.553234428765439],[107.35720984181967,16.553317426023135],[107.35732145277741,16.553368548776465],[107.35747157246185,16.553486356630941],[107.35754051114711,16.553551305436468],[107.35762169232386,16.553604164352457],[107.3577396782418,16.553626730234981],[107.35805406864513,16.553497691686555],[107.35820220985043,16.553384472064511],[107.35916508343009,16.552648573181592],[107.35996274136473,16.551976451977666],[107.36043038801857,16.551563954039377],[107.36052505935027,16.551424792865202],[107.36054383938981,16.551402048777657],[107.36067800653963,16.551227244744528],[107.36068111839515,16.551223361222256],[107.36079395303166,16.551082524461798],[107.36091703992585,16.551015401408588],[107.36098445511075,16.551003778491221],[107.36102832030187,16.55099621552727],[107.36113945417405,16.550965079929266],[107.36121342243294,16.550934365373735],[107.36128695498685,16.550867803582292],[107.361329918623,16.55068087801725],[107.36135167213038,16.550586231477343],[107.36154406390501,16.549718606250917],[107.36157483137535,16.549579853593055],[107.36165805823106,16.549292096071447],[107.36167431260209,16.549100702552426],[107.36164394202484,16.548962689634884],[107.3616415218595,16.548951691673693],[107.36157225536343,16.548833322875133],[107.36195470734678,16.548863611769594],[107.36215403156716,16.548952176492204],[107.36240304373399,16.54923552529949],[107.36239961107084,16.549240054758059],[107.36240441323598,16.549246919078737],[107.36246263317216,16.549347134364822],[107.36251687248709,16.549418049447926],[107.36266883368776,16.549608945266158],[107.36278185608415,16.549816947374971],[107.36284128637602,16.550024974336825],[107.36284410983936,16.550112476849666],[107.36281221910482,16.550248518730147],[107.36279440897242,16.550314080666773],[107.36271226921203,16.550515999854291],[107.36266747282968,16.55063335050194],[107.36265262170419,16.550690796623332],[107.3626452501462,16.550735633013296],[107.36264313382209,16.550792458695273],[107.36267620042058,16.550874469254278],[107.36271910122315,16.550957548986709],[107.36283567918471,16.551118994484202],[107.3629847785962,16.551305779541497],[107.36306249017146,16.551407915358418],[107.3631570731998,16.55152214897274],[107.36319263649574,16.551557546299936],[107.36324247264025,16.551580190885996],[107.36338271114954,16.551629417459399],[107.36354634599036,16.551684254855036],[107.36372229963668,16.551730997495323],[107.36376584824588,16.5517451730049],[107.36377929874592,16.551749551631563],[107.36384796432284,16.551793083789089],[107.36404494438034,16.551910990980577],[107.36409737100472,16.551945589768799],[107.36414320390355,16.551951919893465],[107.36419530668603,16.551988377804651],[107.3644949095594,16.552171406986012],[107.36482398449421,16.552332590688845],[107.36502503235089,16.552358990307798],[107.3657622369268,16.552458177418853],[107.36631266529356,16.55265652493237],[107.36646858703146,16.552808048616388],[107.36668460562149,16.552992591658064],[107.36679163120421,16.553084022392909],[107.36685248923418,16.553149940306984],[107.3670723626779,16.553388093331748],[107.36709298980266,16.553410434541728],[107.36724010878224,16.553588502056538],[107.36734281227169,16.553712810948433],[107.36740991649981,16.553794030832137],[107.36744796682231,16.55387529353408],[107.36748350813687,16.553951198982322],[107.36752908379397,16.554048533406679],[107.36767708796623,16.554364621725394],[107.36788241954945,16.554875263313704],[107.36821380147886,16.555699371825842],[107.36839011342418,16.556134757659603],[107.3685582914359,16.556512872369655],[107.36885371472852,16.556961243076845],[107.36886737823605,16.556984389505285],[107.36892676082461,16.557084981083356],[107.36898860246642,16.557189738905247],[107.36904026777613,16.557277258258758],[107.36912701501147,16.557424206281247],[107.36937423264393,16.557715503969394],[107.36953685846295,16.557907126346368],[107.36977466225844,16.558101605209934],[107.36987779922872,16.558164818719991],[107.37006180295732,16.558277596463611],[107.37047268998485,16.558440227905567],[107.37075163273879,16.558522153088091],[107.37125612738137,16.558670321816656],[107.37145961520442,16.558723414677573],[107.37197808944205,16.558858691558449],[107.37233136873547,16.558950866477208],[107.37383557509064,16.559351997773707],[107.37518220391217,16.559701023650781],[107.37547540935951,16.559777016984672],[107.37602241977805,16.559918789631745],[107.37682986418422,16.560135393874567],[107.37729445138952,16.560259515405839],[107.37755152835743,16.560327787884738],[107.37767781711558,16.560361963227606],[107.37808437512609,16.560469828417773],[107.37810164632785,16.560457670106402],[107.37856541236044,16.560131191373941],[107.38058831631642,16.559440566801857],[107.38092790215117,16.559256773074651],[107.3811208555726,16.558895513113807],[107.38130612213392,16.558622790385328],[107.38166136528739,16.558347408834219],[107.38234831483057,16.557918752001481],[107.38351582214183,16.557219723558156],[107.3852659101003,16.556927996668986],[107.38587442476508,16.557415790198892],[107.38817492907805,16.558123648283466],[107.38836135215011,16.558247285881794],[107.38945647413686,16.558388994129441],[107.39030154463441,16.558498346649039],[107.39102345241565,16.558610199654311],[107.39105716623105,16.558626163908379],[107.39135123555792,16.558765415485201],[107.39137798148555,16.558776335064156],[107.39174336167778,16.558893819990136],[107.39204119697339,16.558929961539956],[107.39224675299171,16.558967162426686],[107.39243253452656,16.559063932809373],[107.39302222864464,16.559482446007728],[107.39312806049672,16.559748270351353],[107.39323024160787,16.559950920499194],[107.39325731402023,16.559983170936821],[107.39303305195064,16.560116172358519],[107.39291317332518,16.560188117851581],[107.39275908977302,16.560261860898205],[107.39268524064973,16.560296436927953],[107.39265054130948,16.56030627714663],[107.39269702065317,16.560334517062881],[107.39308373134386,16.560568702162811],[107.39362802845707,16.560867868723363],[107.39373727924783,16.56092828179694],[107.39396270411017,16.56105301276553],[107.39438993363078,16.561275023983026],[107.39454682062936,16.561383921735622],[107.39453741831136,16.561484293221685],[107.39455556780342,16.561673395581064],[107.39456002730621,16.561835348543891],[107.39452986810942,16.562011478926809],[107.3943372608916,16.562149001373946],[107.39411023240849,16.562267446251958],[107.3939671627771,16.562324143424082],[107.39389267330475,16.562533490244945],[107.39388623538859,16.562704448278268],[107.39392214500306,16.562817150622941],[107.39394130090632,16.562893839127987],[107.39396505094265,16.562999548526591],[107.39398668422028,16.563123144716908],[107.3939973152789,16.563229267777942],[107.39400008818608,16.563331391789422],[107.39399629330158,16.563436388011585],[107.39398247643624,16.563510087914345],[107.39395175150379,16.563567201905148],[107.39389042529655,16.563611936110551],[107.39381934887597,16.563628266927381],[107.39373197137769,16.563644008225772],[107.39368274617232,16.563714261501509],[107.39368393754073,16.56378285399521],[107.39371552554623,16.563839155066503],[107.39379009614791,16.563903804770998],[107.39392167139816,16.564017237558989],[107.39404542674606,16.564144384177997],[107.39427059441981,16.564352613930705],[107.3943252276073,16.564410789003666],[107.39438804054646,16.564489953744818],[107.39446025187129,16.564590110390444],[107.39453144099208,16.564687734073249],[107.39460405245171,16.564800697081406],[107.39466436939921,16.564911067956384],[107.39471394057179,16.565048128422958],[107.39479491676512,16.565411173377775],[107.39484558546486,16.565538649471417],[107.39491806434955,16.565673417509053],[107.39503949934404,16.565914239775779],[107.39506501874232,16.565963654702795],[107.39493300722161,16.566049392349381],[107.39417462988135,16.566545568703713],[107.39307989028921,16.567241378808976],[107.39174658690079,16.568112975919224],[107.39132636989019,16.56839920961626],[107.38860905924668,16.57016192227713],[107.38786976160733,16.570635520019952],[107.38787235742193,16.570644884916518],[107.38787493163034,16.570654168760779],[107.38789133788639,16.570715413594474],[107.38790993870047,16.570784853589657],[107.38797902219741,16.571043508526603],[107.38799400319382,16.571095890824996],[107.38814353974011,16.571837235930541],[107.38836742991627,16.572579100700921],[107.38858212816831,16.573288060861849],[107.38885268875252,16.574213257049976],[107.38891622938903,16.574455762811578],[107.38897901637752,16.574695400065416],[107.38910713488104,16.575132013350785],[107.3891222677216,16.575183582541154],[107.38938733936668,16.576070861473166],[107.38952015447718,16.576580658898269],[107.38954983836287,16.576694593234539],[107.38988359723373,16.577839774878676],[107.39006683210576,16.578441036631901],[107.39013967292505,16.578673429467095],[107.39044324952026,16.579829662198186],[107.3909211226777,16.581675291892154],[107.39098232389371,16.581895652704784],[107.39097559164378,16.582012767478762],[107.39096715273615,16.582070990214273],[107.39072115892813,16.583545256232906],[107.39054530350056,16.585173924787426],[107.39040997071064,16.586346037491804],[107.39033307796501,16.586985834716629],[107.39026080836591,16.587587163745528],[107.39026080778848,16.58758734441842],[107.39026076570735,16.587587350322007],[107.39002314421467,16.587620264903062],[107.38958098586481,16.587717831125829],[107.38871638096694,16.588020917562602],[107.38848039849552,16.588055557786564],[107.38787260619225,16.588018436963289],[107.38708732930867,16.588152677587988],[107.3861664537863,16.58829187217939],[107.38558905413224,16.588341370790946],[107.38522387693546,16.588474186662324],[107.38508283132525,16.588754496306638],[107.38488740426608,16.589131899272068],[107.38479981293241,16.589240093323671],[107.38462317721404,16.589338588498748],[107.38432507858704,16.589502789923433],[107.38407183242536,16.589698634612809],[107.38377956534684,16.590030504218372],[107.38367042222552,16.590152810229963],[107.38337109612758,16.590564180621286],[107.38331882829671,16.590832753040154],[107.38322091364313,16.591005377848902],[107.38288999764234,16.59121282963309],[107.38248035570422,16.591346150121126],[107.38218146069835,16.591446045176941],[107.38172758238306,16.591834794187992],[107.38142170616197,16.59203356969585],[107.38071329583633,16.592277498311272],[107.38022532243765,16.592368836538874],[107.37995963449775,16.592457629596083],[107.37982745045018,16.592555612516705],[107.3797286084266,16.592653214687164],[107.37966350512133,16.592782586784235],[107.3796654837344,16.592943348144292],[107.37957815248532,16.593072975519757],[107.3794238700041,16.593181930144208],[107.37923598130359,16.593269832130989],[107.37888111347192,16.59333820644143],[107.37835516769016,16.593400975277387],[107.3777316255312,16.593706977816542],[107.37780433243809,16.594652783716452],[107.37782214062318,16.595293135848383],[107.37753252030004,16.595538521788338],[107.37745035381728,16.595735548038849],[107.37727242959936,16.595780741394428],[107.37708370084806,16.595892954836735],[107.37688841618933,16.595974243233872],[107.37683037890039,16.595987629378286],[107.3768282725558,16.595988282182784],[107.3762615487333,16.596163857407962],[107.37608819466216,16.59627697742161],[107.37603486206271,16.596335500000734],[107.37595612943254,16.596421892690536],[107.37578759404204,16.596624585781395],[107.37568159911403,16.596755115422386],[107.37553487889352,16.596935794930861],[107.37539896297012,16.59706999788661],[107.37528827591441,16.597139380692592],[107.37517758876332,16.597208762546206],[107.37490661072759,16.597244124793797],[107.37469856437133,16.597257256610057],[107.37458748151516,16.597294377230629],[107.37450662172866,16.597370588760011],[107.37443368164553,16.597486145986331],[107.37437888776523,16.59756564510554],[107.37429772048722,16.597616763512807],[107.37419385069701,16.597635875703055],[107.37410454346787,16.597629724953972],[107.37404829741894,16.597590931119345],[107.37393637677283,16.597559942868589],[107.37378396049137,16.597561683364649],[107.37365796240114,16.597595388489047],[107.37354338147672,16.597650474412635],[107.37345831919188,16.597687296474358],[107.37334275304198,16.597706482174935],[107.37327279835202,16.597718095618234],[107.3730021691409,16.597728338664286],[107.37300150992509,16.59772836335291],[107.37271159075009,16.59773525712626],[107.37250061864395,16.597812953038112],[107.37235301964172,16.597904266060702],[107.37224268279286,16.598002324484504],[107.37219361618081,16.598043329682806],[107.37209915223268,16.598122271989833],[107.37200713881694,16.598198609972481],[107.37196327688233,16.598260057955898],[107.37190502887222,16.59836110632299],[107.37180186304035,16.598437571489583],[107.37168697212738,16.598467563429164],[107.37154694775541,16.59850271648007],[107.37152420581891,16.598498468266076],[107.3715040646677,16.598493928409368],[107.37149042142423,16.598491383069803],[107.37147482493644,16.598487694703046],[107.37146024107176,16.598484076083366],[107.37144825810294,16.598480174855347],[107.37143813731151,16.598478393300315],[107.37142621180085,16.598479938560967],[107.3714017948278,16.59848347817373],[107.37139189478334,16.598485180993986],[107.37137564535612,16.598489359134163],[107.37136323548278,16.59849036791238],[107.371350508616,16.598495318872502],[107.37133794481784,16.598498289655016],[107.37132623068337,16.59850331939484],[107.37130264837712,16.59851533184635],[107.37129547879253,16.59852120404965],[107.37128084676415,16.598530458575365],[107.37124940860323,16.598544331185611],[107.37123298661845,16.598550480567322],[107.37121893519694,16.598552845007742],[107.37120275798247,16.598556037670015],[107.37117701655703,16.598556999777443],[107.37115819047105,16.598555037474661],[107.37114060711806,16.598556629191535],[107.37113025091678,16.598557804232108],[107.37110699506492,16.59856588340612],[107.37109582813684,16.598570464255154],[107.37108324018482,16.59857986708715],[107.37107608006809,16.598585748209299],[107.37106836325498,16.598592069284955],[107.37105238251971,16.598605169346666],[107.37103309070361,16.598620990097917],[107.37100774234558,16.598641776039162],[107.37099419536941,16.598652882666908],[107.37096734651651,16.598660176252643],[107.37095133065706,16.598659646194271],[107.3709382438787,16.598656642801309],[107.37092702875232,16.598655768011515],[107.37091619754953,16.598656406455277],[107.37090333151053,16.598656887439184],[107.3708898272932,16.598658802980172],[107.37087475375506,16.598661088722537],[107.37085763601331,16.598663217110904],[107.3708435846865,16.598665590559694],[107.37082795456084,16.598668325284134],[107.37081492533459,16.598670777407698],[107.37079905042938,16.5986764688476],[107.37076708924606,16.598684367237695],[107.37073944262272,16.598689632859614],[107.37072217094517,16.598693723243432],[107.37070959786347,16.598696703129779],[107.37067237223151,16.598706170126349],[107.37064644343015,16.598715535381576],[107.37063283334203,16.598724859512711],[107.37062401281153,16.598732087469379],[107.37061583046082,16.598737880868363],[107.37060819532945,16.598743225389143],[107.37058885539082,16.598753599505415],[107.37056832057134,16.598765848129961],[107.37055026235429,16.598773484955267],[107.37054757449383,16.598774621297821],[107.37051384724012,16.598791293170258],[107.37047242729889,16.598807854028774],[107.37045096143491,16.598819047317789],[107.37043234114479,16.598826992259657],[107.37039877705971,16.598841692970527],[107.37038344934517,16.598846935504458],[107.37036859651158,16.598852705593583],[107.370345479606,16.598865245612252],[107.37026929542823,16.598904831559778],[107.37024721552525,16.598911027320188],[107.3702249242598,16.598913738590252],[107.37020505186234,16.59891812959216],[107.37019610165181,16.598920896504971],[107.37016644430217,16.598919572523453],[107.37014809305948,16.598918137689125],[107.37013726194463,16.598918785126621],[107.37012491881694,16.598925240223281],[107.37011595923754,16.598928007239618],[107.37010731134674,16.598933272957872],[107.37009521311678,16.598936780367058],[107.37008005794354,16.598940051628375],[107.37006591550598,16.598943401675662],[107.37005250221667,16.598944331486337],[107.37004119610722,16.598944442329877],[107.37002386707557,16.598943095197242],[107.370013664666,16.59894229914698],[107.36999280358879,16.598940170242017],[107.36997814758283,16.598937546017282],[107.36996050686447,16.598933700176559],[107.3699030334365,16.598958514416857],[107.36980572248211,16.598982031242631],[107.36972860440738,16.599009798396047],[107.36960244706742,16.599122211236537],[107.36955704863125,16.599159433351318],[107.36950725830999,16.599197035242742],[107.36944391763227,16.59923562356467],[107.36936428509836,16.599274253946081],[107.36926335199814,16.599307695295998],[107.36918452203375,16.599330947006262],[107.36910059375352,16.599357707563783],[107.36904304660543,16.599374236075562],[107.36898560534854,16.599389621541143],[107.36892648206428,16.599406654887424],[107.36886333299506,16.599429325786044],[107.3687935526229,16.599456166185355],[107.36873263494628,16.599483721283921],[107.36868053049328,16.599506272592699],[107.36860499426527,16.599533959917196],[107.36852364991823,16.599550429749556],[107.36847024462875,16.599555283998193],[107.36823160394248,16.599586965144802],[107.36811496715617,16.599575744775297],[107.36802427320876,16.599557657872619],[107.36790743975095,16.599530307728749],[107.36783174764588,16.599522804133198],[107.36776493432035,16.59953193108538],[107.36770326828115,16.599556534171576],[107.36762421799604,16.599578348806492],[107.36754732227124,16.599573846173005],[107.36748030397965,16.599566244556474],[107.36741431320526,16.5995756059332],[107.36720488096107,16.599610526873306],[107.36713795990504,16.599671519401241],[107.36713006523991,16.599755501883095],[107.36713113215329,16.599842609049404],[107.36707039693823,16.599862301633912],[107.36699571272186,16.599835904586911],[107.36691361056748,16.599811026489839],[107.36682293756722,16.599814927102891],[107.36675621570997,16.599831461927842],[107.36667248029678,16.599855360288462],[107.36658173702322,16.599853525368275],[107.36652863231268,16.59982831695573],[107.36648512225376,16.599797263059855],[107.36641626326497,16.599760761516844],[107.36634318858924,16.59974438475238],[107.36624596517316,16.599759832147971]]]},"properties":{"OBJECTID":1,"maNhanDang":"025NAD03000001","ngayThuNhan":1734652800000,"ngayCapNhat":1737331200000,"maDoiTuong":"AD03","maDonViHanhChinh":"19819","ten":"thị trấn Phong Điền","dienTich":18.666,"soLuongMoLietSiChonCatBanDauTrenDiaBan":80,"soLuongMoLietSiDaTimKiemTrenDiaBan":78,"soMoLietSiDoGiaDinhChamSocQuanLy":78,"soMoChuyenDenTuDiaPhuongKhac":0,"soMoDaBanGiaoDiaPhuongKhac":0,"thongTinChung":null,"nguonCungCapThongTin":"BCĐ 515 tỉnh Thừa Thiên Huế","thoiGianCapNhat":"20/01/2025","donViCapNhat":"Cục Tác chiến/BTTM","soLuongMoLietSiChuaTimKiemQuyTapTrenDiaBan":0,"danSo":7479,"soMoLietSiTrongNghiaTrangLietSiDiaPhuong":0,"soMoCoHaiCot":78,"soMoKhongCoHaiCot":0,"soMoCoDuThongTin":0,"soMoCoMotPhanThongTin":78,"SHAPE_Length":21460.474497679781,"SHAPE_Area":18664525.153224725,"soMoChuaXacDinhDuocThongTin":0}},{"type":"Feature","id":2,"geometry":{"type":"Polygon","coordinates":[[[107.48047707739096,16.659649108437701],[107.47497003719123,16.662850177585817],[107.47446022230936,16.663233330841106],[107.46983463781666,16.666628143663065],[107.46649993296016,16.668987593556874],[107.46113678269377,16.66224828713651],[107.45970464142758,16.660612113515448],[107.45918723006349,16.660036483690028],[107.45913520203034,16.659982416218941],[107.45909691040347,16.659940810037046],[107.45925623162515,16.659764953947246],[107.45943444565373,16.659564593137532],[107.45920632846949,16.659227856319525],[107.4587086836142,16.658502320630472],[107.45828045357199,16.657899792393312],[107.45824766815016,16.657867093009759],[107.45782136849365,16.658031885791232],[107.45743577260424,16.658180418197496],[107.45708991095454,16.658317251795999],[107.45668322923154,16.658486078766568],[107.45626699489137,16.658651355427036],[107.45616371641511,16.658706750892797],[107.45616315365081,16.658706930092166],[107.45598163771029,16.65878091763205],[107.45550421660677,16.658967900683948],[107.45498304410954,16.659177992427651],[107.45458699408131,16.659318748259491],[107.45457836912458,16.659295509423888],[107.45446786426989,16.658972758685216],[107.45445280854673,16.658939472847266],[107.45391079612163,16.658977237957941],[107.45366576812198,16.658329403817323],[107.45355526949656,16.657922179199915],[107.45355529922485,16.657922158975506],[107.45374217115483,16.657918704091703],[107.45398047650316,16.65785238332284],[107.45413623823509,16.657810950950253],[107.454219976018,16.657802205309547],[107.45431903881267,16.657856263645986],[107.4543692858221,16.657914472672488],[107.45437517517327,16.657923801648025],[107.45438723989446,16.657935272342893],[107.45444574256965,16.658003045147627],[107.45456030787408,16.658057143727472],[107.4548022703822,16.658012949052505],[107.45485572242818,16.658003917900746],[107.45485578964913,16.657924743735858],[107.4547117828387,16.656446445940496],[107.45465238620272,16.655737261856061],[107.4545303070219,16.654288068647872],[107.45451281976096,16.654007791423236],[107.45415208059657,16.650237678146084],[107.45379000494502,16.64717487155642],[107.4566775790657,16.646956533596118],[107.47535439158872,16.631854237259436],[107.47535890043223,16.631850543250181],[107.48785378886645,16.62552954108461],[107.49544560803298,16.634033471094224],[107.49560284796969,16.634187026764973],[107.49649053236105,16.635194231094399],[107.49649196916548,16.63519586136411],[107.49649245441914,16.635196434519138],[107.49651047752913,16.635182643319428],[107.49651405487374,16.635179905821456],[107.4968184286008,16.634947001535586],[107.49690072682418,16.634884027899105],[107.49730113628394,16.63457763619731],[107.49739324084406,16.634563844684131],[107.49744132323944,16.634556644912518],[107.49744255664916,16.634556460250174],[107.49755384556696,16.63469268627604],[107.49756784037125,16.634682268421471],[107.49760222560128,16.634656673175776],[107.49784264077047,16.634477715659578],[107.49793685517983,16.634407585237607],[107.49851549255847,16.635069840306624],[107.49880211175225,16.635378529899249],[107.49875279135178,16.635420342730761],[107.49838759458594,16.635744877908373],[107.49794568941282,16.636116943057203],[107.49762885058323,16.636336314629766],[107.49715233908644,16.636642143904375],[107.49680971170122,16.636864885151088],[107.49647556414018,16.637071019362125],[107.49631095792249,16.637144270897377],[107.49634209788938,16.637172631797085],[107.49634424584904,16.637175709574905],[107.49637011741872,16.637211739386071],[107.49663460708493,16.637441375145062],[107.49695462045513,16.6377310597295],[107.49745696529669,16.638160625070821],[107.49763869446346,16.638315685679075],[107.49828437049379,16.638888197869694],[107.49863987920496,16.639191972564486],[107.49826363109266,16.639859449131659],[107.49803286128596,16.640149046592999],[107.49790055673883,16.640297645847507],[107.49779473630464,16.640383448026984],[107.49769831117534,16.640436034999965],[107.49758181851584,16.640455155495331],[107.49739434421694,16.640576165599374],[107.49717212888147,16.640737278910468],[107.49715886147666,16.640756649343228],[107.49690495831747,16.640879532006199],[107.49698712636081,16.640974202302974],[107.50102989096273,16.646341926525896],[107.49986818104225,16.647196909322012],[107.49970400710016,16.647317698034971],[107.49518096812442,16.649028353656817],[107.4899895668766,16.654474187983745],[107.48709841580245,16.65527784397376],[107.48047707739096,16.659649108437701]]]},"properties":{"OBJECTID":2,"maNhanDang":"025NAD03000001","ngayThuNhan":1734652800000,"ngayCapNhat":1737331200000,"maDoiTuong":"AD03","maDonViHanhChinh":"19843","ten":"xã Điền Hải","dienTich":12.805999999999999,"soLuongMoLietSiChonCatBanDauTrenDiaBan":20,"soLuongMoLietSiDaTimKiemTrenDiaBan":16,"soMoLietSiDoGiaDinhChamSocQuanLy":22,"soMoChuyenDenTuDiaPhuongKhac":0,"soMoDaBanGiaoDiaPhuongKhac":0,"thongTinChung":null,"nguonCungCapThongTin":"BCĐ 515 tỉnh Thừa Thiên Huế","thoiGianCapNhat":"20/01/2025","donViCapNhat":"Cục Tác chiến/BTTM","soLuongMoLietSiChuaTimKiemQuyTapTrenDiaBan":4,"danSo":4244,"soMoLietSiTrongNghiaTrangLietSiDiaPhuong":0,"soMoCoHaiCot":22,"soMoKhongCoHaiCot":0,"soMoCoDuThongTin":0,"soMoCoMotPhanThongTin":22,"SHAPE_Length":15928.942778398432,"SHAPE_Area":12805150.521024177,"soMoChuaXacDinhDuocThongTin":0}},{"type":"Feature","id":3,"geometry":{"type":"Polygon","coordinates":[[[107.46053243064723,16.687883754250372],[107.46009735459904,16.688182892592557],[107.4596549304395,16.688489286012832],[107.45939634446266,16.688628587556799],[107.45918899776537,16.688702750806986],[107.45884188916575,16.68890046268282],[107.45846603671666,16.689177384253377],[107.45798770069806,16.689584580023752],[107.45774573007199,16.689859908761917],[107.45750302528559,16.690077888244645],[107.45674396369081,16.69063898277906],[107.45624385634736,16.691089452962384],[107.45538294281506,16.691831000301807],[107.45497199605997,16.692273239329982],[107.45467703431996,16.692477496770998],[107.45411585510597,16.69280679984935],[107.45357625542947,16.693078486817203],[107.45313978268184,16.693270081428849],[107.45292581400128,16.693408846026109],[107.45243882337422,16.693819719287458],[107.45243062818567,16.693826916318248],[107.45203767708381,16.694171985545797],[107.45153016309371,16.694516805328561],[107.45052047072656,16.695456076762557],[107.45015607422458,16.695661150743657],[107.44936789596539,16.696081560886668],[107.4488646380258,16.696479079716145],[107.44844156866864,16.696812633597219],[107.44795492082098,16.696163512819691],[107.44753062316265,16.695645090469434],[107.44573268366256,16.693431859561603],[107.44544811783813,16.693081564593466],[107.44375024451153,16.691220982588426],[107.44387681073121,16.691071967591437],[107.44403656737461,16.69093816928763],[107.44349512931207,16.690285632900522],[107.44266365103587,16.689283530213881],[107.4425094973918,16.689181394738625],[107.44222975866404,16.688996052486015],[107.44206940507878,16.68888980846625],[107.44168716437444,16.688685367483863],[107.43933221580831,16.688047162488747],[107.43889765854281,16.687941791096261],[107.43713351656527,16.690096425323755],[107.4355354423985,16.686484238319512],[107.43331953920391,16.682655274495325],[107.43086031756718,16.679274032692948],[107.43030616987504,16.678418480858173],[107.43003752253209,16.678034628569204],[107.42980402544185,16.678008529043478],[107.42920169528064,16.677904954141887],[107.4287648406886,16.6778536222875],[107.42860126612212,16.677824678394625],[107.42860256150557,16.677732678903915],[107.42839713248709,16.677521067554945],[107.42828981895131,16.677414146859274],[107.42805446312212,16.677108280436741],[107.42779454571321,16.676801740602656],[107.42770657098774,16.676705400729517],[107.42765349740742,16.67667015476728],[107.42730249367249,16.676223465174591],[107.42702090200743,16.675866791875439],[107.42675552384293,16.675506213605544],[107.4264004475269,16.675043452005898],[107.42590656624957,16.674408517493035],[107.42553925735687,16.673930268229853],[107.42540062382666,16.673732068545487],[107.42651506655524,16.673516015669211],[107.42863494747706,16.672912794873366],[107.43045517201791,16.672344063013508],[107.43054904244489,16.672304468656797],[107.43003199766835,16.671637579496153],[107.42940100114571,16.670828047105964],[107.42876018501646,16.669980711091721],[107.42812900209185,16.669142888629153],[107.42749321620606,16.668309750528447],[107.42699505291007,16.66763739412907],[107.42675366896407,16.667377099855401],[107.42660834455586,16.667276722820976],[107.42647308740413,16.66718329879205],[107.42616569997779,16.667050149395845],[107.42574190870462,16.667243917906621],[107.42415997961001,16.667967207326988],[107.42251519312107,16.66871921933161],[107.42239155600488,16.668175593524996],[107.42246370228098,16.667691621887069],[107.42258187402888,16.666748709480743],[107.42262296208114,16.666695026765659],[107.42272976050333,16.666106908531958],[107.42282036995545,16.665669611615723],[107.42291548186608,16.664970514216105],[107.42295746252528,16.664619156821654],[107.42305173630164,16.664199801888699],[107.42306709234116,16.664042040262832],[107.42314328757708,16.663896348757291],[107.42316878184181,16.663666287945482],[107.42321696249006,16.663424984758052],[107.42328210176977,16.663098744816036],[107.4234103343392,16.662644935196923],[107.42344569337932,16.662267736668138],[107.42356307333664,16.661834816511583],[107.42364729057755,16.661542394503311],[107.42364909707278,16.661436240172549],[107.42359583657314,16.66121267860845],[107.42398429762117,16.661197261662764],[107.42635788011943,16.661103041061207],[107.42686628149741,16.661109770416143],[107.42687591549586,16.661109897841115],[107.4268882699299,16.661108542688989],[107.42688056053498,16.661125050577709],[107.42682616229132,16.661241536748921],[107.4267154469661,16.661466967263898],[107.4266261377753,16.661667217579666],[107.42657525762903,16.661782033847501],[107.42654013533488,16.661865080548946],[107.42651888067131,16.661912258947542],[107.42643640980427,16.662095315094394],[107.42634157290529,16.66231822538326],[107.4263391037201,16.662324030040569],[107.42625672777287,16.662525123153888],[107.42613993802711,16.662791458593354],[107.42604914604217,16.662989241155675],[107.42603750887254,16.66301569255079],[107.42584844711298,16.663450434842247],[107.4257010130278,16.663735364057544],[107.42602100568335,16.663980140484629],[107.42610184975919,16.664045315621362],[107.42712375899242,16.664869156270917],[107.42719062763936,16.664914412368041],[107.427436816084,16.665081029838898],[107.42747129486574,16.665100461440176],[107.42755305513587,16.664915167599162],[107.42755610529701,16.664909955914471],[107.42757458204866,16.664853023562365],[107.42762440062938,16.664699521006174],[107.42763382780431,16.664679597429135],[107.42764298118605,16.664665159218252],[107.42768619376795,16.664610521308941],[107.42786953564888,16.66443668307355],[107.42794381581159,16.664369244276859],[107.42821075996349,16.664098288040904],[107.42824466395946,16.664064446648517],[107.42844445788964,16.663840497646998],[107.42844973871109,16.663832048554962],[107.42856962721605,16.663751004074751],[107.42865286859718,16.663693977192423],[107.42885886100137,16.663485281578222],[107.42888768287577,16.663446243366579],[107.42895540522723,16.663357777284357],[107.42899102122269,16.66331125139904],[107.42900354566308,16.663297963269667],[107.42914072836427,16.663240350687143],[107.42915779358086,16.663233712723038],[107.4293414361169,16.663029332855942],[107.4294173314133,16.662993943807376],[107.42947742852613,16.66296556899281],[107.42960648824575,16.662784809138142],[107.42964543641995,16.662745121844342],[107.42971046268703,16.66267911804427],[107.42983194917535,16.662555804904873],[107.4298380644218,16.662549176997583],[107.43008583136543,16.662456370294073],[107.43011318030347,16.662445880984812],[107.43014588919549,16.662405533324499],[107.43028573042788,16.662233032050207],[107.43035959524697,16.662130085876349],[107.43038350520069,16.662093414884676],[107.43042555542162,16.662002931749974],[107.43051553959397,16.661734893858448],[107.43052020412635,16.661695532784858],[107.43055542222442,16.661452710879502],[107.43057211683362,16.661300217142234],[107.43060515285001,16.661128755617892],[107.43066153358812,16.660993284225949],[107.43067900452826,16.660962246791787],[107.4306809205745,16.660809634676969],[107.43068710236813,16.660761453110098],[107.4306982551394,16.660725865793356],[107.43075021493897,16.660560517109658],[107.43078683271133,16.660469461761988],[107.43082202103835,16.660390475057024],[107.43098385414947,16.660044273132684],[107.43098865054394,16.66003465629198],[107.43114567094361,16.659798408455853],[107.43132441029496,16.659531407451393],[107.43137951237621,16.659448721939555],[107.43158999740034,16.659128953053884],[107.43179663423219,16.658806967323496],[107.43180723475362,16.658789924948223],[107.43202656546231,16.658447460351372],[107.43211519996763,16.658293977700822],[107.4322024562279,16.658065078194472],[107.43221388807437,16.658019492519387],[107.43222216174891,16.65799058004281],[107.43224200463703,16.657962786452682],[107.43238000959859,16.657792026659219],[107.43249229437312,16.657660276158872],[107.43260974347164,16.657539820404406],[107.43264667219913,16.657502925963456],[107.43286364157144,16.657332377951914],[107.43291562629358,16.657292231861984],[107.43321941408611,16.657042131987392],[107.43337894575183,16.656830363735367],[107.43345492460341,16.656728063187199],[107.43354731863657,16.656455867372898],[107.43355984531465,16.65644607661114],[107.43361693783817,16.656397347748705],[107.43363950370016,16.656377059239531],[107.43381784983102,16.656230910586984],[107.43448128725635,16.656855150575613],[107.43496826900824,16.657591279451065],[107.43506734234261,16.65893514150514],[107.43544814529122,16.659840537294283],[107.43598357542623,16.659992481094566],[107.43667913415305,16.659826063570701],[107.4376001325807,16.659009021365389],[107.43760194440439,16.659010389324742],[107.43770926743504,16.658952031810895],[107.43780173734737,16.658908001903502],[107.43789682224003,16.658867052155319],[107.43791391083401,16.658857880421561],[107.43793466178857,16.658846731630156],[107.43794634594197,16.65885832981872],[107.4382414335639,16.659125172558785],[107.43842202800529,16.659249237263822],[107.43842883419113,16.659253913033218],[107.43853833413277,16.65931683443052],[107.43863870045237,16.659361928260072],[107.43878943639589,16.659397308545017],[107.43895821487675,16.659418188846828],[107.43932969946606,16.659430489562137],[107.43959537819225,16.659430936723162],[107.43980620616374,16.659402047170936],[107.44014373753659,16.659323344198647],[107.44082626259396,16.659114087111533],[107.44109225733501,16.658972926822589],[107.44189008114141,16.658604748635348],[107.44471256789481,16.657319884567411],[107.44496287891494,16.657186629034651],[107.44496084094281,16.657048269990455],[107.44465055260066,16.649630202472451],[107.44458274246078,16.648008921948367],[107.45379000494502,16.64717487155642],[107.45415208059657,16.650237678146084],[107.45451281976096,16.654007791423236],[107.4545303070219,16.654288068647872],[107.45465238620272,16.655737261856061],[107.4547117828387,16.656446445940496],[107.45485578964913,16.657924743735858],[107.45485572242818,16.658003917900746],[107.4548022703822,16.658012949052505],[107.45456030787408,16.658057143727472],[107.45444574256965,16.658003045147627],[107.45438723989446,16.657935272342893],[107.45437517517327,16.657923801648025],[107.4543692858221,16.657914472672488],[107.45431903881267,16.657856263645986],[107.454219976018,16.657802205309547],[107.45413623823509,16.657810950950253],[107.45398047650316,16.65785238332284],[107.45374217115483,16.657918704091703],[107.45355529922485,16.657922158975506],[107.45355526949656,16.657922179199915],[107.45366576812198,16.658329403817323],[107.45391079612163,16.658977237957941],[107.45445280854673,16.658939472847266],[107.45446786426989,16.658972758685216],[107.45457836912458,16.659295509423888],[107.45458699408131,16.659318748259491],[107.45498304410954,16.659177992427651],[107.45550421660677,16.658967900683948],[107.45598163771029,16.65878091763205],[107.45616315365081,16.658706930092166],[107.45616371641511,16.658706750892797],[107.45626699489137,16.658651355427036],[107.45668322923154,16.658486078766568],[107.45708991095454,16.658317251795999],[107.45743577260424,16.658180418197496],[107.45782136849365,16.658031885791232],[107.45824766815016,16.657867093009759],[107.45828045357199,16.657899792393312],[107.4587086836142,16.658502320630472],[107.45920632846949,16.659227856319525],[107.45943444565373,16.659564593137532],[107.45925623162515,16.659764953947246],[107.45909691040347,16.659940810037046],[107.45913520203034,16.659982416218941],[107.45918723006349,16.660036483690028],[107.45970464142758,16.660612113515448],[107.46113678269377,16.66224828713651],[107.46649993296016,16.668987593556874],[107.46484020521652,16.669943112815666],[107.463200126253,16.671074797453127],[107.45987449082715,16.673019550068702],[107.4642473006644,16.682878211843068],[107.4644350111863,16.683330143363737],[107.46478127427817,16.684201663964121],[107.46464555872684,16.684350261792353],[107.46452848455458,16.684502222648725],[107.46438863680875,16.684618605218255],[107.46419626528352,16.684699763761479],[107.46398194732167,16.684809863629262],[107.46354835410105,16.685223707125303],[107.46315185581719,16.685629937146128],[107.46264840011439,16.686153174729011],[107.46258658116648,16.686217422218803],[107.46216712280686,16.686573736748034],[107.46174720277689,16.686894205656582],[107.46117209566137,16.687295389463948],[107.46053243064723,16.687883754250372]]]},"properties":{"OBJECTID":3,"maNhanDang":"025NAD03000001","ngayThuNhan":1734652800000,"ngayCapNhat":1737331200000,"maDoiTuong":"AD03","maDonViHanhChinh":"19834","ten":"xã Điền Hòa","dienTich":13.384,"soLuongMoLietSiChonCatBanDauTrenDiaBan":72,"soLuongMoLietSiDaTimKiemTrenDiaBan":64,"soMoLietSiDoGiaDinhChamSocQuanLy":64,"soMoChuyenDenTuDiaPhuongKhac":0,"soMoDaBanGiaoDiaPhuongKhac":0,"thongTinChung":null,"nguonCungCapThongTin":"BCĐ 515 tỉnh Thừa Thiên Huế","thoiGianCapNhat":"20/01/2025","donViCapNhat":"Cục Tác chiến/BTTM","soLuongMoLietSiChuaTimKiemQuyTapTrenDiaBan":8,"danSo":3565,"soMoLietSiTrongNghiaTrangLietSiDiaPhuong":6,"soMoCoHaiCot":64,"soMoKhongCoHaiCot":0,"soMoCoDuThongTin":0,"soMoCoMotPhanThongTin":68,"SHAPE_Length":20406.306697506541,"SHAPE_Area":13808879.691762434,"soMoChuaXacDinhDuocThongTin":2}},{"type":"Feature","id":4,"geometry":{"type":"Polygon","coordinates":[[[107.38641271379788,16.740621264900181],[107.38623791401099,16.740583583030858],[107.38566851853295,16.740460838411138],[107.38488902363503,16.740125146045706],[107.38438290079129,16.740033922078712],[107.38412073937684,16.740524760062463],[107.3837944084534,16.740329923382422],[107.38332304081601,16.740734793806258],[107.37749944270958,16.737578812010941],[107.37731443595739,16.737478546882148],[107.37686167368696,16.737272702852604],[107.37683221735456,16.737259310663759],[107.37683012789414,16.737258194731631],[107.37682574984535,16.737255856761614],[107.37617318484675,16.736907376099118],[107.37209847547868,16.734731329297997],[107.37108649672734,16.734190873267401],[107.36931791383492,16.733246326485794],[107.36906759929056,16.732788092899057],[107.36895131734602,16.732575222128052],[107.36865943871646,16.732040892947374],[107.36582251051337,16.726847265238671],[107.36578721469388,16.726783618737148],[107.36516999327105,16.725670631598614],[107.36504223777318,16.725416777232336],[107.36319330065659,16.721742764720595],[107.36312055899467,16.721598216817892],[107.36103112936524,16.718461091866427],[107.36115805213008,16.71837556736175],[107.35817565991442,16.714173499034622],[107.3577228181811,16.713256485397238],[107.35762164241068,16.713096308796729],[107.35757452048246,16.712988098783146],[107.35711569387924,16.711934460572056],[107.35708568638263,16.711865550991373],[107.35689063931027,16.711634741106089],[107.35629854078813,16.710590891176672],[107.35577718380296,16.709784035118187],[107.3557570828102,16.70980007454968],[107.35565313289204,16.7098830164616],[107.35531887271071,16.71013061589538],[107.35459269778471,16.710576279800005],[107.35449772068442,16.710634029564815],[107.35449255396263,16.710637170638922],[107.35421377952368,16.710212236718153],[107.35418888365118,16.71017211113567],[107.35415629216213,16.710139187040468],[107.35412979701552,16.710119071536464],[107.35373921806634,16.709500539546816],[107.35273168725045,16.707908858651699],[107.35157000425413,16.708870112321858],[107.35113644182464,16.708317696548107],[107.35122721828239,16.708205658177075],[107.35153243734321,16.707915372901383],[107.35172141439473,16.707653212235254],[107.3517226540813,16.707651492615714],[107.35189724412859,16.707326842338581],[107.35196305734654,16.707228618092515],[107.3522918058559,16.706737971812078],[107.35239977663522,16.706583009234407],[107.35267201405144,16.706192286798125],[107.35281524312369,16.705989772725932],[107.35293530085539,16.705820019235844],[107.35302632811849,16.70573817531427],[107.35307200814765,16.705697104202283],[107.35310088195217,16.705671143126455],[107.35342171976382,16.705441625630854],[107.35367972054458,16.705542463022208],[107.35418677317347,16.705740638846333],[107.35441688192284,16.705797770315492],[107.35456748644998,16.70583856421737],[107.35488501545012,16.705783566475944],[107.35506160620837,16.70553699264709],[107.35527020401058,16.705303920304175],[107.35543500486622,16.705153456163774],[107.35599238478822,16.704866309062403],[107.35617004579274,16.704792581262154],[107.35642215594629,16.704722784195532],[107.35658972110248,16.704634830615131],[107.35674146901719,16.704470574057758],[107.35695663333007,16.704219551079994],[107.35736782659097,16.703775085006487],[107.35750971179228,16.703684293593447],[107.35761882060859,16.70361447570512],[107.35831924122459,16.703295774014478],[107.35855623531963,16.703207026993425],[107.35864127910462,16.703164827316041],[107.35867788690865,16.703116608466136],[107.35868021653106,16.703053841284508],[107.35866682645411,16.702973328479846],[107.35852895408557,16.702096542943902],[107.35848894779245,16.701793898797227],[107.35847769046489,16.701708737421502],[107.35845105853301,16.701559660326158],[107.35839671436339,16.701425836993039],[107.35829222623913,16.701247772709038],[107.35795348424786,16.700800744688472],[107.357749424449,16.7003963868667],[107.35774684241834,16.700186088702544],[107.35783376274372,16.699993889081995],[107.35798066410227,16.699839248330701],[107.35803735876424,16.699609152238569],[107.35808202230882,16.699207106904712],[107.35814456430533,16.698605528261513],[107.3581962069406,16.698588294327418],[107.35827979453194,16.69855810617976],[107.3589013156397,16.698333641253289],[107.35927534403221,16.698095145000416],[107.35965280332209,16.697732323862581],[107.35991678538763,16.697418599327541],[107.36018443501402,16.696999669461427],[107.36063689145347,16.696282257560544],[107.36115012340639,16.695634797701871],[107.36121810699507,16.695549034408572],[107.36194407489131,16.694890639973746],[107.36281585233255,16.694393102845947],[107.36387519044425,16.693821717321143],[107.36455489287691,16.693544013021224],[107.36505673411254,16.693394644364012],[107.3657933206423,16.693270621038064],[107.36648476671915,16.693227141902728],[107.36756399461356,16.693205898333428],[107.36886550072252,16.693253242019615],[107.37116386499342,16.693333611655014],[107.37274817031222,16.693425988616145],[107.37328303047458,16.694190715633454],[107.37342074096608,16.69440628932503],[107.37348820043559,16.694511891621179],[107.37369406420738,16.694715075065314],[107.37386459766302,16.694814456244949],[107.37416866709907,16.694991655742534],[107.37430905787595,16.69511432717691],[107.37439513598463,16.695256743819879],[107.37444670542537,16.69555728928373],[107.37448599981589,16.695786296241135],[107.37451381328523,16.696075115452004],[107.37451838344042,16.696122571021739],[107.37453152197759,16.696259007595867],[107.3745182939593,16.696434228874139],[107.37449995719405,16.696677117805585],[107.37448890214547,16.696823553842258],[107.37450590677827,16.696995443352748],[107.37452775278075,16.697157717298328],[107.37458335718672,16.697278258968616],[107.37461795608554,16.697353260969169],[107.37487431501663,16.697908999629142],[107.37490063404438,16.697993933028982],[107.37490531131967,16.698009027279884],[107.37485707830903,16.698119523966248],[107.3747675649749,16.698336036437208],[107.37457213157441,16.698808743416105],[107.37444807419894,16.699108807853303],[107.37443809503355,16.699132945664445],[107.37441459924767,16.699238378689468],[107.37363300875228,16.699584441303646],[107.37320606555591,16.699827992830773],[107.37250614599213,16.700226256387985],[107.37254097440353,16.700520957533652],[107.37254416322024,16.70077904923075],[107.37255048743576,16.700865162746563],[107.3748507789457,16.699936919208398],[107.37517364723038,16.70047088774858],[107.37545132230306,16.700930111967125],[107.3755498251698,16.7010341432728],[107.37559526947997,16.701058106789795],[107.37576669311557,16.701148499846724],[107.37634316745105,16.701452479339906],[107.37666541020276,16.701662806603935],[107.37678500945354,16.701721631384743],[107.37683158534993,16.701751496589409],[107.37693020757857,16.701832367037376],[107.37727534857561,16.702115379249868],[107.37728717487545,16.702125076906565],[107.37743204473503,16.702356489973681],[107.37758141373214,16.7026468358894],[107.37772287948005,16.70306114075408],[107.37796950507203,16.703519498887758],[107.37808055026852,16.703685656299356],[107.37847391432216,16.704031135481738],[107.37889072841099,16.704403794229133],[107.3792701471845,16.704712993540742],[107.37936963689394,16.704973909452338],[107.37964743238292,16.705683488402045],[107.38039910630241,16.707071876085568],[107.38101302984688,16.707745870960846],[107.38149889896843,16.708275599932229],[107.38186425085543,16.708589179952455],[107.38248779234362,16.708948894794315],[107.38273230242037,16.709125903693678],[107.38278762615715,16.70916721267438],[107.38299625472956,16.709374864745918],[107.38485493087302,16.711029957090091],[107.38518932863361,16.711437511392131],[107.38519072963932,16.711439141981536],[107.38590041591097,16.712253738295644],[107.39100321170783,16.714948025698224],[107.40034825045058,16.715844133354086],[107.40219549143504,16.716033779263277],[107.40968994935825,16.716803017916053],[107.4102556674583,16.716861072253231],[107.4126993101909,16.717814651792494],[107.41368453758255,16.718890531020023],[107.4156472144472,16.720694483893066],[107.41648210113088,16.721434266561541],[107.41699707255749,16.721881715485438],[107.41690099769222,16.721961216247458],[107.4166375016453,16.722209274980553],[107.41647937347119,16.72232388974879],[107.41639073124702,16.722353956582555],[107.41632359447061,16.722340402163503],[107.4162413989439,16.722312683917302],[107.41612236577372,16.722314076645681],[107.41603372387013,16.722365304204949],[107.41597456902049,16.722394676295426],[107.41590761288039,16.722395459630135],[107.41581797737861,16.722367828251194],[107.41575855153673,16.722375692993513],[107.41569213726611,16.722419489937636],[107.41554506267366,16.722557440891741],[107.41547919012099,16.722644251467113],[107.41540542693362,16.72269530475371],[107.41533865219927,16.722710425803438],[107.41530738407349,16.72272477834467],[107.4152424795614,16.72275457069377],[107.41516091507411,16.722777035128153],[107.41511736136268,16.722863584579521],[107.41509316385245,16.72292399355339],[107.41507407849895,16.722971641326517],[107.414985797119,16.723051543405358],[107.41491189419538,16.723092566948008],[107.41480107185417,16.723154083778095],[107.41446800653554,16.723294209035913],[107.41433508641624,16.723374633726493],[107.41422385444399,16.723404614261653],[107.41413457869166,16.723405658011483],[107.41399994441983,16.723349871907512],[107.41373728698075,16.723149484713449],[107.41366529893948,16.723178528365963],[107.41348799287675,16.723342111446577],[107.41361398835366,16.723426083645741],[107.41375615289876,16.72348895244798],[107.41387581781878,16.723537743236371],[107.41401045314279,16.723593529397021],[107.41414472655181,16.723620639654015],[107.4142932472772,16.723597393630534],[107.41444104670104,16.723516794970177],[107.41447931458288,16.723494844265048],[107.41472176415624,16.723355772299261],[107.41511308258377,16.723114585263176],[107.41520853210861,16.723013088827493],[107.41526678427739,16.722912026529123],[107.41534027762182,16.722839466873221],[107.41545903933725,16.722816568172565],[107.41557762038325,16.72277933060991],[107.41571752698547,16.722662973931349],[107.41579183196681,16.722654934221559],[107.41582948168517,16.722690344230692],[107.4158151445348,16.722733531973304],[107.41576369955968,16.722784324282685],[107.41560566223239,16.722892541109879],[107.41506588808015,16.723358930964309],[107.41468042674958,16.723769739493893],[107.4141768684278,16.724158029455815],[107.41371775859247,16.724629447899233],[107.41320859838022,16.725065600934229],[107.41264506610372,16.725615913483317],[107.41244318098262,16.725833373832181],[107.41193871057234,16.726149969013498],[107.41166832662479,16.726344328300325],[107.41147248944689,16.726549766474985],[107.4112269783129,16.726749810170336],[107.41099374163073,16.726901878229413],[107.41068575586259,16.727102682580018],[107.40931716763656,16.728230015222753],[107.40847777491743,16.729034489596433],[107.40788799108439,16.729471572768361],[107.40735892875475,16.72980637083095],[107.40675516568686,16.730118137996389],[107.40647152805158,16.730358998766942],[107.40637700048978,16.730487024248003],[107.40631342126059,16.730559466737947],[107.40625916146858,16.730583999101],[107.4062091428018,16.73055112168824],[107.40609876411416,16.730452027774671],[107.40605609883018,16.730423406824865],[107.40599370481752,16.730381551951769],[107.40595808604712,16.730310266700346],[107.4059270066338,16.730205468033962],[107.40588630676837,16.730124681326163],[107.40582606787407,16.730068023075585],[107.40567715044835,16.730060198882981],[107.40555853237657,16.730095041749063],[107.40546035311924,16.730177446067387],[107.40537167438498,16.730226280035811],[107.4052923753232,16.730231984406991],[107.40523267633741,16.730218339945456],[107.40522215703446,16.730170661915725],[107.40523141680661,16.730117973087712],[107.40536801558785,16.72993474056058],[107.40546015488064,16.729766365244256],[107.40549343404817,16.729651256735092],[107.40557667334387,16.729564245298999],[107.40585238882674,16.729398510828972],[107.4061435234444,16.729275616569328],[107.40632159958349,16.729235300929535],[107.40642305165385,16.729199275742232],[107.40649536675774,16.729152841667119],[107.40655273488179,16.729074865629215],[107.40668867155938,16.728839058372003],[107.40681976778484,16.728612869051517],[107.4069214798879,16.728535996482574],[107.40688333488301,16.728543776115053],[107.40673303537223,16.72857442807787],[107.4066888967314,16.728583430178308],[107.40668169410219,16.728584898925074],[107.40658546808851,16.728640295324041],[107.40652261957972,16.728693760637213],[107.40641587782295,16.728842238510286],[107.40631835956142,16.728977216323884],[107.40622992160516,16.729045168179802],[107.40583988981409,16.729193114970169],[107.40554415474122,16.729344742595483],[107.40531803834098,16.729509898748653],[107.40530075509636,16.729537119122117],[107.40523169887705,16.72974512654848],[107.40516387883947,16.729874978487182],[107.40500743989608,16.730058442054879],[107.40479489683827,16.730238575546842],[107.40448971934696,16.730428550990162],[107.40443937202922,16.730451500786184],[107.40429635524848,16.730614041325406],[107.4042186147328,16.73074400770388],[107.40416579435633,16.730883243576944],[107.40409247436411,16.730970139046281],[107.40394505388953,16.731081796475603],[107.40379177474739,16.731121822442102],[107.40366819527584,16.731156721209594],[107.40353045516865,16.731249146120394],[107.40339749538349,16.731327175187538],[107.40321947632761,16.731372268265083],[107.40304545766359,16.73134083374784],[107.40287210984968,16.731263981672672],[107.40272529359687,16.731282816684896],[107.40262788155002,16.731352019833057],[107.40275897816852,16.731439770137793],[107.4029223456515,16.731511959047946],[107.4031221827758,16.731624353363944],[107.40330098218138,16.731641392013241],[107.40354838160944,16.731590710595245],[107.40373088146225,16.731507325067213],[107.40383318224906,16.731357952341053],[107.40390662239994,16.731280616205208],[107.40407442176974,16.731211740825],[107.40427162096377,16.731113843582602],[107.40442824128009,16.730944717484956],[107.40450060172076,16.730781353184039],[107.404554381211,16.730718585990175],[107.40466242075016,16.730631286828018],[107.40482011978199,16.730548189409774],[107.40493389895013,16.730522963059276],[107.40505735679946,16.730478504359631],[107.4051360562315,16.730425007353169],[107.40533899396151,16.730389182160955],[107.405562011542,16.73037224318913],[107.40562601001447,16.730333256520893],[107.40565498970997,16.730270779015537],[107.40566944954978,16.730237149995194],[107.40572394929765,16.730231734505036],[107.40577892803898,16.730264554247608],[107.40581436769669,16.730321501541958],[107.4058351675843,16.730397739870256],[107.40587610653633,16.730497643305309],[107.40592140582697,16.73054969622746],[107.40592619713364,16.730552087454736],[107.40599628470656,16.73058706337126],[107.40603154450031,16.730629672626126],[107.40601726470339,16.730677639650818],[107.40599814465013,16.730735222847937],[107.40593646641598,16.730799681293437],[107.40589572773155,16.730809312108747],[107.40568605520777,16.730901381639601],[107.40529315840436,16.731216662892962],[107.40475990989489,16.731712830383401],[107.40445851040499,16.731907543258277],[107.4041696599389,16.7321140595195],[107.40383883197836,16.732434590965241],[107.40302687619297,16.732957900559924],[107.40254231745551,16.733381796029075],[107.40230291325548,16.733575784592521],[107.40166505129289,16.734000274917445],[107.40132511790927,16.734226495572468],[107.40078415378086,16.734603243284866],[107.40048999265898,16.734881517697048],[107.40007377533159,16.735316563506828],[107.39976033811406,16.735541286028514],[107.39889240558212,16.736053283938961],[107.39849911243789,16.736338683891489],[107.39827127768702,16.736466807972782],[107.39798756587317,16.736589606650433],[107.39750844010426,16.736953678624705],[107.39697575268256,16.737497623369006],[107.39668688509867,16.737704132080658],[107.3963292911012,16.737869612337985],[107.39591694094491,16.738119378665608],[107.39562807116707,16.738325886150506],[107.39537012717408,16.738526057923739],[107.39514295973153,16.738707947636073],[107.39491153415105,16.739045239176271],[107.3947342656983,16.739250449327297],[107.39452539903418,16.739408225212319],[107.39381062204055,16.739836069387941],[107.39373138858357,16.739883496036661],[107.39278393366885,16.740486020356482],[107.3925135085512,16.74068035940973],[107.39217361050484,16.740773927297624],[107.39197694078885,16.740877668462549],[107.39188406088265,16.740926661899479],[107.39154079687661,16.741247321741493],[107.39150874990354,16.741280043825611],[107.39150312069479,16.741285791864513],[107.39126985938493,16.74152396410901],[107.39124446260034,16.741549895605541],[107.39118565237126,16.741609943450328],[107.3909531713042,16.741863591990285],[107.39089146604516,16.741888208083516],[107.39049875762311,16.742089936686583],[107.39035778940013,16.742223023118431],[107.38998217654954,16.742436503710035],[107.3897689975974,16.742646906029943],[107.38952125970278,16.742873181478867],[107.38949495836123,16.742897204630538],[107.38947481660364,16.742915601008942],[107.38946986760807,16.742920121642232],[107.38867406311013,16.742292174421046],[107.38865213353657,16.742274870494334],[107.388260402399,16.741985617003266],[107.38641271379788,16.740621264900181]]]},"properties":{"OBJECTID":4,"maNhanDang":"025NAD03000001","ngayThuNhan":1734652800000,"ngayCapNhat":1737331200000,"maDoiTuong":"AD03","maDonViHanhChinh":"19822","ten":"xã Điền Hương","dienTich":17.030000000000001,"soLuongMoLietSiChonCatBanDauTrenDiaBan":233,"soLuongMoLietSiDaTimKiemTrenDiaBan":14,"soMoLietSiDoGiaDinhChamSocQuanLy":16,"soMoChuyenDenTuDiaPhuongKhac":0,"soMoDaBanGiaoDiaPhuongKhac":21,"thongTinChung":null,"nguonCungCapThongTin":"BCĐ 515 tỉnh Thừa Thiên Huế","thoiGianCapNhat":"20/01/2025","donViCapNhat":"Cục Tác chiến/BTTM","soLuongMoLietSiChuaTimKiemQuyTapTrenDiaBan":8,"danSo":2401,"soMoLietSiTrongNghiaTrangLietSiDiaPhuong":5,"soMoCoHaiCot":0,"soMoKhongCoHaiCot":0,"soMoCoDuThongTin":0,"soMoCoMotPhanThongTin":21,"SHAPE_Length":22254.58226071707,"SHAPE_Area":17431487.328752436,"soMoChuaXacDinhDuocThongTin":0}},{"type":"Feature","id":5,"geometry":{"type":"Polygon","coordinates":[[[107.42795492030075,16.71298938848145],[107.42774701843211,16.71321888088643],[107.42760745867119,16.713459518984131],[107.42755625178869,16.713508753519321],[107.42737468357063,16.713683328043878],[107.42704906880489,16.713920178267152],[107.42660844874462,16.714214940991031],[107.42612980541993,16.714602218542758],[107.4259397335866,16.714756008485384],[107.42530549276539,16.713837034466916],[107.42520963123189,16.713703160290422],[107.42511376891345,16.7135692869645],[107.42505923457574,16.713492593527523],[107.42492467205163,16.713303984334388],[107.42461147028351,16.712865374057426],[107.42446756926412,16.712664178113386],[107.42417407206267,16.712253635275392],[107.42401793620486,16.712036138707887],[107.42331048672843,16.711046271894631],[107.42310843223797,16.710819609609256],[107.42299449029242,16.710604037112688],[107.42299449293525,16.710603132874152],[107.42289965976744,16.710145158525634],[107.42147318353021,16.703209553608492],[107.42137118925955,16.702715572436642],[107.42135941356077,16.702658537440104],[107.42023647683199,16.6971976093138],[107.42020980787068,16.697067909418383],[107.41986879337378,16.695511461070982],[107.41950204027235,16.695027961900415],[107.418734878408,16.694091500593508],[107.4181360614714,16.693361548112797],[107.41811906003433,16.693340805497321],[107.41748296630696,16.690921501123622],[107.41733374715851,16.690812116365834],[107.41707835816423,16.690697227108657],[107.41624439060129,16.690271081191941],[107.41610160565011,16.690173533083286],[107.41594504758632,16.690072965164966],[107.41583664088448,16.690017083358988],[107.41571764756593,16.689958550152504],[107.41560140412491,16.689889724060119],[107.41548736199076,16.689775538675374],[107.41535817569996,16.68961576654501],[107.41525078637305,16.689472049983042],[107.41515157706269,16.689351942508118],[107.41491839694882,16.689073043316228],[107.41479378881425,16.688887889347836],[107.41468825901144,16.688688241183034],[107.41463368226015,16.68853663065055],[107.41459848589901,16.688394654427825],[107.41458291579822,16.688273157517447],[107.41456654786579,16.688198558055486],[107.41455110295668,16.68812857005755],[107.41446168787263,16.688089838154252],[107.41431802204063,16.688094899514919],[107.41427049566298,16.688060714626619],[107.41420552521544,16.687904674325718],[107.41410837309222,16.687786903408746],[107.41398177326325,16.687615931378826],[107.41390113011043,16.687534223890356],[107.41390109032143,16.687534190028796],[107.413780778968,16.687446737766503],[107.41373963523334,16.687417540411623],[107.41373902528399,16.687417107615381],[107.41373896098311,16.68741706229671],[107.41369217922187,16.687383862196018],[107.4136056133344,16.687330390711352],[107.41353765823506,16.68729260486738],[107.41341815876265,16.687242464091476],[107.41338866920435,16.687232269161079],[107.41338670523491,16.687229246105396],[107.41332266488038,16.687202346388627],[107.41332268115082,16.687187819146097],[107.41332113639987,16.687161829928861],[107.41331612165196,16.68713543766231],[107.41330680014943,16.68710798546271],[107.41328996991379,16.687071603994728],[107.41326568412876,16.687025079488144],[107.41324294028499,16.686982077972107],[107.4132180760237,16.686937177131814],[107.4131819552332,16.686880000600297],[107.41313753349259,16.686818872237502],[107.41310161287952,16.686773305420164],[107.41309172508726,16.686760761738814],[107.41304983797743,16.686708914219238],[107.41301225712546,16.686662415557624],[107.41297550145562,16.686616620879043],[107.41293940860093,16.686571512204832],[107.41289893486177,16.686519585832094],[107.41285234914731,16.686458300153532],[107.41280172269244,16.686392205379377],[107.41273975680757,16.686314391373131],[107.41266566877768,16.686226562764826],[107.41258851789659,16.686138355215867],[107.41251208480836,16.686051924203671],[107.41244226531838,16.685973968598471],[107.41237781648012,16.685903578813125],[107.41231389211447,16.685834648962171],[107.41225110416305,16.685766800650594],[107.41220572756022,16.68571646779116],[107.41219393908571,16.685703392481095],[107.41214818544999,16.685649077684534],[107.41211077151837,16.685601356483645],[107.41207660749299,16.685556291967103],[107.41204894150242,16.685516699834679],[107.41203023796268,16.685485380534637],[107.41201622923413,16.68545886180576],[107.41200357361626,16.685433518770559],[107.41200336498726,16.685433100259125],[107.41199135619443,16.685406498595061],[107.41198138609393,16.685379392602346],[107.41197350340096,16.685354095999337],[107.41196810234271,16.685336183047109],[107.41195054290988,16.685280344441392],[107.4119140317146,16.685204395901092],[107.41189919686823,16.685175972670518],[107.41187862245152,16.685135371944039],[107.41185605084168,16.685090589575736],[107.41183409650682,16.685044060228954],[107.41181375970321,16.684998268096617],[107.41179397413379,16.684957117981053],[107.41177484749007,16.68492030421119],[107.41177429084439,16.68491918878544],[107.41175691756176,16.684884377092299],[107.41174213393667,16.684852114169402],[107.4117325324073,16.684823527847485],[107.41172624094267,16.684796494580386],[107.41172066868913,16.684769788962246],[107.41171485316694,16.684744012074304],[107.41170723738361,16.684717648239644],[107.41169750984734,16.684689774289907],[107.41168668768175,16.684661231096712],[107.41167263901981,16.684631370539485],[107.41165441065152,16.684600262442423],[107.4116339623056,16.684568803535573],[107.41161244672234,16.684536617251442],[107.41158799109978,16.68450181671734],[107.4115594623235,16.684464026713592],[107.41152893767247,16.684425595127173],[107.41149841005868,16.68438677695141],[107.411469680808,16.684347272973255],[107.41144284302104,16.684304120146599],[107.41141638288018,16.684257450834483],[107.4113900573775,16.684209783594433],[107.41136398882003,16.684161902883176],[107.41133999389828,16.684116602252537],[107.41131867256998,16.684076283847059],[107.4113090081359,16.684057765644393],[107.41129831331619,16.684037273966911],[107.41127940035423,16.683999248100555],[107.41126408756803,16.683968271283938],[107.41125116124496,16.683943296268982],[107.41123894775579,16.683920307460806],[107.41122737550658,16.68390002292421],[107.41121732611676,16.683883987890788],[107.41120930757671,16.683872577639505],[107.41120392576356,16.683866200634625],[107.41120083175031,16.68386289172048],[107.41119818671544,16.683859960579177],[107.41119470986173,16.683856540501935],[107.41119018820883,16.683852538219245],[107.41118517209969,16.68384811894769],[107.41118005594684,16.68384364393301],[107.41117522519659,16.683839432069828],[107.41117184518298,16.683836634149507],[107.41116489384683,16.683829758736991],[107.41111495972682,16.683804257420647],[107.41108440678725,16.683790902036947],[107.41104092077282,16.683772055248316],[107.41098546696072,16.683751523199106],[107.41091624733915,16.683730092837038],[107.41084071389957,16.683708527344745],[107.41079012640577,16.683694817270897],[107.41076892015329,16.683689069945888],[107.4106999537382,16.683670713239927],[107.41063337893553,16.683652642097641],[107.41058942215709,16.683640942282317],[107.41053338206639,16.683623576720329],[107.41048832289478,16.683593920115072],[107.41046826484566,16.683581454087754],[107.41043680379404,16.68355314850362],[107.41043013509179,16.68354504216693],[107.41039870738044,16.683506837680909],[107.41035627724109,16.68344930939929],[107.41031159590243,16.683388040511026],[107.41025948980035,16.683318982101461],[107.41019473634188,16.68323753750828],[107.41012236941853,16.683149694867087],[107.41005324192312,16.683068459237965],[107.40998543728068,16.682992039092774],[107.40991642014843,16.682915485798603],[107.40985762583553,16.682851317092712],[107.40981274246525,16.682801569465926],[107.40977423243821,16.682757003991579],[107.40977356091291,16.682756217798758],[107.40973686672612,16.682713258037762],[107.40969908269047,16.682669185430061],[107.40965732080745,16.682622094188947],[107.40959904219439,16.682560098174804],[107.40951308437442,16.682472401759863],[107.40940976677024,16.682368631509277],[107.40930334885068,16.682260736623824],[107.40919851271003,16.682148401531808],[107.40909307723952,16.68202435284805],[107.40898603289027,16.681891267097214],[107.40888681203222,16.681764502834113],[107.40878959111463,16.681638845274456],[107.40876780388639,16.681610792608783],[107.40876778293141,16.681610765753248],[107.40876776579258,16.681610744273197],[107.40868885957362,16.681509149144976],[107.40859837644405,16.681391717211199],[107.4085132443946,16.681282402460557],[107.40842593907946,16.681172938613841],[107.40835111464888,16.681080537620076],[107.40828127094399,16.68099684439607],[107.40820600671184,16.680908975862707],[107.40814299766706,16.680840433835495],[107.40808961897406,16.680788772885549],[107.40802954076923,16.680728247955948],[107.40796519857795,16.680656068365373],[107.40791162368181,16.680591801171524],[107.40785812002963,16.680525661461935],[107.40779408551963,16.680443016028512],[107.40773389630836,16.680357744159636],[107.40767854997191,16.680272946173979],[107.40761743135245,16.680176387308773],[107.40754973444857,16.680067391315909],[107.40747781400221,16.679952657782813],[107.40739345294742,16.679822476794822],[107.4072939709841,16.67967310816433],[107.40719035896008,16.679517525718506],[107.40709371234783,16.679373397529496],[107.4070096791817,16.679242114072917],[107.40694735695492,16.679137542058694],[107.40693427734571,16.679115594548133],[107.40687369842769,16.679008405196129],[107.4068720978519,16.679005572041451],[107.40681995213116,16.678908960885494],[107.40678630222183,16.678846064980057],[107.40676960154724,16.678814849086155],[107.40672557624337,16.678728309383164],[107.40668248531594,16.678645210370181],[107.40663686069895,16.678562745121024],[107.40660425089601,16.678502145951388],[107.40658943325215,16.678472739162068],[107.40658204336431,16.678459099200889],[107.40657388193151,16.678446189055823],[107.40655893853535,16.678420961560427],[107.40653204592699,16.678375886227546],[107.40653172427231,16.678375346171194],[107.40649566765039,16.678317899876284],[107.40645762686029,16.678257520087776],[107.40641939306033,16.678196168758596],[107.40638605499572,16.678134129988614],[107.40636032153812,16.67807323311936],[107.40633647140818,16.678010878078144],[107.40631354815498,16.677944402169551],[107.40630004100247,16.67789299250067],[107.40616964115871,16.67762271955905],[107.40584988989404,16.677015563197862],[107.40579176659881,16.677047021931799],[107.40562450436805,16.677151600607694],[107.40558464603592,16.67717528717257],[107.40554150104579,16.677196581100752],[107.40544224451463,16.677245567851894],[107.40527254095552,16.677362993618409],[107.40508937239795,16.677482949635014],[107.40504746312811,16.677507217287694],[107.40473181533396,16.677688332047676],[107.40428531063257,16.67799887607201],[107.40346776524821,16.678610897781272],[107.4029839854125,16.678929507141476],[107.40244068157966,16.679209036089119],[107.40203390535736,16.679384218797946],[107.40182685805581,16.679466628456979],[107.40171234131886,16.67950658412208],[107.4015676397307,16.679557310654147],[107.4013167774572,16.679645312115703],[107.4011014607576,16.679723308593999],[107.40090691420366,16.679792682036588],[107.40049236619595,16.679939158873005],[107.40041099043188,16.679965999927788],[107.4001331485868,16.680057451110251],[107.40007712722392,16.680075162653068],[107.39996867684469,16.680105787161196],[107.39994598986151,16.680112460187978],[107.39977979577799,16.680153690687987],[107.39909811860457,16.680417508574568],[107.39908511800738,16.68042391747376],[107.39886956876737,16.68052625538154],[107.39882520848934,16.680543043757474],[107.39866249901202,16.68060469594726],[107.39855301070196,16.680644348742096],[107.39843266485479,16.680686559950683],[107.39823569849419,16.680761901182265],[107.39816615946728,16.680785557366729],[107.39804685858869,16.680827106774473],[107.39798857044724,16.680846911763911],[107.39789065825724,16.680880180939358],[107.39774863625901,16.680929751156352],[107.3975757000721,16.680988016166005],[107.39750876270176,16.681010482144504],[107.39748847328278,16.681017864258436],[107.39739179266839,16.681054388067572],[107.39686202607882,16.681263915915657],[107.39681716955415,16.681300244865671],[107.39608176504214,16.681895841684778],[107.39532092034263,16.682559253252123],[107.39523041152249,16.682638171707321],[107.39506441515277,16.682287150670394],[107.39501556028414,16.68219486995244],[107.39462598442189,16.681459010887679],[107.39460539116627,16.681423127121295],[107.39439005147241,16.681047893522695],[107.39405466927667,16.680463482841958],[107.39347131982817,16.679450296142321],[107.39301867656386,16.678649228242406],[107.39300878587285,16.678631722368575],[107.3929953504492,16.678607945955896],[107.39211547180793,16.677058099829232],[107.39175590293976,16.676454185706636],[107.39168255886003,16.676331000375153],[107.39168479538226,16.676330278072708],[107.39188360700884,16.676266085255236],[107.39195519438364,16.676242970383058],[107.39228834198857,16.676142285284637],[107.39277353665513,16.675955359871349],[107.39304304753222,16.675851527611673],[107.39331359282777,16.675747702947909],[107.39398748521431,16.675489088040361],[107.39438220601947,16.675337605777365],[107.3947265701845,16.675205449278238],[107.39561490245762,16.674903686754437],[107.39592727580867,16.674804915034279],[107.39600399379941,16.674780656417468],[107.39603077502802,16.674764438968662],[107.39606993485202,16.674740726115019],[107.39612765674845,16.674660918933615],[107.39621773023231,16.674310015379778],[107.39630008371715,16.674118495635103],[107.39632471007853,16.674038773388958],[107.39628492035246,16.67384174792193],[107.39620722986795,16.673233982540062],[107.39618344288405,16.673044794203477],[107.3961400903205,16.67269998757585],[107.39612792681262,16.672423338755152],[107.39611458722449,16.6722472080397],[107.39608372456264,16.671839708984226],[107.39601279183776,16.671379532933503],[107.39591604212676,16.670811021995725],[107.39588808120067,16.670579329917583],[107.39585513696804,16.669933831157728],[107.39612208284126,16.669922770685297],[107.39643620535828,16.669905793676435],[107.39708516786968,16.669871626431721],[107.39791389961088,16.66979288608243],[107.39850542977084,16.6697467998371],[107.39910900806146,16.669685204158721],[107.3999054814323,16.669608350015306],[107.40052961553623,16.669538857334736],[107.40267511355933,16.669163757093653],[107.40544266288583,16.668267066025393],[107.40748986144526,16.667429572439374],[107.40874617289361,16.666635164259255],[107.41164157692778,16.66471978114868],[107.41304973235566,16.663415018493538],[107.41397041183676,16.662505828828294],[107.41410598135928,16.662097397914181],[107.41404664052907,16.661572572776791],[107.41419830369573,16.66104528976647],[107.41452176390226,16.660193914099263],[107.41506870421692,16.658933081553961],[107.41534387308583,16.658438262639969],[107.41619546314286,16.65763158415113],[107.41721728734876,16.656792678014433],[107.41731242483441,16.656933801812087],[107.41733750210423,16.656999495256709],[107.41747907882794,16.657370366441345],[107.41757084081064,16.658051407737034],[107.41762440300531,16.658753986004523],[107.41772884307778,16.659340945593698],[107.41780012882668,16.659824793289477],[107.41793350348242,16.660950966886631],[107.41790929680221,16.661577779313738],[107.41777445100875,16.662271965603672],[107.41822480120416,16.662588161129193],[107.41846693614254,16.66274924281829],[107.41849556903924,16.662767035264725],[107.41853555316959,16.662791842171931],[107.41862198729834,16.662845467042814],[107.41863040851499,16.662850642246049],[107.41879038054093,16.66268309745071],[107.41930793496084,16.662196291568577],[107.42025814763501,16.661330880568201],[107.42059676154869,16.661145217534976],[107.42089476853951,16.661119843752527],[107.42131143281337,16.661158488674911],[107.42169128285325,16.661187268062033],[107.42183080648861,16.661193756936342],[107.42227283670152,16.661253366322502],[107.42265536537811,16.661272415567833],[107.42329085806635,16.661249423731867],[107.42330410688668,16.661248690643689],[107.42348213532337,16.661238840623774],[107.42359583657314,16.66121267860845],[107.42364909707278,16.661436240172549],[107.42364729057755,16.661542394503311],[107.42356307333664,16.661834816511583],[107.42344569337932,16.662267736668138],[107.4234103343392,16.662644935196923],[107.42328210176977,16.663098744816036],[107.42321696249006,16.663424984758052],[107.42316878184181,16.663666287945482],[107.42314328757708,16.663896348757291],[107.42306709234116,16.664042040262832],[107.42305173630164,16.664199801888699],[107.42295746252528,16.664619156821654],[107.42291548186608,16.664970514216105],[107.42282036995545,16.665669611615723],[107.42272976050333,16.666106908531958],[107.42262296208114,16.666695026765659],[107.42258187402888,16.666748709480743],[107.42246370228098,16.667691621887069],[107.42239155600488,16.668175593524996],[107.42251519312107,16.66871921933161],[107.42415997961001,16.667967207326988],[107.42574190870462,16.667243917906621],[107.42616569997779,16.667050149395845],[107.42647308740413,16.66718329879205],[107.42660834455586,16.667276722820976],[107.42675366896407,16.667377099855401],[107.42699505291007,16.66763739412907],[107.42749321620606,16.668309750528447],[107.42812900209185,16.669142888629153],[107.42876018501646,16.669980711091721],[107.42940100114571,16.670828047105964],[107.43003199766835,16.671637579496153],[107.43054904244489,16.672304468656797],[107.43045517201791,16.672344063013508],[107.42863494747706,16.672912794873366],[107.42651506655524,16.673516015669211],[107.42540062382666,16.673732068545487],[107.42553925735687,16.673930268229853],[107.42590656624957,16.674408517493035],[107.4264004475269,16.675043452005898],[107.42675552384293,16.675506213605544],[107.42702090200743,16.675866791875439],[107.42730249367249,16.676223465174591],[107.42765349740742,16.67667015476728],[107.42770657098774,16.676705400729517],[107.42779454571321,16.676801740602656],[107.42805446312212,16.677108280436741],[107.42828981895131,16.677414146859274],[107.42839713248709,16.677521067554945],[107.42860256150557,16.677732678903915],[107.42860126612212,16.677824678394625],[107.4287648406886,16.6778536222875],[107.42920169528064,16.677904954141887],[107.42980402544185,16.678008529043478],[107.43003752253209,16.678034628569204],[107.43030616987504,16.678418480858173],[107.43086031756718,16.679274032692948],[107.43331953920391,16.682655274495325],[107.4355354423985,16.686484238319512],[107.43713351656527,16.690096425323755],[107.43889765854281,16.687941791096261],[107.43933221580831,16.688047162488747],[107.44168716437444,16.688685367483863],[107.44206940507878,16.68888980846625],[107.44222975866404,16.688996052486015],[107.4425094973918,16.689181394738625],[107.44266365103587,16.689283530213881],[107.44349512931207,16.690285632900522],[107.44403656737461,16.69093816928763],[107.44387681073121,16.691071967591437],[107.44375024451153,16.691220982588426],[107.44544811783813,16.693081564593466],[107.44573268366256,16.693431859561603],[107.44753062316265,16.695645090469434],[107.44795492082098,16.696163512819691],[107.44844156866864,16.696812633597219],[107.44831836642869,16.696909767142888],[107.44769953678382,16.697484708908306],[107.44740527514628,16.697745113425299],[107.4470672405684,16.697976161102535],[107.44665075297037,16.6983754335348],[107.44628271205272,16.698684509304577],[107.44622213663521,16.698724473128397],[107.44560028549522,16.699134725847749],[107.44480726671497,16.699663922418203],[107.4442250019916,16.700190624010812],[107.44377796578318,16.700626102927547],[107.44344052957706,16.700904938246566],[107.44299718080705,16.701143199530751],[107.44225052776821,16.70161560463767],[107.44217919901725,16.701660733088694],[107.44178083379686,16.702023934616157],[107.44138889416598,16.702404983729942],[107.44113694359099,16.702581232730914],[107.44094531117381,16.702625319984339],[107.44078429229087,16.702639170938156],[107.44058124937932,16.702761066926858],[107.44044965844205,16.702871663565279],[107.44017025333991,16.703106490086675],[107.43955115072021,16.703663491578222],[107.43923374177074,16.70405560753191],[107.43908036280085,16.704182891547308],[107.43874192655781,16.704384058058881],[107.43834883769929,16.704675492053976],[107.43790676277123,16.705015303856936],[107.43734412030066,16.705625408338879],[107.4371171855194,16.705819282445383],[107.43666716210434,16.706021761888227],[107.4360574805349,16.706345620452346],[107.43544356815816,16.706824877318457],[107.43509945504042,16.707067929306113],[107.43485266410333,16.707275863917264],[107.43468231581383,16.707419391392612],[107.43433344080572,16.7077760231284],[107.43400172244118,16.708018928536838],[107.43343739215503,16.708497595724427],[107.43305654224264,16.708851018012357],[107.43264623283528,16.709350574483018],[107.4323239753334,16.709576300336199],[107.43220375789844,16.709660506322127],[107.43128546512862,16.710291513739865],[107.4308236615654,16.710593305079929],[107.43049503289267,16.710836169555197],[107.43028520705622,16.710913324208288],[107.43016519378378,16.710983447964924],[107.43004019036297,16.711149229324459],[107.4297828126943,16.711388267693653],[107.42947115466443,16.711747442587093],[107.42930884201255,16.711904700668828],[107.42921918001501,16.711923679950271],[107.42917245947456,16.711906304144094],[107.42914371371879,16.711815059153384],[107.42914339048228,16.711814034094065],[107.42913904329104,16.711715498059249],[107.4291780147317,16.711610477409032],[107.42920080702051,16.711451873479838],[107.42918126387846,16.711377415629045],[107.42906181576787,16.711247370660789],[107.42891152310179,16.711129637953388],[107.42876837441155,16.711086508774994],[107.42859126754821,16.711096824071841],[107.42839108336129,16.711125950694765],[107.42829096457315,16.711127222172042],[107.42824877996813,16.711223317910719],[107.42825626377251,16.711324804379572],[107.42823948127712,16.711468400680467],[107.42818542660797,16.711606460568809],[107.42809387475756,16.711721060654313],[107.42795204854859,16.711782477052001],[107.42775412729969,16.711820652933284],[107.42762476584547,16.711864525078102],[107.42756260927524,16.711916869116585],[107.42727595444443,16.712250493895414],[107.42704026579877,16.712545577404459],[107.42701966726621,16.712576154055466],[107.42686561558675,16.712731500557371],[107.42680857161278,16.712761970530416],[107.42669299173998,16.712785662234111],[107.42690475239736,16.712804552456838],[107.42706532883106,16.712754866173317],[107.42726090846521,16.712531494513033],[107.42746964172822,16.712367717966139],[107.42762303541704,16.712240441701116],[107.42773280771503,16.712095751883496],[107.42797298975451,16.711967455627562],[107.42817620348926,16.711857517789788],[107.42835424153631,16.711718000785559],[107.42845138794769,16.711555534864267],[107.42850544148052,16.711417475846794],[107.42856100803573,16.71139889764131],[107.42862972796117,16.711439914568729],[107.42869980989435,16.711588465184349],[107.42870948680213,16.711863199723936],[107.42872057111823,16.712080053156065],[107.42872596834407,16.712185655144506],[107.42869179820899,16.712425054876206],[107.42866223876312,16.71253892739535],[107.42855171087669,16.712623875881185],[107.42828673195932,16.712752465201699],[107.42795492030075,16.71298938848145]]]},"properties":{"OBJECTID":5,"maNhanDang":"025NAD03000001","ngayThuNhan":1734652800000,"ngayCapNhat":1737331200000,"maDoiTuong":"AD03","maDonViHanhChinh":"19828","ten":"xã Điền Lộc","dienTich":13.401,"soLuongMoLietSiChonCatBanDauTrenDiaBan":119,"soLuongMoLietSiDaTimKiemTrenDiaBan":88,"soMoLietSiDoGiaDinhChamSocQuanLy":88,"soMoChuyenDenTuDiaPhuongKhac":0,"soMoDaBanGiaoDiaPhuongKhac":0,"thongTinChung":null,"nguonCungCapThongTin":"BCĐ 515 tỉnh Thừa Thiên Huế","thoiGianCapNhat":"20/01/2025","donViCapNhat":"Cục Tác chiến/BTTM","soLuongMoLietSiChuaTimKiemQuyTapTrenDiaBan":30,"danSo":4220,"soMoLietSiTrongNghiaTrangLietSiDiaPhuong":0,"soMoCoHaiCot":0,"soMoKhongCoHaiCot":0,"soMoCoDuThongTin":0,"soMoCoMotPhanThongTin":88,"SHAPE_Length":22853.309726925494,"SHAPE_Area":13756922.795097338,"soMoChuaXacDinhDuocThongTin":0}},{"type":"Feature","id":6,"geometry":{"type":"Polygon","coordinates":[[[107.42235273860476,16.717171121035612],[107.42225468009748,16.71726189588972],[107.42215087431667,16.717388587536508],[107.42200435055931,16.71756955555604],[107.42195604206015,16.717707190299485],[107.421890635023,16.717893539290102],[107.4217435081851,16.718026714103651],[107.42146641852931,16.718179337656366],[107.42104159744035,16.718417342200627],[107.42080125041201,16.718533683937171],[107.42047652430557,16.718842215051861],[107.42034209603922,16.718999139888709],[107.4202575642877,16.719179380524839],[107.42015965452075,16.719282102688894],[107.42007408074076,16.719372428743597],[107.41976090818095,16.719621375301863],[107.41924534955137,16.720039689994408],[107.41918399815823,16.72010067268225],[107.41833292057477,16.720946626399734],[107.41796030577585,16.721293556529726],[107.41766931801641,16.72142642157382],[107.41735509819385,16.721585450579784],[107.41699707255749,16.721881715485438],[107.41648210113088,16.721434266561541],[107.4156472144472,16.720694483893066],[107.41368453758255,16.718890531020023],[107.4126993101909,16.717814651792494],[107.4102556674583,16.716861072253231],[107.40968994935825,16.716803017916053],[107.40219549143504,16.716033779263277],[107.40034825045058,16.715844133354086],[107.39100321170783,16.714948025698224],[107.38590041591097,16.712253738295644],[107.38519072963932,16.711439141981536],[107.38518932863361,16.711437511392131],[107.38485493087302,16.711029957090091],[107.38299625472956,16.709374864745918],[107.38278762615715,16.70916721267438],[107.38273230242037,16.709125903693678],[107.38248779234362,16.708948894794315],[107.38186425085543,16.708589179952455],[107.38149889896843,16.708275599932229],[107.38101302984688,16.707745870960846],[107.38039910630241,16.707071876085568],[107.37964743238292,16.705683488402045],[107.37936963689394,16.704973909452338],[107.3792701471845,16.704712993540742],[107.37889072841099,16.704403794229133],[107.37847391432216,16.704031135481738],[107.37808055026852,16.703685656299356],[107.37796950507203,16.703519498887758],[107.37772287948005,16.70306114075408],[107.37758141373214,16.7026468358894],[107.37743204473503,16.702356489973681],[107.37728717487545,16.702125076906565],[107.37727534857561,16.702115379249868],[107.37693020757857,16.701832367037376],[107.37683158534993,16.701751496589409],[107.37678500945354,16.701721631384743],[107.37666541020276,16.701662806603935],[107.37634316745105,16.701452479339906],[107.37576669311557,16.701148499846724],[107.37559526947997,16.701058106789795],[107.3755498251698,16.7010341432728],[107.37545132230306,16.700930111967125],[107.37517364723038,16.70047088774858],[107.3748507789457,16.699936919208398],[107.37255048743576,16.700865162746563],[107.37254416322024,16.70077904923075],[107.37254097440353,16.700520957533652],[107.37250614599213,16.700226256387985],[107.37320606555591,16.699827992830773],[107.37363300875228,16.699584441303646],[107.37441459924767,16.699238378689468],[107.37443809503355,16.699132945664445],[107.37444807419894,16.699108807853303],[107.37457213157441,16.698808743416105],[107.3747675649749,16.698336036437208],[107.37485707830903,16.698119523966248],[107.37490531131967,16.698009027279884],[107.37490063404438,16.697993933028982],[107.37487431501663,16.697908999629142],[107.37461795608554,16.697353260969169],[107.37458335718672,16.697278258968616],[107.37452775278075,16.697157717298328],[107.37450590677827,16.696995443352748],[107.37448890214547,16.696823553842258],[107.37449995719405,16.696677117805585],[107.3745182939593,16.696434228874139],[107.37453152197759,16.696259007595867],[107.37451838344042,16.696122571021739],[107.37451381328523,16.696075115452004],[107.37448599981589,16.695786296241135],[107.37444670542537,16.69555728928373],[107.37439513598463,16.695256743819879],[107.37430905787595,16.69511432717691],[107.37416866709907,16.694991655742534],[107.37386459766302,16.694814456244949],[107.37369406420738,16.694715075065314],[107.37348820043559,16.694511891621179],[107.37342074096608,16.69440628932503],[107.37328303047458,16.694190715633454],[107.37274817031222,16.693425988616145],[107.37366728869686,16.693391079339495],[107.3744692181871,16.693317520904905],[107.37526152047261,16.693061235592317],[107.37682877721863,16.692126294752718],[107.37683156950129,16.692124639379848],[107.37699406805312,16.692027703637294],[107.37764743093231,16.691613677283076],[107.37916372187279,16.690716989557718],[107.3805534563526,16.689998322490261],[107.3831816231844,16.688821391947982],[107.38360858499874,16.688610805990646],[107.38416860999541,16.688270782784141],[107.38472295664302,16.687866309916156],[107.38533858139691,16.687320439776691],[107.38546456947901,16.687200579991423],[107.38591471500622,16.686772329880149],[107.38610343370637,16.686484709564557],[107.38625672668357,16.686251113748501],[107.38651136766853,16.685622738912326],[107.38665271686813,16.685151719423398],[107.38672222466749,16.684850524657687],[107.38704407230651,16.683656598529481],[107.38704467545838,16.683653696411451],[107.38707941311456,16.683504578397216],[107.38711578531249,16.683341653155782],[107.38733126419051,16.682662379212204],[107.3874357097616,16.682428020404224],[107.38743715167031,16.682424510607628],[107.38748974056536,16.682296480733889],[107.38749002882174,16.682295844176796],[107.38755693150392,16.682139413897435],[107.38762544283657,16.681987474451081],[107.38763179609467,16.681972973229328],[107.387646257783,16.681944178173648],[107.3876971836829,16.681842775829459],[107.38828593041221,16.681164852006138],[107.38909547811261,16.680460002936101],[107.38935169941497,16.680248844012596],[107.38941147452803,16.680196723111322],[107.38951420314838,16.680107147648854],[107.38952454629782,16.680097428598867],[107.38952836784655,16.680094079211518],[107.38953516509382,16.680088472385673],[107.38941785976876,16.679337414650352],[107.38949314775788,16.679162330201954],[107.38986125562151,16.678833209341921],[107.39038929723934,16.678256715569319],[107.39078089139639,16.67782022043718],[107.39078824564717,16.677777408245525],[107.39060430531646,16.677449195886869],[107.3904017250057,16.677056677655671],[107.39054506082253,16.676499173278355],[107.39091522322974,16.676434294253479],[107.39132710549433,16.676361371836585],[107.39150114449185,16.676330557914174],[107.39156350975433,16.676330710037522],[107.39168255886003,16.676331000375153],[107.39175590293976,16.676454185706636],[107.39211547180793,16.677058099829232],[107.3929953504492,16.678607945955896],[107.39300878587285,16.678631722368575],[107.39301867656386,16.678649228242406],[107.39347131982817,16.679450296142321],[107.39405466927667,16.680463482841958],[107.39439005147241,16.681047893522695],[107.39460539116627,16.681423127121295],[107.39462598442189,16.681459010887679],[107.39501556028414,16.68219486995244],[107.39506441515277,16.682287150670394],[107.39523041152249,16.682638171707321],[107.39532092034263,16.682559253252123],[107.39608176504214,16.681895841684778],[107.39681716955415,16.681300244865671],[107.39686202607882,16.681263915915657],[107.39739179266839,16.681054388067572],[107.39748847328278,16.681017864258436],[107.39750876270176,16.681010482144504],[107.3975757000721,16.680988016166005],[107.39774863625901,16.680929751156352],[107.39789065825724,16.680880180939358],[107.39798857044724,16.680846911763911],[107.39804685858869,16.680827106774473],[107.39816615946728,16.680785557366729],[107.39823569849419,16.680761901182265],[107.39843266485479,16.680686559950683],[107.39855301070196,16.680644348742096],[107.39866249901202,16.68060469594726],[107.39882520848934,16.680543043757474],[107.39886956876737,16.68052625538154],[107.39908511800738,16.68042391747376],[107.39909811860457,16.680417508574568],[107.39977979577799,16.680153690687987],[107.39994598986151,16.680112460187978],[107.39996867684469,16.680105787161196],[107.40007712722392,16.680075162653068],[107.4001331485868,16.680057451110251],[107.40041099043188,16.679965999927788],[107.40049236619595,16.679939158873005],[107.40090691420366,16.679792682036588],[107.4011014607576,16.679723308593999],[107.4013167774572,16.679645312115703],[107.4015676397307,16.679557310654147],[107.40171234131886,16.67950658412208],[107.40182685805581,16.679466628456979],[107.40203390535736,16.679384218797946],[107.40244068157966,16.679209036089119],[107.4029839854125,16.678929507141476],[107.40346776524821,16.678610897781272],[107.40428531063257,16.67799887607201],[107.40473181533396,16.677688332047676],[107.40504746312811,16.677507217287694],[107.40508937239795,16.677482949635014],[107.40527254095552,16.677362993618409],[107.40544224451463,16.677245567851894],[107.40554150104579,16.677196581100752],[107.40558464603592,16.67717528717257],[107.40562450436805,16.677151600607694],[107.40579176659881,16.677047021931799],[107.40584988989404,16.677015563197862],[107.40616964115871,16.67762271955905],[107.40630004100247,16.67789299250067],[107.40631354815498,16.677944402169551],[107.40633647140818,16.678010878078144],[107.40636032153812,16.67807323311936],[107.40638605499572,16.678134129988614],[107.40641939306033,16.678196168758596],[107.40645762686029,16.678257520087776],[107.40649566765039,16.678317899876284],[107.40653172427231,16.678375346171194],[107.40653204592699,16.678375886227546],[107.40655893853535,16.678420961560427],[107.40657388193151,16.678446189055823],[107.40658204336431,16.678459099200889],[107.40658943325215,16.678472739162068],[107.40660425089601,16.678502145951388],[107.40663686069895,16.678562745121024],[107.40668248531594,16.678645210370181],[107.40672557624337,16.678728309383164],[107.40676960154724,16.678814849086155],[107.40678630222183,16.678846064980057],[107.40681995213116,16.678908960885494],[107.4068720978519,16.679005572041451],[107.40687369842769,16.679008405196129],[107.40693427734571,16.679115594548133],[107.40694735695492,16.679137542058694],[107.4070096791817,16.679242114072917],[107.40709371234783,16.679373397529496],[107.40719035896008,16.679517525718506],[107.4072939709841,16.67967310816433],[107.40739345294742,16.679822476794822],[107.40747781400221,16.679952657782813],[107.40754973444857,16.680067391315909],[107.40761743135245,16.680176387308773],[107.40767854997191,16.680272946173979],[107.40773389630836,16.680357744159636],[107.40779408551963,16.680443016028512],[107.40785812002963,16.680525661461935],[107.40791162368181,16.680591801171524],[107.40796519857795,16.680656068365373],[107.40802954076923,16.680728247955948],[107.40808961897406,16.680788772885549],[107.40814299766706,16.680840433835495],[107.40820600671184,16.680908975862707],[107.40828127094399,16.68099684439607],[107.40835111464888,16.681080537620076],[107.40842593907946,16.681172938613841],[107.4085132443946,16.681282402460557],[107.40859837644405,16.681391717211199],[107.40868885957362,16.681509149144976],[107.40876776579258,16.681610744273197],[107.40876778293141,16.681610765753248],[107.40876780388639,16.681610792608783],[107.40878959111463,16.681638845274456],[107.40888681203222,16.681764502834113],[107.40898603289027,16.681891267097214],[107.40909307723952,16.68202435284805],[107.40919851271003,16.682148401531808],[107.40930334885068,16.682260736623824],[107.40940976677024,16.682368631509277],[107.40951308437442,16.682472401759863],[107.40959904219439,16.682560098174804],[107.40965732080745,16.682622094188947],[107.40969908269047,16.682669185430061],[107.40973686672612,16.682713258037762],[107.40977356091291,16.682756217798758],[107.40977423243821,16.682757003991579],[107.40981274246525,16.682801569465926],[107.40985762583553,16.682851317092712],[107.40991642014843,16.682915485798603],[107.40998543728068,16.682992039092774],[107.41005324192312,16.683068459237965],[107.41012236941853,16.683149694867087],[107.41019473634188,16.68323753750828],[107.41025948980035,16.683318982101461],[107.41031159590243,16.683388040511026],[107.41035627724109,16.68344930939929],[107.41039870738044,16.683506837680909],[107.41043013509179,16.68354504216693],[107.41043680379404,16.68355314850362],[107.41046826484566,16.683581454087754],[107.41048832289478,16.683593920115072],[107.41053338206639,16.683623576720329],[107.41058942215709,16.683640942282317],[107.41063337893553,16.683652642097641],[107.4106999537382,16.683670713239927],[107.41076892015329,16.683689069945888],[107.41079012640577,16.683694817270897],[107.41084071389957,16.683708527344745],[107.41091624733915,16.683730092837038],[107.41098546696072,16.683751523199106],[107.41104092077282,16.683772055248316],[107.41108440678725,16.683790902036947],[107.41111495972682,16.683804257420647],[107.41116489384683,16.683829758736991],[107.41117184518298,16.683836634149507],[107.41117522519659,16.683839432069828],[107.41118005594684,16.68384364393301],[107.41118517209969,16.68384811894769],[107.41119018820883,16.683852538219245],[107.41119470986173,16.683856540501935],[107.41119818671544,16.683859960579177],[107.41120083175031,16.68386289172048],[107.41120392576356,16.683866200634625],[107.41120930757671,16.683872577639505],[107.41121732611676,16.683883987890788],[107.41122737550658,16.68390002292421],[107.41123894775579,16.683920307460806],[107.41125116124496,16.683943296268982],[107.41126408756803,16.683968271283938],[107.41127940035423,16.683999248100555],[107.41129831331619,16.684037273966911],[107.4113090081359,16.684057765644393],[107.41131867256998,16.684076283847059],[107.41133999389828,16.684116602252537],[107.41136398882003,16.684161902883176],[107.4113900573775,16.684209783594433],[107.41141638288018,16.684257450834483],[107.41144284302104,16.684304120146599],[107.411469680808,16.684347272973255],[107.41149841005868,16.68438677695141],[107.41152893767247,16.684425595127173],[107.4115594623235,16.684464026713592],[107.41158799109978,16.68450181671734],[107.41161244672234,16.684536617251442],[107.4116339623056,16.684568803535573],[107.41165441065152,16.684600262442423],[107.41167263901981,16.684631370539485],[107.41168668768175,16.684661231096712],[107.41169750984734,16.684689774289907],[107.41170723738361,16.684717648239644],[107.41171485316694,16.684744012074304],[107.41172066868913,16.684769788962246],[107.41172624094267,16.684796494580386],[107.4117325324073,16.684823527847485],[107.41174213393667,16.684852114169402],[107.41175691756176,16.684884377092299],[107.41177429084439,16.68491918878544],[107.41177484749007,16.68492030421119],[107.41179397413379,16.684957117981053],[107.41181375970321,16.684998268096617],[107.41183409650682,16.685044060228954],[107.41185605084168,16.685090589575736],[107.41187862245152,16.685135371944039],[107.41189919686823,16.685175972670518],[107.4119140317146,16.685204395901092],[107.41195054290988,16.685280344441392],[107.41196810234271,16.685336183047109],[107.41197350340096,16.685354095999337],[107.41198138609393,16.685379392602346],[107.41199135619443,16.685406498595061],[107.41200336498726,16.685433100259125],[107.41200357361626,16.685433518770559],[107.41201622923413,16.68545886180576],[107.41203023796268,16.685485380534637],[107.41204894150242,16.685516699834679],[107.41207660749299,16.685556291967103],[107.41211077151837,16.685601356483645],[107.41214818544999,16.685649077684534],[107.41219393908571,16.685703392481095],[107.41220572756022,16.68571646779116],[107.41225110416305,16.685766800650594],[107.41231389211447,16.685834648962171],[107.41237781648012,16.685903578813125],[107.41244226531838,16.685973968598471],[107.41251208480836,16.686051924203671],[107.41258851789659,16.686138355215867],[107.41266566877768,16.686226562764826],[107.41273975680757,16.686314391373131],[107.41280172269244,16.686392205379377],[107.41285234914731,16.686458300153532],[107.41289893486177,16.686519585832094],[107.41293940860093,16.686571512204832],[107.41297550145562,16.686616620879043],[107.41301225712546,16.686662415557624],[107.41304983797743,16.686708914219238],[107.41309172508726,16.686760761738814],[107.41310161287952,16.686773305420164],[107.41313753349259,16.686818872237502],[107.4131819552332,16.686880000600297],[107.4132180760237,16.686937177131814],[107.41324294028499,16.686982077972107],[107.41326568412876,16.687025079488144],[107.41328996991379,16.687071603994728],[107.41330680014943,16.68710798546271],[107.41331612165196,16.68713543766231],[107.41332113639987,16.687161829928861],[107.41332268115082,16.687187819146097],[107.41332266488038,16.687202346388627],[107.41338670523491,16.687229246105396],[107.41338866920435,16.687232269161079],[107.41341815876265,16.687242464091476],[107.41353765823506,16.68729260486738],[107.4136056133344,16.687330390711352],[107.41369217922187,16.687383862196018],[107.41373896098311,16.68741706229671],[107.41373902528399,16.687417107615381],[107.41373963523334,16.687417540411623],[107.413780778968,16.687446737766503],[107.41390109032143,16.687534190028796],[107.41390113011043,16.687534223890356],[107.41398177326325,16.687615931378826],[107.41410837309222,16.687786903408746],[107.41420552521544,16.687904674325718],[107.41427049566298,16.688060714626619],[107.41431802204063,16.688094899514919],[107.41446168787263,16.688089838154252],[107.41455110295668,16.68812857005755],[107.41456654786579,16.688198558055486],[107.41458291579822,16.688273157517447],[107.41459848589901,16.688394654427825],[107.41463368226015,16.68853663065055],[107.41468825901144,16.688688241183034],[107.41479378881425,16.688887889347836],[107.41491839694882,16.689073043316228],[107.41515157706269,16.689351942508118],[107.41525078637305,16.689472049983042],[107.41535817569996,16.68961576654501],[107.41548736199076,16.689775538675374],[107.41560140412491,16.689889724060119],[107.41571764756593,16.689958550152504],[107.41583664088448,16.690017083358988],[107.41594504758632,16.690072965164966],[107.41610160565011,16.690173533083286],[107.41624439060129,16.690271081191941],[107.41707835816423,16.690697227108657],[107.41733374715851,16.690812116365834],[107.41748296630696,16.690921501123622],[107.41811906003433,16.693340805497321],[107.4181360614714,16.693361548112797],[107.418734878408,16.694091500593508],[107.41950204027235,16.695027961900415],[107.41986879337378,16.695511461070982],[107.42020980787068,16.697067909418383],[107.42023647683199,16.6971976093138],[107.42135941356077,16.702658537440104],[107.42137118925955,16.702715572436642],[107.42147318353021,16.703209553608492],[107.42289965976744,16.710145158525634],[107.42299449293525,16.710603132874152],[107.42299449029242,16.710604037112688],[107.42310843223797,16.710819609609256],[107.42331048672843,16.711046271894631],[107.42401793620486,16.712036138707887],[107.42417407206267,16.712253635275392],[107.42446756926412,16.712664178113386],[107.42461147028351,16.712865374057426],[107.42492467205163,16.713303984334388],[107.42505923457574,16.713492593527523],[107.42511376891345,16.7135692869645],[107.42530549276539,16.713837034466916],[107.4259397335866,16.714756008485384],[107.42583513264596,16.714840641399842],[107.42528408104263,16.715392029612477],[107.42473937861692,16.715857302578616],[107.42368152542741,16.716568277464958],[107.42358845803317,16.716630826572569],[107.42319834286903,16.716965222981695],[107.42250124889522,16.717700827479597],[107.42227643361763,16.718002539885497],[107.42185267018166,16.718324183130992],[107.4213238152366,16.718670958216478],[107.42068419772144,16.719084755713709],[107.42066077172217,16.719098875223967],[107.42057253231562,16.719080089058473],[107.42054713065119,16.719032587466888],[107.42056520152391,16.718990550856653],[107.42066311184523,16.718887827631168],[107.42082286509236,16.718772430623456],[107.42121056641611,16.71854083600369],[107.42151112198293,16.718332139582522],[107.42167802923441,16.718242581181851],[107.42185757346887,16.718141991481357],[107.4220167747192,16.718013352312155],[107.4220893941562,16.717921083668774],[107.42222152320245,16.717738960131712],[107.42229050549128,16.717643875133714],[107.42254688255177,16.717324193526455],[107.42263678033822,16.717078164944716],[107.42264372111373,16.717033226368098],[107.42266543840283,16.71689260454335],[107.4226020108015,16.716779822996333],[107.42247076674292,16.716697712617187],[107.42235290305271,16.716693119455442],[107.42223549198501,16.716724371256511],[107.42202032321475,16.716870294731084],[107.42185981704198,16.716925951263885],[107.4217607024417,16.716933087768261],[107.42158609216438,16.71689405073608],[107.42145876619296,16.716907032494717],[107.42134797562933,16.716995405273728],[107.42147144186104,16.717103779022008],[107.42168879766095,16.717131105888022],[107.42189345407023,16.717134681788306],[107.42202318960796,16.717097310279197],[107.42211527562347,16.717024530733642],[107.42226943109971,16.716956997758519],[107.42233747316581,16.716944250038839],[107.42237519809167,16.716985632428717],[107.42237663151444,16.717099141075447],[107.42235273860476,16.717171121035612]]]},"properties":{"OBJECTID":6,"maNhanDang":"025NAD03000001","ngayThuNhan":1734652800000,"ngayCapNhat":1737331200000,"maDoiTuong":"AD03","maDonViHanhChinh":"19825","ten":"xã Điền Môn","dienTich":16.338999999999999,"soLuongMoLietSiChonCatBanDauTrenDiaBan":96,"soLuongMoLietSiDaTimKiemTrenDiaBan":45,"soMoLietSiDoGiaDinhChamSocQuanLy":48,"soMoChuyenDenTuDiaPhuongKhac":0,"soMoDaBanGiaoDiaPhuongKhac":0,"thongTinChung":null,"nguonCungCapThongTin":"BCĐ 515 tỉnh Thừa Thiên Huế","thoiGianCapNhat":"20/01/2025","donViCapNhat":"Cục Tác chiến/BTTM","soLuongMoLietSiChuaTimKiemQuyTapTrenDiaBan":49,"danSo":2106,"soMoLietSiTrongNghiaTrangLietSiDiaPhuong":16,"soMoCoHaiCot":64,"soMoKhongCoHaiCot":0,"soMoCoDuThongTin":0,"soMoCoMotPhanThongTin":57,"SHAPE_Length":18990.943304040076,"SHAPE_Area":16466954.482636876,"soMoChuaXacDinhDuocThongTin":7}},{"type":"Feature","id":7,"geometry":{"type":"Polygon","coordinates":[[[107.40934181017086,16.556686107792814],[107.4081938937024,16.557433993612943],[107.40730820521848,16.55800576798141],[107.40621343072534,16.558712946399147],[107.40545860747278,16.559199326066874],[107.40468563060358,16.559707067975172],[107.40341469032636,16.560534098322783],[107.40196176999416,16.561484223293022],[107.40057453798244,16.56236765324989],[107.39936969435189,16.563170900426478],[107.39809010718191,16.563991727600488],[107.39671261160133,16.564896576251499],[107.39650708006145,16.565031622706027],[107.39529148546875,16.565816560299378],[107.39514088370048,16.565914353654637],[107.39506501874232,16.565963654702795],[107.39503949934404,16.565914239775779],[107.39491806434955,16.565673417509053],[107.39484558546486,16.565538649471417],[107.39479491676512,16.565411173377775],[107.39471394057179,16.565048128422958],[107.39466436939921,16.564911067956384],[107.39460405245171,16.564800697081406],[107.39453144099208,16.564687734073249],[107.39446025187129,16.564590110390444],[107.39438804054646,16.564489953744818],[107.3943252276073,16.564410789003666],[107.39427059441981,16.564352613930705],[107.39404542674606,16.564144384177997],[107.39392167139816,16.564017237558989],[107.39379009614791,16.563903804770998],[107.39371552554623,16.563839155066503],[107.39368393754073,16.56378285399521],[107.39368274617232,16.563714261501509],[107.39373197137769,16.563644008225772],[107.39381934887597,16.563628266927381],[107.39389042529655,16.563611936110551],[107.39395175150379,16.563567201905148],[107.39398247643624,16.563510087914345],[107.39399629330158,16.563436388011585],[107.39400008818608,16.563331391789422],[107.3939973152789,16.563229267777942],[107.39398668422028,16.563123144716908],[107.39396505094265,16.562999548526591],[107.39394130090632,16.562893839127987],[107.39392214500306,16.562817150622941],[107.39388623538859,16.562704448278268],[107.39389267330475,16.562533490244945],[107.3939671627771,16.562324143424082],[107.39411023240849,16.562267446251958],[107.3943372608916,16.562149001373946],[107.39452986810942,16.562011478926809],[107.39456002730621,16.561835348543891],[107.39455556780342,16.561673395581064],[107.39453741831136,16.561484293221685],[107.39454682062936,16.561383921735622],[107.39438993363078,16.561275023983026],[107.39396270411017,16.56105301276553],[107.39373727924783,16.56092828179694],[107.39362802845707,16.560867868723363],[107.39308373134386,16.560568702162811],[107.39269702065317,16.560334517062881],[107.39265054130948,16.56030627714663],[107.39268524064973,16.560296436927953],[107.39275908977302,16.560261860898205],[107.39291317332518,16.560188117851581],[107.39303305195064,16.560116172358519],[107.39325731402023,16.559983170936821],[107.39323024160787,16.559950920499194],[107.39312806049672,16.559748270351353],[107.39302222864464,16.559482446007728],[107.39243253452656,16.559063932809373],[107.39224675299171,16.558967162426686],[107.39204119697339,16.558929961539956],[107.39174336167778,16.558893819990136],[107.39137798148555,16.558776335064156],[107.39135123555792,16.558765415485201],[107.39102345241565,16.558610199654311],[107.39030154463441,16.558498346649039],[107.38945647413686,16.558388994129441],[107.38836135215011,16.558247285881794],[107.38817492907805,16.558123648283466],[107.38587442476508,16.557415790198892],[107.3852659101003,16.556927996668986],[107.38351582214183,16.557219723558156],[107.38234831483057,16.557918752001481],[107.38166136528739,16.558347408834219],[107.38130612213392,16.558622790385328],[107.3811208555726,16.558895513113807],[107.38092790215117,16.559256773074651],[107.38058831631642,16.559440566801857],[107.37856541236044,16.560131191373941],[107.37810164632785,16.560457670106402],[107.37808437512609,16.560469828417773],[107.37767781711558,16.560361963227606],[107.37755152835743,16.560327787884738],[107.37729445138952,16.560259515405839],[107.37682986418422,16.560135393874567],[107.37602241977805,16.559918789631745],[107.37547540935951,16.559777016984672],[107.37518220391217,16.559701023650781],[107.37383557509064,16.559351997773707],[107.37233136873547,16.558950866477208],[107.37197808944205,16.558858691558449],[107.37145961520442,16.558723414677573],[107.37125612738137,16.558670321816656],[107.37075163273879,16.558522153088091],[107.37047268998485,16.558440227905567],[107.37006180295732,16.558277596463611],[107.36987779922872,16.558164818719991],[107.36977466225844,16.558101605209934],[107.36953685846295,16.557907126346368],[107.36937423264393,16.557715503969394],[107.36912701501147,16.557424206281247],[107.36904026777613,16.557277258258758],[107.36898860246642,16.557189738905247],[107.36892676082461,16.557084981083356],[107.36886737823605,16.556984389505285],[107.36885371472852,16.556961243076845],[107.3685582914359,16.556512872369655],[107.36839011342418,16.556134757659603],[107.36821380147886,16.555699371825842],[107.36788241954945,16.554875263313704],[107.36767708796623,16.554364621725394],[107.36752908379397,16.554048533406679],[107.36748350813687,16.553951198982322],[107.36744796682231,16.55387529353408],[107.36740991649981,16.553794030832137],[107.36734281227169,16.553712810948433],[107.36724010878224,16.553588502056538],[107.36709298980266,16.553410434541728],[107.3670723626779,16.553388093331748],[107.36685248923418,16.553149940306984],[107.36679163120421,16.553084022392909],[107.36668460562149,16.552992591658064],[107.36646858703146,16.552808048616388],[107.36631266529356,16.55265652493237],[107.3657622369268,16.552458177418853],[107.36502503235089,16.552358990307798],[107.36482398449421,16.552332590688845],[107.3644949095594,16.552171406986012],[107.36419530668603,16.551988377804651],[107.36414320390355,16.551951919893465],[107.36409737100472,16.551945589768799],[107.36404494438034,16.551910990980577],[107.36384796432284,16.551793083789089],[107.36377929874592,16.551749551631563],[107.36376584824588,16.5517451730049],[107.36372229963668,16.551730997495323],[107.36354634599036,16.551684254855036],[107.36338271114954,16.551629417459399],[107.36324247264025,16.551580190885996],[107.36319263649574,16.551557546299936],[107.3631570731998,16.55152214897274],[107.36306249017146,16.551407915358418],[107.3629847785962,16.551305779541497],[107.36283567918471,16.551118994484202],[107.36271910122315,16.550957548986709],[107.36267620042058,16.550874469254278],[107.36264313382209,16.550792458695273],[107.3626452501462,16.550735633013296],[107.36265262170419,16.550690796623332],[107.36266747282968,16.55063335050194],[107.36271226921203,16.550515999854291],[107.36279440897242,16.550314080666773],[107.36281221910482,16.550248518730147],[107.36284410983936,16.550112476849666],[107.36284128637602,16.550024974336825],[107.36278185608415,16.549816947374971],[107.36266883368776,16.549608945266158],[107.36251687248709,16.549418049447926],[107.36246263317216,16.549347134364822],[107.36240441323598,16.549246919078737],[107.36239961107084,16.549240054758059],[107.36240304373399,16.54923552529949],[107.36215403156716,16.548952176492204],[107.36195470734678,16.548863611769594],[107.36157225536343,16.548833322875133],[107.3614643705648,16.548648959241643],[107.36143570441281,16.548602118321458],[107.36127814977667,16.548344670783759],[107.3610867897273,16.548204911457074],[107.36106062492367,16.548185802080777],[107.3608194922556,16.547919644903995],[107.36073521603629,16.547823965341987],[107.36054434290779,16.547607265140808],[107.36048411456579,16.547517276117691],[107.36039696355046,16.547387062220956],[107.36032972777852,16.547286601352695],[107.3601013921716,16.546945437485864],[107.35995045210545,16.546706688894009],[107.35985317814989,16.54655282573264],[107.35985227953191,16.546551404094682],[107.35969547757574,16.546272433949429],[107.35960523996992,16.546078650471323],[107.35947792231021,16.545805237975284],[107.35937395703647,16.545508844474806],[107.35930191519087,16.545256493820283],[107.3592341876889,16.545019256137696],[107.35918082310991,16.544866440277247],[107.35910324889227,16.544644294220596],[107.35906531944542,16.544559798457222],[107.3589973313199,16.544408343126484],[107.35888874366347,16.544166443774404],[107.35888656615757,16.544161593023912],[107.35888547933796,16.544159172595215],[107.35871676554109,16.543734444736732],[107.35870879154977,16.543710254664116],[107.35870081754983,16.543686063687669],[107.35866644969749,16.543581805530838],[107.35850836028879,16.543102224884695],[107.35845292809249,16.542934000112879],[107.35834240729729,16.5425985908727],[107.35818030181713,16.542105669304874],[107.35811394087887,16.541844700648568],[107.35808020915584,16.541509034198036],[107.35808011321731,16.54150807592292],[107.35805939564855,16.541332636208079],[107.35800972172152,16.541151945750443],[107.35865331112709,16.541019479041594],[107.35878214673154,16.541018021624183],[107.35904616932625,16.541129760368978],[107.35927200388716,16.541361437039431],[107.35945610360433,16.541421497211434],[107.35962976905952,16.541438652274842],[107.35984756743723,16.541417067033588],[107.36064956962635,16.541355499314697],[107.36105076068658,16.541326961961538],[107.36154786804008,16.541265249614558],[107.36172869713539,16.541242800209222],[107.36205562538612,16.541229536741767],[107.36229837329579,16.541222006131804],[107.36244662336722,16.541186864586482],[107.36281582057154,16.540981911695344],[107.36344035869728,16.540582854006146],[107.36378081147635,16.540459488943799],[107.3642144234246,16.54025380366739],[107.36480033102187,16.53974401708917],[107.36503827325384,16.539536987402322],[107.36581378904218,16.538921101476753],[107.36596827787855,16.538726784725572],[107.36688054364849,16.538168805962364],[107.36826767418341,16.537449392127183],[107.36849441686391,16.537755141156754],[107.3693513547091,16.537315187379367],[107.36942291796763,16.536996718908153],[107.3695736076167,16.536755995862951],[107.3697746736527,16.53660034118349],[107.37022345652412,16.536252916582875],[107.37054717261701,16.536072337032319],[107.3709222601864,16.536094758274032],[107.37119417626874,16.536048748154844],[107.37166978699534,16.535935786256275],[107.3719289052563,16.535849185307768],[107.37209504289088,16.5357576668527],[107.3723817699984,16.535395890648072],[107.37298763471306,16.53449066651196],[107.37325726489793,16.534087808370558],[107.37410896494568,16.533491629071307],[107.37475517568537,16.53288936083888],[107.37493482559894,16.532771721919048],[107.37501886509396,16.532834233124742],[107.37513737351721,16.532922382572458],[107.37528666577855,16.532973264473071],[107.37532296467002,16.532978399474207],[107.37555674555549,16.533011469011598],[107.37556685085323,16.532950829930495],[107.37562435127947,16.532769434177023],[107.37564860774465,16.532676944654678],[107.37562316764357,16.532568670581274],[107.37554934383749,16.53250366659702],[107.37547619120654,16.532457534813791],[107.37544237564913,16.532442346244721],[107.37535990528281,16.532390123582033],[107.37532190977925,16.532347891316945],[107.37527970346544,16.532286041201242],[107.37529278483863,16.532191790960052],[107.37533074512132,16.532115595307808],[107.37538288198547,16.532069007910053],[107.37544510509991,16.53201340771696],[107.3755298838207,16.531971132427806],[107.37556369755319,16.531960238780272],[107.37565932167942,16.531929432545656],[107.37577319831736,16.531875768876514],[107.37583174481699,16.531798995443186],[107.37585124448182,16.531736406549804],[107.37591053440077,16.531677528897379],[107.37598383696603,16.531609693074699],[107.37610098294334,16.53152553129306],[107.37614966575198,16.531492185441834],[107.3762098245596,16.531484408974706],[107.37623184520727,16.53148631623608],[107.37626393634166,16.53148909523637],[107.37640339723637,16.531541734313741],[107.3764803033134,16.531522710076189],[107.37654153317607,16.531472382897729],[107.37660218405114,16.531416073137894],[107.37664611030974,16.531377451648783],[107.37672373703231,16.531334688307403],[107.37682755519398,16.531292432318835],[107.37686820700375,16.531272821907336],[107.37689628595921,16.531244074699423],[107.37692224178264,16.531217690433017],[107.3769338500218,16.531202046875769],[107.37704636693353,16.531050416133226],[107.37705987181499,16.531029900010758],[107.37714878312866,16.530896373793091],[107.37719016932557,16.530836640231797],[107.37724974472269,16.530744389549128],[107.37729333660843,16.530680399584284],[107.37735240725675,16.530612244971046],[107.37737001543361,16.530596518572217],[107.37744770135042,16.530543946750939],[107.37746964009909,16.530532447418022],[107.3775393396425,16.530514134601436],[107.37757121515457,16.530510944781533],[107.37759288000827,16.530511949912903],[107.37765021148222,16.530530655155825],[107.37766199806858,16.530538220013391],[107.37773195913336,16.530605864396186],[107.3779169862283,16.530872088796301],[107.3780492975138,16.53107774317122],[107.37813885475343,16.531220049241337],[107.37835714062683,16.531595561466506],[107.37844134239784,16.531727765807293],[107.37856212520876,16.53191740572106],[107.37866766026164,16.532095354005776],[107.37878513174665,16.532265937558737],[107.37906942502015,16.532659056407685],[107.37909296062713,16.532688128513776],[107.37915362176714,16.532759215264303],[107.37915822204418,16.532763891788463],[107.37920985266938,16.53280396863234],[107.37926646156521,16.532835322023228],[107.37933254283071,16.532862905207416],[107.37936820841847,16.532874056645117],[107.37949045122662,16.532896496913917],[107.37967517051318,16.532908000377557],[107.37990973510898,16.532916081340026],[107.37997978607407,16.532925088783021],[107.38010805479165,16.532950618004001],[107.3801916229709,16.532975262440395],[107.38027991192477,16.533008677707674],[107.38042227975518,16.533073000596204],[107.38043233119524,16.533079414335521],[107.38056557037827,16.53318636242739],[107.38066888454505,16.533272065725892],[107.38086669556083,16.533444276477354],[107.38094136082157,16.53352313046809],[107.38096146057872,16.533541422226829],[107.38099645952893,16.533576692925866],[107.38104568425422,16.533635728907463],[107.38105736540129,16.533648719294195],[107.38111968423591,16.533706068298688],[107.38114022856065,16.533721892455493],[107.38114091331907,16.533722288431733],[107.38116788842223,16.533732143977417],[107.38129878042417,16.533770076006938],[107.38131242324953,16.533774492061042],[107.38140528345465,16.533797347848186],[107.38145490950662,16.533815731540152],[107.38150639705734,16.533827376730166],[107.3815300809938,16.533829802793107],[107.38155382841541,16.533827633741634],[107.38158432460428,16.53382793414794],[107.38159223609982,16.533827699282927],[107.38162942088142,16.533827168122258],[107.38167758549172,16.533832993953553],[107.38174265812592,16.533843432479387],[107.3817825976449,16.53384668012357],[107.3818827741043,16.533881840546282],[107.38189209917385,16.533886292314509],[107.38199781060055,16.5339658012632],[107.38206739876341,16.534015812202927],[107.38218212707426,16.534105323725775],[107.38222751369125,16.534147204519257],[107.38227681814803,16.534195299793428],[107.38228929452958,16.534210657700278],[107.38229273574682,16.534214894806354],[107.38233285555033,16.534276384893396],[107.38233577100445,16.534282192587387],[107.38235198977964,16.534339747897359],[107.3823587896228,16.534370788468674],[107.38236449779664,16.53441932293272],[107.38236422680005,16.534427686434324],[107.38235673949804,16.53448071125576],[107.3823543082253,16.534491230409127],[107.38233608637525,16.534525690454519],[107.38231739654168,16.534554298591182],[107.38231268208163,16.534559860098309],[107.38228986701668,16.534579548802444],[107.38224066228159,16.534616031178029],[107.38222191747161,16.534626200970923],[107.38214906184935,16.534646251603185],[107.38207901716629,16.534657569142677],[107.3819464803244,16.534665601237062],[107.38182684326986,16.534647644103231],[107.38180276656939,16.53464359385007],[107.38174027608184,16.534634720285457],[107.38171950977005,16.534637372039324],[107.38168289004784,16.534647558904595],[107.38165967767765,16.534657773340538],[107.38165132857331,16.534664247156876],[107.38162391073233,16.534693494198702],[107.38161988886776,16.534707952005085],[107.38161602713593,16.534744463024548],[107.38161984987427,16.534803215956678],[107.38162277055096,16.534809602643215],[107.38166886227502,16.534870928921865],[107.38170437894877,16.534912793342887],[107.38171277629881,16.534920475209741],[107.38177253576683,16.534965649047159],[107.38180949578314,16.534987457275651],[107.38185740089466,16.535008360022168],[107.38194164715722,16.535041849507998],[107.38196332612016,16.535050984919785],[107.3821282560599,16.535097729895604],[107.38217668249034,16.535112346591045],[107.38235137996807,16.535201327466005],[107.38243596004509,16.535251849897815],[107.38245639942996,16.535266503458125],[107.38256571917694,16.535383529814901],[107.38268709380981,16.535510243100308],[107.38270644925154,16.535527148390933],[107.38274889238031,16.535551063607478],[107.38277621690243,16.535566087431196],[107.38283523530248,16.535598542229984],[107.38288036797078,16.535623360741159],[107.38290873412555,16.535637410588262],[107.3829131307795,16.53563807580057],[107.38291899757739,16.535637353850898],[107.3830592894121,16.535511281682428],[107.38309198583538,16.535480555007464],[107.38319877785753,16.535317747334201],[107.38326749801109,16.535212981480509],[107.38314403207201,16.535166115994208],[107.38313607954156,16.535158589905134],[107.38309237595699,16.535073057055936],[107.38300605402847,16.534824099347208],[107.38299222838864,16.534789168906837],[107.38289460647698,16.534533770230542],[107.38281836743637,16.534317908450515],[107.38280293438602,16.534275618779471],[107.38272559186393,16.53405208664234],[107.38271180197857,16.53400083603319],[107.38269616762487,16.53385991483821],[107.38269630694049,16.533853412817365],[107.38270850180849,16.533800072252127],[107.38273224084288,16.533739097584473],[107.38275805280892,16.533704858854957],[107.38283934775542,16.533694191292156],[107.38284877070903,16.53369456332134],[107.38290358575757,16.533691724850723],[107.38297696813859,16.533688222579766],[107.38316260062165,16.533662546321832],[107.38316857887848,16.533661067907357],[107.38325684644144,16.533617794899687],[107.3833182240313,16.533582893206898],[107.38333795858112,16.533569522334723],[107.38339400614659,16.533523532514117],[107.38345490796306,16.533467585717396],[107.3834657466479,16.533456956942331],[107.38349898905477,16.533414898849244],[107.38354629342116,16.533351906890189],[107.38357061994869,16.533311876587018],[107.38366617229201,16.533121514450933],[107.38368623093318,16.53307772985336],[107.38370192487926,16.533041749391607],[107.3838613434322,16.532676264220349],[107.38395305666914,16.532425218943427],[107.3839741452112,16.532352069475159],[107.38403494742907,16.532159125171798],[107.38408735977336,16.531992810511877],[107.38408963704114,16.531987374390958],[107.38419133305349,16.531761055890357],[107.38421762756259,16.531713611937956],[107.38426624191992,16.531652408879147],[107.3842849721991,16.531635294245813],[107.38430539430917,16.53162119639553],[107.38436815300136,16.531589621052493],[107.38441065688959,16.5315776827197],[107.38447321677204,16.531568119462456],[107.38467645945707,16.531553497326481],[107.38472395402883,16.531557046529787],[107.38514957059306,16.531627627540615],[107.3852204123659,16.531637543802983],[107.3852412631571,16.531639589941381],[107.38531975266685,16.531638485626083],[107.38546507437567,16.531636439114351],[107.38549400668218,16.531632510279273],[107.3857926694003,16.531590490706503],[107.3857936437893,16.531590297992064],[107.38580348115926,16.531588357131636],[107.38590556610667,16.531556145509747],[107.38594331495631,16.531539455502831],[107.38614716859308,16.531410770465278],[107.386405792706,16.531244710969549],[107.3864258212337,16.531233047413799],[107.38669076244481,16.531087481635183],[107.38674714196529,16.531056505265987],[107.38687449609841,16.531002323125669],[107.38707260320902,16.530917887989638],[107.38743976538241,16.530782454267005],[107.38746677145572,16.530771926665],[107.38772707353132,16.530668908488551],[107.38776814719144,16.530652652580709],[107.38785007502256,16.5306125010272],[107.38788151332153,16.530597093408939],[107.38789853222623,16.530589877879844],[107.38790345865009,16.530587788984789],[107.38807887639464,16.530508510581672],[107.38809075017591,16.530500680044454],[107.38825459681129,16.530379479134371],[107.38849191793369,16.530187214296284],[107.38853740196228,16.530150462552829],[107.38865914876082,16.530044878770866],[107.3887205000506,16.529997365452335],[107.38875457966778,16.529970973624977],[107.38885853867572,16.529846662199169],[107.38894162896239,16.529718992608295],[107.38903784837392,16.529541464783534],[107.38905405402382,16.529500137678045],[107.38912408134551,16.529271733958566],[107.38912682213167,16.529259003475666],[107.38913481333046,16.5292218896439],[107.38917818927398,16.528973768661842],[107.38922060638554,16.528761122727936],[107.38923040506872,16.528716485088825],[107.38923449283952,16.528702413083888],[107.38924073237617,16.528680939796637],[107.38927331603668,16.528568780647511],[107.38928839779186,16.52853498487185],[107.38932868081299,16.528465948628238],[107.38936097374648,16.528423993751645],[107.38943159119074,16.52836000393259],[107.38943919676932,16.528354718135567],[107.38952845607231,16.528304162401913],[107.38965410258555,16.528241186371673],[107.38974923424742,16.52820264089944],[107.38990610433932,16.528159973630768],[107.39002125670984,16.528136949285201],[107.39014318706677,16.52811680385334],[107.39022086447032,16.528106693683121],[107.39027682102291,16.52809541227295],[107.39032348688627,16.528083828975639],[107.39038722729993,16.528061894760423],[107.39042601746058,16.528040425232074],[107.39044723373233,16.52802647676193],[107.39048459758149,16.527999982953503],[107.39050404070564,16.527982807302411],[107.39051675077998,16.527967926478215],[107.39059245619836,16.528025225779547],[107.39072445019616,16.528125129083804],[107.39081604465296,16.528204088875466],[107.39107284304635,16.528447694330506],[107.39125719313431,16.528603123230926],[107.39144219191154,16.528790815227833],[107.3914620146371,16.528820802763509],[107.39164108300909,16.528906849733026],[107.39289820277978,16.529455376300973],[107.39480347809747,16.528272744486181],[107.39487993326355,16.528209437608023],[107.39531408439939,16.527840727067698],[107.39596559635257,16.528249451747502],[107.39605219735294,16.528237412227682],[107.39660861002068,16.527805975250864],[107.39689994092737,16.527541676117821],[107.39696162208881,16.527469017181907],[107.3970698519949,16.527370195964334],[107.39721748247966,16.527223592887751],[107.39742031097509,16.52707073230329],[107.39757005460025,16.526967511639238],[107.39767300803203,16.526938619876621],[107.397752536673,16.526941108878724],[107.39787595152951,16.526959900012415],[107.39807085333987,16.527037184954327],[107.39820565466495,16.527069925243747],[107.39841400294124,16.527100708988268],[107.39854848068258,16.527147274629581],[107.39867921656908,16.527192111759064],[107.39886016447238,16.527298183758141],[107.39901852344678,16.52740798498246],[107.39917516151013,16.527498623626332],[107.39931789686638,16.527541055879038],[107.39955979583205,16.527598322156948],[107.39981053817064,16.527643865986338],[107.39991303013548,16.52764280550706],[107.39998714901041,16.527637867232329],[107.39999108380479,16.527637698217511],[107.40010696322295,16.527609654755697],[107.4002622038949,16.527485483157228],[107.40048624635449,16.527257945946907],[107.40059960455322,16.527075094197638],[107.40069098235742,16.526910976520348],[107.40079316818958,16.526766137990897],[107.40083916310623,16.526676082495424],[107.40086640125088,16.526623023680482],[107.40092298728506,16.526470553604195],[107.40098157083769,16.526338693490409],[107.40105714767454,16.526225045888641],[107.40113457012917,16.526151075657307],[107.40120955363636,16.526108274851651],[107.40128548525925,16.526092317291969],[107.40144375728995,16.52610876576729],[107.40149008752618,16.526122634365635],[107.40168356569758,16.526175512541204],[107.40198320398812,16.526192275664844],[107.40235823443197,16.526215941740663],[107.40268507859007,16.526220220981518],[107.40284582255659,16.526194563757283],[107.40288136435231,16.526152463166529],[107.40299459708098,16.525948283398847],[107.40315486611823,16.525589255349338],[107.40329458298416,16.525272190475352],[107.40336748815321,16.525173897068537],[107.40353824292809,16.52509106449288],[107.40403797016326,16.524929105651029],[107.40432255074208,16.524814697911847],[107.40442820564898,16.524759602528139],[107.4045175134268,16.524688737262242],[107.40461838955812,16.524572539762175],[107.40473904022842,16.524423505139687],[107.40487142326069,16.524266821391024],[107.4050164746567,16.524133760848944],[107.40518439087626,16.52402904961405],[107.40546765044243,16.523917257347616],[107.40558409025017,16.523857764424822],[107.40571744054097,16.523752413324672],[107.40592654419966,16.523596670287219],[107.40604477518642,16.523503023381185],[107.40618069359773,16.523445664198263],[107.40634899345828,16.523399150898822],[107.40644592297598,16.523378280227089],[107.40657013059867,16.523259979212899],[107.40667837715982,16.523122384666404],[107.40679984326418,16.522981392884539],[107.40695094987626,16.522858740015209],[107.40704403686746,16.522838400311478],[107.40710950882386,16.522811295177426],[107.40735864244277,16.522737719238442],[107.40749709674553,16.522708923039975],[107.40763165213998,16.522699274370325],[107.40784542610126,16.52270096441767],[107.40791367332146,16.522716069267489],[107.40799514021492,16.522758140321315],[107.40806785218143,16.522814465663682],[107.40807103008679,16.522817005282793],[107.40813299457037,16.522864714922676],[107.4081728644733,16.522938749464537],[107.40821689776175,16.523060961811442],[107.40828019198892,16.52319497695979],[107.40837813701614,16.523394517834188],[107.40846920294209,16.523515056376642],[107.40862350710086,16.523665233937706],[107.40878367705542,16.52376563545668],[107.40898705443935,16.523859471360147],[107.40918952091377,16.523975806741237],[107.40931763591152,16.52405090351602],[107.40944115929314,16.524126349502009],[107.40956557481219,16.524216708031243],[107.40972078939694,16.524283477326833],[107.40990687833587,16.524332802675808],[107.41006305166877,16.524361439412367],[107.41020597735015,16.524372054134094],[107.41029325159559,16.524353414179696],[107.41045274680074,16.524306329915106],[107.41057275684882,16.524304951859179],[107.41067417952621,16.524316173021685],[107.41081182710089,16.524371420124446],[107.41092641119106,16.524426140453237],[107.41698337811208,16.524112434919573],[107.41720070179502,16.524086834413119],[107.41729243149337,16.524087840535248],[107.41728446973451,16.524140711073887],[107.41718882380702,16.524205229321506],[107.41690698356709,16.524373803088686],[107.41680801976882,16.524501163002327],[107.41673584475451,16.524651868823167],[107.41664570395996,16.524742518523485],[107.41661750752375,16.524754459042445],[107.4163283663212,16.524957567584472],[107.41624613219329,16.525070018491416],[107.41612316714085,16.525156700385189],[107.41586172344823,16.525239578126016],[107.41568790151224,16.525309596918788],[107.41569842780162,16.525500620602934],[107.41577124006132,16.525552795442795],[107.41602235693547,16.525658208182733],[107.41622330770782,16.52570408091881],[107.41644521968466,16.525383549529707],[107.41666352993838,16.525354554142005],[107.41683887029249,16.5252031973328],[107.41708443855202,16.524953282275128],[107.41730893260258,16.524792509605195],[107.4173493113155,16.524704684448817],[107.41749966077818,16.524523462948913],[107.41758397742312,16.524306677500395],[107.41764148268308,16.524211580006131],[107.41772635249254,16.524079110375723],[107.41779986212805,16.524020485086954],[107.41787247273209,16.523936663038224],[107.41785987142782,16.523915174509177],[107.41819424016316,16.523636279127544],[107.41850067272219,16.523316658383443],[107.41865398299315,16.523297474747366],[107.41922926696414,16.523294828560395],[107.41929071538368,16.523295575116531],[107.41938777112193,16.52335589742745],[107.41955038752931,16.523417140703195],[107.41980655759421,16.523508484430639],[107.41996337639026,16.523516039852648],[107.42013070610294,16.523576906401431],[107.42020974127898,16.523587464735499],[107.42026076586667,16.523582311253403],[107.4203066214653,16.523589188488341],[107.42034586032068,16.523612450970671],[107.42035141465496,16.523659891198115],[107.42035175314709,16.523662255774902],[107.42036518010394,16.523755982902642],[107.42040583222921,16.523892859276113],[107.42047616947055,16.524090527964404],[107.42059204109245,16.524210678600394],[107.42073828044852,16.524323241317358],[107.42120960417076,16.524488928957933],[107.42143167006543,16.524591888012012],[107.42154407612898,16.524657315451261],[107.42157879489362,16.524671394579428],[107.4215895170794,16.524657127809757],[107.42160565544062,16.524623474406962],[107.42163703519701,16.524621509594127],[107.4216425411618,16.524609848902902],[107.42169006223385,16.524620499503825],[107.42181203959615,16.524493399021537],[107.42181482411208,16.524369846084191],[107.42160179982005,16.52429161112013],[107.42161304976089,16.524232333105875],[107.42164822084459,16.524121014669028],[107.421819964035,16.523697191100378],[107.42183642473547,16.523599285446519],[107.42193353127105,16.523622318700514],[107.42197778822923,16.523511522603663],[107.42205314136454,16.523525385744051],[107.42210705011581,16.523413848004083],[107.42214391867901,16.52343708433899],[107.42220614797999,16.523277457634254],[107.42224840462164,16.523237694545976],[107.42230462583404,16.523287019893719],[107.42226959745368,16.523334438727506],[107.42267392993999,16.523591454705034],[107.42264416785576,16.523648087728777],[107.42271488347711,16.523681285766916],[107.42278743794763,16.523700572115501],[107.42291626539765,16.523708085291855],[107.42328788714261,16.523740497614742],[107.42325432274306,16.523689318764117],[107.4234696255546,16.523568060486777],[107.42363595775316,16.52346009484549],[107.42375581954195,16.523347699635675],[107.42373963902715,16.523319713086913],[107.42385666520634,16.523152474255003],[107.42401396811762,16.522984063000742],[107.42409038309671,16.522930413623126],[107.42411231703316,16.522932444254135],[107.42413550257653,16.52291351242582],[107.42429238822267,16.522813056963486],[107.42432758372151,16.522756420279027],[107.42447933028978,16.522619378642688],[107.42470097863068,16.522445505096183],[107.42483861558802,16.522366061846466],[107.4248440368319,16.522189830451364],[107.42484473799679,16.522165062397875],[107.42504536584677,16.521933303475066],[107.4251409701418,16.521742337209112],[107.42518677462903,16.521525270111599],[107.42524340130159,16.521418601641681],[107.42534185693006,16.521330925331171],[107.42537976560328,16.521282760825166],[107.4254117425137,16.521242131151787],[107.4253876334122,16.521186776951911],[107.42550890746521,16.520738113235403],[107.42561200368814,16.520756705052751],[107.42563604693954,16.520742375468647],[107.42546320844646,16.520488605401415],[107.42545451746831,16.520497293315007],[107.42536012407682,16.520345484862958],[107.42531284475677,16.520316843541568],[107.42511180825302,16.520060239098306],[107.42508691729633,16.52002856803513],[107.42495580528575,16.520005795627053],[107.424909691564,16.519997752535449],[107.42469010497169,16.519868697316351],[107.42471275590779,16.519774035791674],[107.42474630472576,16.519640363501807],[107.42477799311371,16.519654042887694],[107.42498359717321,16.519667820219595],[107.42503764129714,16.519658164629099],[107.42536400646425,16.519609097744361],[107.42562889918696,16.519493449436347],[107.42567747683584,16.519485323292621],[107.42574321643886,16.519489904288545],[107.425774931481,16.519497917608113],[107.4258019434404,16.519521866779368],[107.42582635100611,16.519552244400849],[107.42583042373421,16.519557366749915],[107.42563244604133,16.519738720025799],[107.42566607031019,16.51986445212555],[107.4257364794496,16.51989006676299],[107.42577336837171,16.519928460802614],[107.42577505029075,16.519968287438189],[107.42576249368703,16.520002081888315],[107.42576013002694,16.520008442506501],[107.42572640538251,16.520043846956813],[107.42568278238421,16.520077262605803],[107.42563792584107,16.520113205607725],[107.42562404832347,16.520137433023773],[107.42562163535534,16.520141645224633],[107.42563082699129,16.520172901554336],[107.42564867286978,16.520189905059659],[107.42566146662217,16.520202093881174],[107.42570631342495,16.520220408675026],[107.4257569759056,16.520251815383563],[107.42578318406896,16.520257656071824],[107.42583396274193,16.520268972560626],[107.42585218544443,16.520273033468744],[107.42600126472395,16.520337578069018],[107.42601975521004,16.520347858793183],[107.42605920390486,16.520369791694026],[107.42607812327491,16.520396791419977],[107.42607671700281,16.520447340165472],[107.42601113519565,16.52066512046602],[107.42595061094725,16.520832751297185],[107.42589787464365,16.520973680819264],[107.42587575645804,16.521097534104619],[107.42587714696714,16.52120976670804],[107.42589149367406,16.521334065173399],[107.42590574686118,16.521457546316963],[107.42594532318539,16.521690526671286],[107.42595429113388,16.521832060575683],[107.42594464956115,16.521874851610672],[107.42603155626676,16.521845656203421],[107.42678927235271,16.521511804782968],[107.42701291830808,16.521459933009218],[107.42718960865996,16.521472816509824],[107.42737226756414,16.521467704155025],[107.42753888412484,16.521417966566158],[107.42769938268951,16.521374273636066],[107.42789629247731,16.521270407288924],[107.42805566963635,16.52113710206104],[107.42809879922902,16.521088657809425],[107.42819005143792,16.520986162138648],[107.42828280135075,16.520939431409211],[107.42830475305128,16.520928371480519],[107.42837313985345,16.520949690818476],[107.42839514345638,16.5210715322524],[107.42840300202187,16.521202317564956],[107.42845161341467,16.521428372848913],[107.4284835156558,16.521729478388657],[107.42851175091961,16.521876224826681],[107.42860112130771,16.521997518115167],[107.42898524366491,16.52200577132534],[107.42901272818359,16.521725567675212],[107.42922793055735,16.521607645746872],[107.42907762418676,16.521418174277386],[107.42962097391904,16.521417055947907],[107.42971350246627,16.521400780597194],[107.42996317759655,16.521152287388311],[107.43033870336974,16.520794638305382],[107.43068375194461,16.520466066266522],[107.43119254213491,16.519910565095291],[107.43122696973316,16.519897598123453],[107.43124014662668,16.519901995540568],[107.43136335568163,16.519943109209674],[107.43159604796892,16.520029366898896],[107.43167360611905,16.520073823260926],[107.43174158001581,16.520138087980801],[107.43178836644046,16.520223415449841],[107.4317965569049,16.520280162793849],[107.43179687880767,16.520355838588738],[107.43179825996992,16.520367653185374],[107.43180104658617,16.520391427528871],[107.4318264568071,16.520444669935465],[107.43189514267013,16.520534222655971],[107.43204090611222,16.520666539804349],[107.43211971944096,16.520733808038571],[107.43219254214847,16.52082227723108],[107.43223717145322,16.520876494311267],[107.43233585811222,16.520996384578769],[107.43241334888098,16.521090524463979],[107.43255442318628,16.521215111053934],[107.43270564677266,16.521364241463086],[107.4327663408307,16.521403382764635],[107.43281545379553,16.521414224573252],[107.43286648640782,16.521409068016322],[107.43291134254245,16.521408629175728],[107.43299010015635,16.521437164536149],[107.43312072642993,16.521508368382534],[107.43333656767516,16.521610845885835],[107.43348172270731,16.521675853196026],[107.43362399116819,16.521735204993078],[107.43378703359399,16.521792877276003],[107.43394385092996,16.521871480377929],[107.43406281625229,16.521938694113608],[107.43420369202248,16.52195518874866],[107.43423788327414,16.521962582847621],[107.43429253526514,16.521969535962086],[107.43432205903763,16.522000357662581],[107.43432824065094,16.522006810181121],[107.43438201908941,16.522088405933552],[107.43442243779181,16.522180240253157],[107.43445481910544,16.522284685491776],[107.43449761759346,16.522340757943446],[107.43456976204865,16.522385668210163],[107.43473192658594,16.522458555323578],[107.43483610409844,16.522554184868621],[107.43487584883076,16.522590666610895],[107.43508395636776,16.522772537524119],[107.43512709918249,16.522832821542735],[107.43514676436502,16.522887222518651],[107.43517459265176,16.522949192835021],[107.43520506911221,16.523017059770329],[107.43526965486696,16.523164698414799],[107.43531484331854,16.523239944427893],[107.43541263637552,16.523301470435346],[107.43558754495773,16.523093254093823],[107.43576573693792,16.522899053933429],[107.43597255647359,16.522676690347488],[107.43618462184699,16.52248616848534],[107.43638887800358,16.522323486397063],[107.43657816550036,16.522195682258612],[107.43686013416706,16.522031229874088],[107.43720392515881,16.521839688562334],[107.43728716989293,16.521804063727512],[107.43729376755468,16.521770834318794],[107.43728038968726,16.521696488273548],[107.43729684874636,16.521683709358744],[107.43737305081559,16.521573031258423],[107.43745461179664,16.52148801500627],[107.43747982397579,16.521447968634323],[107.4374973392999,16.521393929551383],[107.43749666947349,16.521269371898399],[107.43747507131212,16.521206254251624],[107.43736650730347,16.521095621849671],[107.43724216399022,16.521025061071043],[107.437023415203,16.520952429148181],[107.43698995412312,16.520935900833379],[107.43670190955316,16.520705179951683],[107.43645219474425,16.520505151892088],[107.43619638710057,16.520439350610179],[107.43567923928141,16.520302617561292],[107.43549187794609,16.520177393594317],[107.4352005323221,16.519891384604961],[107.43483761625477,16.519543801069741],[107.43444184383179,16.519370437669295],[107.4345239170481,16.519049116614074],[107.43480826212658,16.519164452880577],[107.43506771255534,16.519256349139987],[107.43541310297172,16.519335377418869],[107.4355870621506,16.519475731222926],[107.43568693516755,16.519593219360932],[107.43623882338569,16.519938703252052],[107.43654410431431,16.519716650066457],[107.43653181166658,16.519584922013678],[107.43656344204764,16.519483369424467],[107.43660409563256,16.51931627843269],[107.43661486115207,16.51927034591359],[107.43663470757534,16.519178105792609],[107.43673696149247,16.519018735367709],[107.43683321500083,16.51880593190284],[107.43687090672304,16.518688128449842],[107.43688121866293,16.518656356089643],[107.43693834942816,16.518606291655757],[107.43715265946555,16.51855104818074],[107.43721261095087,16.518519824508239],[107.43733583625641,16.518469622437756],[107.43777295037323,16.518216223903224],[107.43800527382727,16.518106723371034],[107.43829968302562,16.518043958234184],[107.43849674988645,16.518065386337497],[107.43859632577207,16.518159145604368],[107.43880598834583,16.51820415799288],[107.43894186277386,16.518250031348142],[107.4390780351729,16.518319632854272],[107.43916501579828,16.518389808134827],[107.43920339952051,16.518508011954061],[107.43920444225786,16.518591057200144],[107.43908190795766,16.518628084720888],[107.43894737375079,16.518688983202882],[107.43887447903478,16.518761026434699],[107.43887611742235,16.51889152549062],[107.43886501028166,16.518986577665427],[107.43875566800278,16.519094643391814],[107.43855979149927,16.519168123281336],[107.43832672268528,16.519218306610171],[107.43817914546324,16.51922003038333],[107.43800652408321,16.519186450743689],[107.43790799100267,16.519175736546813],[107.43771300725089,16.51932039689104],[107.43751861867516,16.51951251182982],[107.43748529711087,16.519797668380541],[107.43749923251598,16.519928023953721],[107.43757495682817,16.520081388820564],[107.43768698024162,16.520186868045332],[107.43776255687236,16.520328369566084],[107.43799062483892,16.520859643850894],[107.43812813922129,16.521036017510074],[107.43821512091837,16.521106193053793],[107.43838759419657,16.521127909069723],[107.43842791447932,16.521400339413333],[107.43896784723522,16.521299108466039],[107.43892739891251,16.521961805720192],[107.43894019547187,16.522137156405368],[107.4389869694176,16.522257743499452],[107.43906383797248,16.522467515725225],[107.43903779448006,16.522532240429904],[107.439024326241,16.522622031323174],[107.43904458003506,16.522745439499964],[107.43908184952885,16.522848198812252],[107.43912709269803,16.523012249249685],[107.43912539419668,16.523081377616194],[107.43920612106439,16.523621921443567],[107.43928333865924,16.523893920107209],[107.43938351436003,16.524035132251637],[107.43940975077453,16.524165344578073],[107.43932515154275,16.524284985700916],[107.43921535992736,16.524357460538312],[107.43917980582557,16.524464664309168],[107.43918332561411,16.524494913806752],[107.43919265205588,16.524544090201204],[107.43922047326957,16.524609773365594],[107.43926903478749,16.524662588556541],[107.43932836438057,16.524782577035751],[107.43934335976719,16.524812800783117],[107.43935785357641,16.524887032340278],[107.43933103790241,16.524992421315282],[107.43932839764599,16.524998198121345],[107.43928946124851,16.5250834919628],[107.43932841785337,16.525153813496761],[107.43933056078959,16.525157795522308],[107.43938625285136,16.525271990204125],[107.43934182173999,16.525345973832621],[107.43932840037776,16.525354433027161],[107.43928418926161,16.52538242123638],[107.43921677097754,16.525449050530749],[107.43919336684634,16.525544246439836],[107.43921915544801,16.525638867333544],[107.43930628882048,16.525720906179984],[107.43950366167617,16.5257660595834],[107.43966354285064,16.52576419041813],[107.44003369191732,16.525609801452195],[107.4404551742826,16.525347894277974],[107.44088361978714,16.525055604396822],[107.44091992406749,16.525113339190877],[107.44092478203045,16.52512106977947],[107.44093309119982,16.52513427649653],[107.44101742221984,16.525268384167468],[107.44109023547927,16.525400716931998],[107.44104358209472,16.525400817346039],[107.44099091343506,16.52543327321678],[107.44111109073285,16.525755281173051],[107.44113939941845,16.525804924570693],[107.44110011227939,16.52582986017589],[107.44093582539809,16.525890211509932],[107.44089264872869,16.525892834821427],[107.44087759967671,16.525897402734405],[107.4409129349978,16.525989258625387],[107.44094688330482,16.52609100568483],[107.44096477418962,16.526169845716936],[107.440916453133,16.526185910812067],[107.44084101604692,16.526216443390346],[107.44077689896032,16.526242840076602],[107.44056496518429,16.52633210782826],[107.44057967026679,16.526356195059947],[107.44069021161373,16.526520257951383],[107.44072822910509,16.526552531057032],[107.44075055198441,16.526524016301124],[107.44100094436568,16.526427241818887],[107.44101312467137,16.526423677603656],[107.44102754570223,16.526480955622699],[107.44107657275381,16.52662650916702],[107.44115217982011,16.526787794460986],[107.4412041441829,16.526889218655615],[107.44120663460299,16.527026739687955],[107.44102758558665,16.527118581575056],[107.44103534477546,16.527137118800695],[107.44107386534951,16.52722912795285],[107.44108091270341,16.527280349732276],[107.44108993355883,16.527290269097673],[107.44111412837299,16.527340552261158],[107.44116105493696,16.527337117182288],[107.44119160201849,16.527334777035065],[107.44119132947914,16.527338051098234],[107.44118573098659,16.527405339800378],[107.44118468811648,16.527405588668067],[107.44115120434657,16.527413588066107],[107.44109586514679,16.527426805921365],[107.44100301269619,16.527463517733583],[107.44103302543289,16.527562497873792],[107.44105590799812,16.527612605794967],[107.44112279288149,16.527611104253086],[107.4411644243982,16.527611651467186],[107.44116507064928,16.52761166016575],[107.44115567157104,16.527700654634728],[107.44115314776724,16.527724553145859],[107.44115269997629,16.527730869790691],[107.44114992543854,16.52777005428592],[107.44114155641192,16.527888315592193],[107.44113654826242,16.527958763478161],[107.44113029712076,16.528046462810241],[107.44112966581233,16.528055313571567],[107.44109739408505,16.528057684740929],[107.4409804092848,16.52807130675119],[107.44091685886262,16.527890696875023],[107.44091855919248,16.527856713540071],[107.44080320435638,16.527681549561482],[107.44072784439741,16.527581127915699],[107.44060923562586,16.527351941615681],[107.44040072429527,16.527426985584061],[107.44040854252427,16.527444710074544],[107.44048829860176,16.527625643717858],[107.44051248913344,16.527674029165269],[107.44051759011212,16.527691998612031],[107.44042628523397,16.527711717141152],[107.44036908437587,16.527727106465203],[107.44034310122626,16.527670501993509],[107.44026988846619,16.52748810427444],[107.44026330435247,16.527474170075291],[107.43982373901336,16.527621430575504],[107.43979282971637,16.52763243658277],[107.43965438172762,16.527707830384809],[107.4396296763925,16.527724581132965],[107.4396246309208,16.527713407493703],[107.43950251750773,16.5273812445446],[107.43932375883749,16.527401269621784],[107.43932760067074,16.52768312275024],[107.43933501375534,16.527688880486956],[107.43937955535755,16.527690437355687],[107.43945223903457,16.527715040995144],[107.43950684226303,16.527797947732239],[107.43950223928471,16.527987212937244],[107.43950174571927,16.528138941009491],[107.43951710046838,16.528262272570874],[107.43955187462896,16.528360073608948],[107.43966006435629,16.528466023081233],[107.43975059453668,16.528646841883116],[107.43976601743788,16.528837497928052],[107.43978075634699,16.529018655554115],[107.43978773182111,16.529075127365143],[107.43977425695887,16.52912494789145],[107.43981348115325,16.529278309842603],[107.43981623694054,16.529378437267116],[107.43990730092705,16.529624322144628],[107.43995889438536,16.529705223289255],[107.44002926309916,16.529909004858023],[107.44007927765986,16.530066327066415],[107.4401246622334,16.530250222702907],[107.44014975803805,16.530371266835314],[107.44020199296482,16.530600158245115],[107.4402317691321,16.530758510202144],[107.44026078716723,16.530913163842293],[107.44030040341062,16.53103119265819],[107.4403750296583,16.531051915957068],[107.44042387068231,16.531024972553183],[107.44050833109912,16.53100409728426],[107.4405016003298,16.530969947009062],[107.44035041521964,16.530568665356409],[107.44066887563152,16.530452499825714],[107.44074429212289,16.530619575700335],[107.44064511064684,16.530669330364109],[107.44061531984345,16.530695069946788],[107.44061313138491,16.530703414104316],[107.44061136292837,16.530710157204673],[107.44060930497125,16.530718006629797],[107.44068618498945,16.530944346722801],[107.44074194352524,16.53110850453136],[107.44078312291403,16.531168732186423],[107.44079500975013,16.531186117263232],[107.44078832205989,16.531191740008218],[107.44077817464749,16.531198517912912],[107.44076361618386,16.531208247041999],[107.4404814470099,16.531337893805208],[107.44055596498565,16.531600985504461],[107.44052263678618,16.531612255751408],[107.44053006944551,16.531695596427646],[107.44064948462621,16.53189928252927],[107.44094262836762,16.531690447823991],[107.4410223815883,16.531661544609772],[107.44104281356518,16.531655318405512],[107.44105522827886,16.531651529192995],[107.44123992157502,16.532018939530882],[107.44128288883456,16.532092850181385],[107.44131079014377,16.532080973970309],[107.44132689995358,16.532074117224145],[107.44178557820646,16.53188466388514],[107.44224387720867,16.531695365836594],[107.44261500698821,16.531542071709993],[107.44261841415407,16.531681774135389],[107.44268769528418,16.532039783963661],[107.44281070614284,16.532362899431678],[107.44296489069524,16.532620345201682],[107.4432735707188,16.5330276416937],[107.44356892463369,16.533345484892163],[107.44364423745127,16.533429125767572],[107.44373317615492,16.533506317257014],[107.44406617588879,16.533795329431854],[107.44415889437767,16.533875485314645],[107.44475801354793,16.534393421172329],[107.4447942841481,16.534428082184661],[107.44487641078699,16.534514105934278],[107.44495032183717,16.534594032892954],[107.44508519676833,16.53474231359878],[107.44515817298424,16.534823396809912],[107.44526878343966,16.534952286951071],[107.44554394686621,16.535262038409073],[107.44616705340017,16.53596346410934],[107.44697776085562,16.536755347991466],[107.44700118319916,16.536778226630471],[107.44753937000726,16.537224071943317],[107.44816464250489,16.537821232431355],[107.44818707176802,16.537842350281565],[107.44841072868131,16.538051219110052],[107.44851682479495,16.538148060264739],[107.44865330996045,16.538270206421281],[107.44963239885115,16.539119401787371],[107.44996391276852,16.539425227323996],[107.44999938916486,16.539457954420648],[107.45053115661217,16.539948512119274],[107.45057714216387,16.539995075193996],[107.4508120942115,16.540232979227167],[107.45112564182671,16.540550464742083],[107.45178603050223,16.541223350500211],[107.45208460219303,16.541515879558652],[107.45213338117249,16.541557111486263],[107.45227117157468,16.541672052661056],[107.45323969666165,16.542355884715199],[107.45349869678333,16.542553662847794],[107.45443890774308,16.543271621940114],[107.45458407448216,16.543387135620666],[107.45519616069576,16.543866691727573],[107.45526427887022,16.543917319633344],[107.45527889233875,16.543928653727964],[107.45542873549341,16.544044864060449],[107.45548971753432,16.544092158754655],[107.45471453353983,16.544679787273513],[107.45445680390041,16.544887225743341],[107.45443528077074,16.544902750323221],[107.45441117137838,16.544922375614192],[107.45438561190828,16.544944267188875],[107.45436219483325,16.544964281775162],[107.45434236714252,16.544981833259072],[107.45432429942161,16.544998517629494],[107.4543099146925,16.545010959202429],[107.45429783522678,16.54501981463789],[107.45427974729125,16.545034014269692],[107.45424645788513,16.545063016371113],[107.45421284450842,16.545093208313258],[107.45420366054807,16.54510145696344],[107.45417066566266,16.545132198953691],[107.45415074515158,16.545152409019856],[107.45412597294612,16.545176794340769],[107.4540879229566,16.545211772686134],[107.4540548233862,16.545241275666022],[107.45403753018196,16.545255893185242],[107.45402582702734,16.545265477656269],[107.45400779658596,16.545281485899253],[107.4539813892204,16.545306243646493],[107.4539458128247,16.545342578511541],[107.45393184583423,16.545357766593483],[107.45389479667688,16.545398055364334],[107.45383363705751,16.545465815432294],[107.45376960683807,16.545538079702862],[107.45370334715017,16.545617927198595],[107.45363505902452,16.545708368053056],[107.45356599596761,16.545804701197738],[107.45349668766517,16.545902677604207],[107.45342697514801,16.546002316306154],[107.45335631618039,16.546104950631321],[107.4532849312339,16.546209575322784],[107.45321330456053,16.546314271493969],[107.45314126675414,16.546417344743194],[107.45306833105118,16.54651799866911],[107.45299471672102,16.546617279420285],[107.45292198589448,16.546713855215856],[107.45288667941965,16.546758311045878],[107.45289053660758,16.546763243734976],[107.45291737776228,16.546780303724091],[107.45299385830613,16.546834002672259],[107.45303257454015,16.546879560174961],[107.45307245571038,16.546947613261842],[107.45305909848754,16.546959787047495],[107.45302014646103,16.546984355419173],[107.45301444447132,16.547012897215009],[107.45296367007114,16.547076654324169],[107.45294752400956,16.547054562665704],[107.45285234848259,16.547081784443122],[107.45277862830172,16.547175755903968],[107.45275949511844,16.547299104324708],[107.45279013411046,16.547298407743487],[107.45270495651918,16.547577930595729],[107.45263911922667,16.547710283487387],[107.45257626011146,16.547836572705073],[107.45252241584336,16.54780632882148],[107.45226766673549,16.547729072657681],[107.4521774378927,16.548290460717439],[107.45240527512911,16.548332583594611],[107.45238991980872,16.54842869554636],[107.45231453482253,16.548680537136587],[107.45230850853309,16.548790591039534],[107.45227772453659,16.548942149277668],[107.45252330831795,16.549004063958552],[107.45258570018382,16.548874277222975],[107.4526288759247,16.548880174423655],[107.45285275320668,16.548998241190226],[107.45271727552364,16.549162989464708],[107.45268962304148,16.549167255086818],[107.45260970846583,16.549231659530275],[107.45249413815628,16.54928096847534],[107.45240673587134,16.549342190121372],[107.45225718742581,16.549413007976465],[107.45217385075229,16.549427970722114],[107.45217712686163,16.549462410200785],[107.45217028693456,16.549528723286933],[107.45216836257855,16.549546882370347],[107.45215291084774,16.549610280669658],[107.45210509257554,16.54972212163954],[107.45207774833069,16.549849470728152],[107.45208856075146,16.549869469917578],[107.45210934496423,16.550173616412749],[107.45213085385441,16.550486621147858],[107.45217260434322,16.551480922304663],[107.45216048044185,16.551645481657189],[107.45207612535344,16.55171498140238],[107.45199176927818,16.551784482035245],[107.45196492193814,16.551908110920134],[107.45192404345512,16.552045606146702],[107.45179725003877,16.552129306407782],[107.45165573323942,16.552172076102817],[107.4515587326557,16.552365037470484],[107.4514336714001,16.552585732333618],[107.45135705577466,16.552829299647158],[107.45132159833143,16.552943161253751],[107.45122532924948,16.553322728376635],[107.45119803711245,16.553464626277673],[107.45111661214742,16.553730367430529],[107.45095962492472,16.554190112955077],[107.45089735569816,16.554447988635189],[107.45088908440192,16.554519936185944],[107.45086521518523,16.554528305109628],[107.45085920253588,16.554560306573904],[107.45083411513006,16.554694383960584],[107.45080919775367,16.554818060562265],[107.45080187863445,16.554851695204093],[107.45079604910177,16.554885143406743],[107.45076953696022,16.554966622157703],[107.45075070036494,16.555043838279598],[107.45074700414966,16.555068607777859],[107.45053036766622,16.555065370317116],[107.450513825812,16.555083572160466],[107.45050064222765,16.555176048069082],[107.45049546497074,16.555244199696613],[107.45046880174156,16.555345740685944],[107.4504258287953,16.555482292096499],[107.45039473991983,16.555650992178379],[107.45032484050469,16.555770429303351],[107.45029173955207,16.555839184858918],[107.45025246660113,16.555873792391058],[107.45013850649794,16.555905401330808],[107.45009770411701,16.555927713944488],[107.45006450688851,16.555954266629517],[107.45002088964526,16.556017436974702],[107.44989064732189,16.556385481665274],[107.44972730010188,16.556949162110165],[107.44927466911066,16.55822872020418],[107.44913661035625,16.558545476899919],[107.44905779232585,16.559053358287592],[107.44910282861281,16.559244649098513],[107.44918977465643,16.559408467336386],[107.44919667986736,16.559593307946496],[107.44914584970407,16.559619190798159],[107.44898332595123,16.559702732052063],[107.44886942857296,16.559754393115995],[107.44886103153489,16.559774433097058],[107.44884755624578,16.559966159845914],[107.44882724000078,16.56002620170019],[107.44872149556377,16.560476031090875],[107.44869260369393,16.56058326732656],[107.4486377241881,16.5608005501444],[107.4485015805143,16.561287395535452],[107.44848275473471,16.561370304071058],[107.44846670165246,16.561519270890496],[107.44847561688576,16.561649380452195],[107.44847548068917,16.56171055988094],[107.44848003369005,16.561789644504056],[107.44833677185062,16.5620378520305],[107.44817007778569,16.562324819164424],[107.44812847087582,16.562365781540514],[107.44803304706828,16.562411581373851],[107.4479021668045,16.562441191644503],[107.44753044145047,16.562453409324505],[107.44750554894344,16.562415939368353],[107.44739839082069,16.56227215020364],[107.44732941124184,16.562146354125236],[107.4472574340284,16.561987294847615],[107.44716520761042,16.561733475081446],[107.44710529951111,16.561548150429495],[107.44708618052044,16.561483847744956],[107.44691393135561,16.560903042502066],[107.44681792128918,16.560464859710248],[107.44566157965285,16.560431243051546],[107.44553585712889,16.560423317664245],[107.44553812488829,16.560449531062787],[107.44551374380244,16.560947578375863],[107.44549206421489,16.561483859646671],[107.44548843572878,16.561573405942703],[107.44541215260243,16.562494332015675],[107.44442933833692,16.56249135200504],[107.44356275488947,16.56247349653394],[107.44350685401932,16.562468626006861],[107.44290364430853,16.562416069087391],[107.4423177672559,16.562405465210922],[107.44196780186647,16.562370911178082],[107.44172362560704,16.562336097267853],[107.44143495941185,16.562360265564084],[107.44128845641012,16.562344871638544],[107.44114194244567,16.562333363751424],[107.44092635931534,16.562326007509508],[107.4406700651917,16.562334447287178],[107.44040159821388,16.562307519569568],[107.44001496024562,16.562253343944899],[107.43941445103081,16.562183229961406],[107.4393820427408,16.562179075865174],[107.43935450545057,16.562175568386429],[107.43932865088901,16.562173148647531],[107.43928293657508,16.562167161303286],[107.43897150737024,16.562126371401959],[107.4389652351316,16.56212490020183],[107.43896633475632,16.562123937046707],[107.43897295101765,16.56211814073626],[107.43898340794281,16.562111572287129],[107.43907290039,16.562045572038265],[107.43908259469096,16.562039878786447],[107.43919590000351,16.561973338557774],[107.43920043732486,16.561970023580905],[107.43920048001567,16.561969992368525],[107.43927682909981,16.561905938137702],[107.43928406894605,16.561900648496668],[107.43929715704931,16.561889639279585],[107.4393287373432,16.561863074443323],[107.43942921867045,16.561778549545121],[107.43946549376489,16.561728899025418],[107.43948785373671,16.561697769367672],[107.43954963623545,16.561589508988394],[107.43955367198613,16.561582437613186],[107.43955679917197,16.56157625398982],[107.43957434429437,16.561524467929079],[107.43958665061739,16.561478155838095],[107.43958742285977,16.5614712771544],[107.43959467283565,16.56140669802852],[107.43959408902739,16.56134337953949],[107.43959500610187,16.561307243804645],[107.43959336323556,16.561291024325257],[107.43958804828534,16.561238534977008],[107.43958389567209,16.561211706665606],[107.43957945346021,16.561183003773881],[107.43957067374839,16.561151540600552],[107.43956591952409,16.561134504843402],[107.43955527928431,16.561102188158088],[107.43954097249471,16.561058733301675],[107.43954096276616,16.561058704509847],[107.4395184967449,16.561000704442169],[107.43951552227412,16.560994544411798],[107.43951003108722,16.560983171976691],[107.43950557982124,16.560979335382402],[107.43948908870676,16.560965691701529],[107.43941364813463,16.560907650857633],[107.43940949244147,16.560903782796544],[107.43932872730116,16.560830042496878],[107.43931932817695,16.560821460065839],[107.43928452447054,16.560790614197813],[107.43922633787881,16.560735535480003],[107.43919573606438,16.560706571651981],[107.43918657153482,16.560697577268591],[107.43908281753824,16.560576652705056],[107.4390358483918,16.560519243008262],[107.43900150290013,16.560474568424418],[107.43900135369704,16.560474322665769],[107.43898696251385,16.560450560804984],[107.43894183055021,16.560362236503732],[107.43893479890282,16.56034589402935],[107.43891063961874,16.56025090163002],[107.43889674613915,16.560179474605818],[107.43889214141903,16.56014462116778],[107.43889487889585,16.560072881073438],[107.43891171167803,16.559975509933302],[107.43892624822735,16.559907850120634],[107.43893199290794,16.559881108230051],[107.43876217264311,16.559847127875376],[107.43875913135408,16.559846519426639],[107.43795490489281,16.559752176632653],[107.43724201510179,16.559729648858085],[107.43678018205556,16.559726684005827],[107.43675247599442,16.559739889291116],[107.4367509064592,16.559741394496175],[107.43649766173117,16.559869825443378],[107.43620746070938,16.559919251510497],[107.43619929331165,16.559919229607242],[107.43594963871317,16.559918553370682],[107.43589509321529,16.559918406292326],[107.43588765637888,16.559918385769549],[107.43546385468537,16.559874199765456],[107.43518890369684,16.559794551293571],[107.43489889118347,16.559779419335229],[107.43461615577182,16.559778653037061],[107.43453961927213,16.559804767079683],[107.43432590420018,16.559885460688367],[107.43405051464025,16.559956443413036],[107.43375306396064,16.559941289300561],[107.43347807241227,16.559875985319017],[107.43346321915143,16.559868771587336],[107.43302475286687,16.559752811394212],[107.432843710683,16.559664891362512],[107.43277224146094,16.559630182675448],[107.4324897708732,16.559579202607249],[107.43220715331334,16.559578433423948],[107.4319413725365,16.559577708464118],[107.43192453662611,16.559577662942388],[107.43189478740311,16.559577582103085],[107.43121055598165,16.559575716194221],[107.43117198951195,16.559574656902559],[107.43095441589665,16.559568681638719],[107.43092052277879,16.559567750227636],[107.43063803188583,16.559523940998204],[107.43038554339573,16.559394137505031],[107.43011053258159,16.559336000441977],[107.42979825076016,16.559306453969988],[107.42952324016284,16.559248317896781],[107.42924072919959,16.559211679198789],[107.42919401155,16.559171398860094],[107.42917396332777,16.559154112933371],[107.42898822123938,16.559089046363024],[107.42872022542488,16.559174387992257],[107.42845960340014,16.559281269527403],[107.4281771355095,16.559230283363231],[107.42789468834663,16.559172123352685],[107.42761200857321,16.559192867276842],[107.42753759226242,16.559207008713837],[107.42732934932587,16.559206436476071],[107.42710913642176,16.559222595550501],[107.42704666932164,16.559227178743612],[107.42675648843064,16.559269418343163],[107.42647372353322,16.559318851867104],[107.42619837366085,16.559375478456733],[107.42588594469412,16.559396137522896],[107.42559593353539,16.559380992400257],[107.42532098830057,16.559301331124889],[107.42515064865141,16.559248933996376],[107.42503862619347,16.559214475998875],[107.42474711519225,16.559227728334331],[107.42465761102859,16.559223024216898],[107.42263974259741,16.558864513360398],[107.41662435899863,16.55779564540186],[107.41432753165473,16.557335916462137],[107.41046343985437,16.556599546706973],[107.40987923844752,16.556538250774267],[107.40961636934783,16.556505073521244],[107.40934181017086,16.556686107792814]]]},"properties":{"OBJECTID":7,"maNhanDang":"025NAD03000001","ngayThuNhan":1734652800000,"ngayCapNhat":1737331200000,"maDoiTuong":"AD03","maDonViHanhChinh":"19858","ten":"xã Phong An","dienTich":32.384,"soLuongMoLietSiChonCatBanDauTrenDiaBan":454,"soLuongMoLietSiDaTimKiemTrenDiaBan":304,"soMoLietSiDoGiaDinhChamSocQuanLy":287,"soMoChuyenDenTuDiaPhuongKhac":0,"soMoDaBanGiaoDiaPhuongKhac":0,"thongTinChung":null,"nguonCungCapThongTin":"BCĐ 515 tỉnh Thừa Thiên Huế","thoiGianCapNhat":"20/01/2025","donViCapNhat":"Cục Tác chiến/BTTM","soLuongMoLietSiChuaTimKiemQuyTapTrenDiaBan":131,"danSo":11428,"soMoLietSiTrongNghiaTrangLietSiDiaPhuong":3580,"soMoCoHaiCot":3580,"soMoKhongCoHaiCot":0,"soMoCoDuThongTin":0,"soMoCoMotPhanThongTin":1464,"SHAPE_Length":34334.070929726229,"SHAPE_Area":32385966.587647445,"soMoChuaXacDinhDuocThongTin":2403}},{"type":"Feature","id":8,"geometry":{"type":"Polygon","coordinates":[[[107.3589013156397,16.698333641253289],[107.35827979453194,16.69855810617976],[107.3581962069406,16.698588294327418],[107.35814456430533,16.698605528261513],[107.35798352754169,16.698659267134353],[107.35779773022001,16.698675726411032],[107.35753736764556,16.698678695171729],[107.35729529362393,16.698656359376724],[107.35660464112298,16.698456293628475],[107.35601866220539,16.698298054424985],[107.3553998681631,16.698193965031244],[107.35505360688394,16.698169227921518],[107.35472629379056,16.698172955577782],[107.35438064768154,16.698198401864776],[107.35400966747696,16.698281499198142],[107.35381673876061,16.698323131854625],[107.35348662788681,16.698402177687758],[107.35332292750883,16.69840045549002],[107.35308811737771,16.698363691405287],[107.35289343162569,16.698261937390008],[107.35237335105744,16.698016894009381],[107.35147899989987,16.697586092536838],[107.35076095490764,16.697177905001833],[107.35048375511793,16.69701182334353],[107.35013721254654,16.696766004219565],[107.34945803617924,16.696093232281044],[107.34919792778324,16.69578090140584],[107.34895962192932,16.695399577812495],[107.34871201487954,16.694949687064916],[107.34863496302424,16.69477751707489],[107.34849549107336,16.694536758344533],[107.34837685847768,16.694265632626966],[107.34830100874544,16.694002127666753],[107.34826936111973,16.693857152068905],[107.34810234822508,16.693110741070406],[107.34797142134526,16.692746540835564],[107.34788368478989,16.692568278425551],[107.34776663248796,16.692426200751299],[107.34760122748877,16.69228467178969],[107.34736909369308,16.692161825076951],[107.34702060935622,16.691954254466221],[107.34662372917647,16.691743647738491],[107.34635812308954,16.691621179465823],[107.34599607539148,16.691521316062889],[107.34548157813781,16.691426766060395],[107.3449300194262,16.691343390129482],[107.34460573528598,16.691289703417912],[107.34418781125476,16.69118330011316],[107.34399725002459,16.691113755343252],[107.34380651308112,16.691029872605053],[107.34352493802244,16.690817952766839],[107.34326436863223,16.690498239003237],[107.34309354495197,16.690216944931521],[107.34294425058344,16.689870873309658],[107.34274491970777,16.689346869814312],[107.34262457697925,16.688974614239303],[107.34250337536847,16.688638886185846],[107.34245738304449,16.688529685129598],[107.34235181127293,16.688264252103728],[107.34218072914192,16.6879614491891],[107.34198391764771,16.687684032395932],[107.34176483521281,16.687410453724056],[107.34142949525092,16.687059316170942],[107.34116236923359,16.686811376356019],[107.34083919314163,16.686542558747949],[107.34014388106579,16.685955284303223],[107.33980128312126,16.685618566226477],[107.3395002077549,16.685331570012693],[107.33925596966185,16.685129975906875],[107.33903098188307,16.68498194131411],[107.33878398476996,16.684859252139049],[107.33832543915335,16.684716086758993],[107.33794683576704,16.684564518335801],[107.33768670754576,16.684434176511747],[107.33725929503616,16.684281337839131],[107.33710974114547,16.684218493232883],[107.3369450480013,16.684134308826728],[107.33685119539817,16.684063665028567],[107.33674159444169,16.683921495319481],[107.33648783053887,16.683547915138622],[107.33639626013441,16.68335893395658],[107.33620785022221,16.682910054358953],[107.33608271285352,16.682502410206052],[107.33603019570411,16.682059410967685],[107.33599152606108,16.681664566756165],[107.33593048146574,16.681335802475001],[107.33584732418541,16.681125563896515],[107.33575556333398,16.68098554072612],[107.33558148351899,16.680784476350333],[107.3353345172774,16.680575128392469],[107.33506502254041,16.680392204431293],[107.33480900798064,16.680204828021576],[107.33441464660746,16.679867803540795],[107.33409252067499,16.679479454253492],[107.33397527625417,16.679217861977801],[107.33392261269309,16.678965101622627],[107.33393983790614,16.678749795859897],[107.33397942054754,16.678333466329743],[107.3339807241175,16.678032294568453],[107.33395693337299,16.677619450172283],[107.33390515184891,16.677334510383908],[107.33392942323002,16.676665717400319],[107.33392518903737,16.676316805150233],[107.33388337210353,16.676140406765018],[107.33380153737566,16.675935777949203],[107.33368977623465,16.67571714565398],[107.33357859526832,16.67554630870994],[107.33330740078021,16.675267329516664],[107.33259850214836,16.674883336184433],[107.33204292193078,16.674464151026935],[107.33173207030583,16.674224996037236],[107.33157046612816,16.674120180109806],[107.33132565156978,16.673798209784081],[107.33118052019087,16.673573432743073],[107.33108333822304,16.673546297894003],[107.33091037859243,16.673498003990563],[107.33058033918449,16.673359376278185],[107.33025605301167,16.673200496796099],[107.33000188374177,16.673098190952853],[107.32960443320432,16.673040519344202],[107.32925662816318,16.672987069033034],[107.3289877570103,16.672899268053065],[107.32836490760259,16.672657698466303],[107.32728273627804,16.672163154041861],[107.32649457754067,16.671784808361121],[107.32588551220846,16.671452249068057],[107.32561946550342,16.671187541675959],[107.32546274181821,16.670940725814699],[107.32523705960806,16.670732927892889],[107.32482773260912,16.670512849705656],[107.32441886841727,16.670331007394495],[107.32407290995947,16.670019391345278],[107.32402038471892,16.670001307428542],[107.32398631522305,16.669968287072699],[107.32397802960881,16.669956582154104],[107.32393519047211,16.669896067926597],[107.32390428534279,16.669804027950711],[107.3238976784604,16.669721805849381],[107.32391747737742,16.669615944565518],[107.3239753263246,16.669451109425424],[107.32405931884723,16.669225419532545],[107.32409738099676,16.66911546883572],[107.32413717287075,16.668970267624459],[107.32426341847062,16.66884274154576],[107.32445201849956,16.668703855900873],[107.32461099333759,16.668613813144251],[107.32462685167513,16.668593734092656],[107.32462640774214,16.668588483319596],[107.32494837854762,16.668510412263917],[107.32498953658653,16.668511691897791],[107.32506493361339,16.668514036129402],[107.32523745392479,16.668475633265597],[107.32534952318868,16.668450686152376],[107.32536150467857,16.668436766336875],[107.3253753087269,16.668420730259783],[107.32538886773969,16.668357740233603],[107.32543167027505,16.668317511759668],[107.32549788590511,16.668297626045547],[107.32554839001592,16.668290494226795],[107.32566822885181,16.668273571893742],[107.32569089379068,16.668290941947234],[107.32572910649364,16.668349393885691],[107.32578461024067,16.668383026023541],[107.32588190337025,16.668372167165277],[107.32612729809077,16.668344777381389],[107.32617931395369,16.668338971727231],[107.32621800880085,16.668334652657013],[107.32634829562454,16.668353957478821],[107.3264344490228,16.66837881318212],[107.32661964311531,16.668432243368326],[107.32682466799663,16.668491393782645],[107.32709335803136,16.668568912098031],[107.32718164457111,16.66859438307706],[107.3272633914265,16.66862543257923],[107.32735716142075,16.668661048017402],[107.32777302553274,16.668859846922661],[107.32779593956789,16.66887230054213],[107.3278162592911,16.668883345170723],[107.3279384823351,16.668949773880826],[107.32802502444483,16.668996809197086],[107.32822547928579,16.669066472180479],[107.32836961639246,16.669073767864479],[107.32840322002079,16.669068172255784],[107.32844221117932,16.669054569217504],[107.32852253314827,16.669026548181982],[107.32876214661161,16.668942956308019],[107.32879581478804,16.668932088813587],[107.32893886692169,16.66888591475001],[107.32923053485371,16.668791771132643],[107.32935612955106,16.668751231364286],[107.3294309349986,16.668727086032064],[107.32964671876842,16.668657435387367],[107.32969513580255,16.668641807367823],[107.32974129137929,16.668623778356604],[107.32989422912421,16.668564039662485],[107.33000684574129,16.668520050167047],[107.33024897039016,16.668425473433807],[107.33030594180499,16.668384452291289],[107.33032005736671,16.668362138603342],[107.33037138832508,16.66828099502175],[107.33042561318175,16.668236833970937],[107.33049566015772,16.668226074497621],[107.33050423723762,16.668224756641919],[107.33058093635448,16.668223207000533],[107.33090399004635,16.668123155997382],[107.33092423224483,16.668113560356559],[107.33120500065728,16.667980467540506],[107.33136116088232,16.667892929606921],[107.33141521192503,16.667859359449089],[107.33159868717905,16.66824302588018],[107.33171097973657,16.668188281988087],[107.33177479137566,16.668157172799649],[107.33230252715971,16.667899893878385],[107.33245352624758,16.667776296182289],[107.33246490306374,16.667762642091159],[107.33264049816918,16.667551907696023],[107.33276576780838,16.667453696667145],[107.33293916714344,16.667337017235099],[107.33343004626076,16.667023160033107],[107.33387713749123,16.666737933903569],[107.33423096364101,16.666512206096492],[107.33511680272517,16.665950100805851],[107.33562903759187,16.665639676869677],[107.33568810679978,16.665603880205179],[107.33570756177221,16.665592089744489],[107.3362228871262,16.665278102095602],[107.33633469837143,16.665202659264871],[107.33670108917963,16.66494995288198],[107.33692448272032,16.664790008668263],[107.33710927955985,16.664643785364955],[107.33734960220725,16.664447878725131],[107.3376491955685,16.664207875135357],[107.33775862802337,16.664128034780845],[107.33780934164196,16.664087693174768],[107.33799517657613,16.663952438687115],[107.33811081617679,16.663851898218148],[107.33818294666503,16.663781172582148],[107.33837803763154,16.663582995890483],[107.33861210641376,16.66336036969372],[107.33868852169776,16.663285441927833],[107.33884673221695,16.663143832834418],[107.33886787757146,16.663129823373382],[107.33915151321111,16.662941905813238],[107.33928792187587,16.662859269650323],[107.3393334722423,16.662828505586873],[107.33952213702214,16.662713154133616],[107.33959568544704,16.662644205251357],[107.33966172172666,16.662569714198412],[107.33964967616299,16.662549175181727],[107.33966879810339,16.662527303130148],[107.33971695010436,16.661922912593994],[107.33972906811468,16.661830443964654],[107.33980994472769,16.661707144224223],[107.33996677460888,16.661488821051304],[107.34017261352771,16.661199301991761],[107.34023647549324,16.66115653857667],[107.34031263207329,16.661175389502695],[107.34040496973404,16.661279523868242],[107.34050085804175,16.661319579356924],[107.34062367939636,16.661321823296841],[107.34069487337963,16.661293231826495],[107.34095370996583,16.661212166430438],[107.34089492876049,16.660827684210979],[107.34086216807482,16.660652725263837],[107.34083128766889,16.660487810219358],[107.34067792714859,16.659892957516547],[107.34056586055783,16.659458274209172],[107.34066376836809,16.658639744560588],[107.3406914325783,16.657963917062204],[107.34069101309949,16.657734370668862],[107.34071413227302,16.657604107933047],[107.34082135100687,16.65721344309183],[107.34089695855324,16.656981438961747],[107.34093342674136,16.656763671159009],[107.34099202821498,16.656609764314986],[107.34109108540045,16.65642967294324],[107.34135019128298,16.655948835746599],[107.34155545954427,16.655503521245617],[107.34169587569691,16.655174333723821],[107.34178139735232,16.654980176321899],[107.34184732784804,16.654831046581297],[107.3419644280942,16.654468743535418],[107.342055581843,16.65422377206832],[107.34225407550349,16.653556065059135],[107.34241386297403,16.652733247086406],[107.34257376530816,16.651925342150736],[107.34265009585098,16.651621305277622],[107.34287205715238,16.65118373298067],[107.34296364243664,16.650865015806961],[107.34296325577586,16.650856338958054],[107.34347014236126,16.65064945974957],[107.3444291987576,16.650151284269466],[107.34534976756542,16.649571832183081],[107.34693027583226,16.648561307571068],[107.34853382442624,16.647602761489946],[107.35075816521177,16.645998382347109],[107.35375748238371,16.643955529174495],[107.35729382985353,16.641696896796812],[107.36078426811277,16.639490163107887],[107.36397584039459,16.637750660746441],[107.36572524399061,16.636888071267379],[107.36879425158676,16.635319061424489],[107.37067393011139,16.634322716889866],[107.371170799529,16.634067148375486],[107.37275473514167,16.633252426476972],[107.37342060326384,16.632909921898722],[107.37523117386485,16.631921079715632],[107.37624377934034,16.631385704850196],[107.37682928449044,16.63105499707471],[107.37683139951284,16.631053802126203],[107.38414897116041,16.626813182730736],[107.38547938448546,16.625929715583815],[107.38667153386935,16.625194042329969],[107.38665193869488,16.62549074253176],[107.38658706059032,16.626145082484975],[107.38653912258354,16.626748233742795],[107.38649358030356,16.627128093891745],[107.38643842797356,16.627346801069056],[107.38621934756053,16.627946193886409],[107.38610308016467,16.628253551061817],[107.38592541856505,16.628767216621366],[107.38571307681075,16.62936879639064],[107.38546588561147,16.630022596245624],[107.38514856284948,16.630799990951662],[107.38495241796126,16.631376225546163],[107.38483727290577,16.631653764099422],[107.38462650072751,16.631996174084179],[107.38423979708267,16.632453641228814],[107.38366800156467,16.633076925227474],[107.3830968229082,16.63371114392908],[107.38227320461426,16.634611825488047],[107.38158835975253,16.635349533005741],[107.38102891463001,16.635945103700635],[107.3806439573859,16.636349975504185],[107.38021084436471,16.636805037471426],[107.37968436959547,16.637376302358788],[107.37943414556639,16.637681176117372],[107.37942783666854,16.637690284531214],[107.37937603965861,16.63776558617278],[107.37919022567685,16.638036675154456],[107.37899941544732,16.63831660353846],[107.37897822471416,16.638347717104601],[107.37893800284337,16.638408865274133],[107.37870485095624,16.638767377715595],[107.37834855659928,16.63926251668147],[107.37804053799046,16.639698519612079],[107.37774715650616,16.64012968600084],[107.37756353452713,16.640417406366691],[107.37732260761999,16.640743812966132],[107.37707504416161,16.641092881514364],[107.37683142925081,16.641443379755948],[107.37648940728181,16.641960282349757],[107.37622711788529,16.642309090777424],[107.37605084355182,16.642543509691638],[107.37600435044693,16.642622988448419],[107.3759902519231,16.642647090166079],[107.37593685310031,16.642738372420332],[107.37592943996535,16.642751045327948],[107.37587251858835,16.642910039483247],[107.3758975764589,16.643202275836963],[107.37591617875258,16.643419226299937],[107.37589866919501,16.64342241243207],[107.37584333525379,16.64345889705605],[107.37580699189776,16.643527431234233],[107.37575717556129,16.643697728719864],[107.37575698586838,16.643698379487816],[107.37572491596008,16.643808010718271],[107.37576099783227,16.644081898703408],[107.37576594444749,16.644119446069737],[107.37576810921111,16.644172061321822],[107.37577125295986,16.644248449270247],[107.3757421247626,16.644298975004631],[107.3756387619048,16.644361106321597],[107.37536559097856,16.644525565985546],[107.37528142765166,16.644651386392461],[107.37519726328448,16.644777206788675],[107.37510486419103,16.64485240280726],[107.37502141611989,16.644902088149966],[107.37489677075764,16.644977241508698],[107.37459630248809,16.64516690257944],[107.37456218752826,16.645188126890343],[107.37444971674694,16.645258101792493],[107.37426817055088,16.645376604382665],[107.37411017071207,16.645489818305784],[107.37400508325912,16.645643514569283],[107.37398657916164,16.645670577189492],[107.37392225706516,16.64579994235865],[107.37390944752107,16.645814464705769],[107.37387683173478,16.645851441299929],[107.37377086324499,16.645879107782747],[107.37364740639318,16.64586226107906],[107.37350585824613,16.645836540150874],[107.37335641451574,16.645837597667935],[107.37317783297527,16.645863138372494],[107.37302045471111,16.645911714345544],[107.37287698007036,16.645953725534309],[107.3728626863554,16.645957231457427],[107.37276629810214,16.645980871848014],[107.37266215938301,16.646013333442227],[107.37254721882414,16.646087239926295],[107.37244430627382,16.646180865883213],[107.37235364741687,16.646323045975297],[107.37226297256341,16.646475582079919],[107.3721854167532,16.646618027743251],[107.37217537678238,16.646685740223894],[107.37215735349076,16.646807298015037],[107.3721514054288,16.646929872116882],[107.37211120830382,16.646987702948479],[107.37203332606396,16.646999983256066],[107.37191543838712,16.646967913874388],[107.3718642846363,16.646953998699423],[107.37173717971989,16.646917177407676],[107.37161533444102,16.646865959003172],[107.37158623111723,16.646846908087142],[107.37148882078756,16.646783142779991],[107.37140421462199,16.646730202909747],[107.37134551177593,16.646711165292434],[107.37124901703628,16.646719123415586],[107.37116900480231,16.646749596580118],[107.37112832239508,16.646780884613175],[107.37111195508392,16.646820806901438],[107.37108990180525,16.646874596308887],[107.37105932052727,16.646993354624168],[107.37105136584398,16.647013534014757],[107.37102536822512,16.64707948860698],[107.37095634704858,16.647128430320485],[107.37087950161749,16.647141978381782],[107.37078329242055,16.647137294451227],[107.37065135005749,16.647055661717093],[107.37054538185994,16.646906297739893],[107.37045525770388,16.646835625692511],[107.37034370455464,16.646836901036494],[107.37024764335477,16.646888190488436],[107.37013785391306,16.647032851391955],[107.37010278565435,16.647205338183486],[107.37012668409929,16.647334129420518],[107.37019520288656,16.647462411457798],[107.37031578129361,16.647590097383326],[107.37036181373213,16.647704295023686],[107.37032551085321,16.647776412520216],[107.37023697384154,16.647834787596068],[107.3701411757915,16.647907585236542],[107.37005369692639,16.648051990199662],[107.37001741372482,16.648233435736035],[107.36999170676428,16.648315668695862],[107.36998617198451,16.648346405715444],[107.37000058790264,16.648457252136627],[107.37002011241061,16.648537754841385],[107.37012291978985,16.64870091750122],[107.37024907371072,16.648848182708967],[107.37034033347878,16.648942376410776],[107.37039620060747,16.649000039064159],[107.37058054377124,16.649160530202312],[107.37072665643416,16.649290388036572],[107.37081485597554,16.649394387872213],[107.37082653335078,16.649478573662051],[107.37079466604611,16.649577609666004],[107.37074896903985,16.649631383108087],[107.37066394155967,16.649684342545541],[107.37049928992823,16.649682604795814],[107.37036433939524,16.649631111118428],[107.37017968094047,16.649503973762336],[107.37007314361085,16.649330464549706],[107.36995967811907,16.649176405640766],[107.3697094279794,16.648988059439922],[107.36948979819363,16.648769486796766],[107.36938843527254,16.648591388622265],[107.36927555855509,16.648485124447397],[107.36903910043927,16.648410149415927],[107.36890844046582,16.648369815134821],[107.36884092932961,16.648424364090285],[107.36877132178708,16.648557936665096],[107.3686018000555,16.64863622913542],[107.36845401633674,16.64871559472553],[107.3683176724861,16.648717152321758],[107.36821887999341,16.648748157006295],[107.36795598720278,16.649043946607978],[107.36788254302623,16.649261886801497],[107.36784317458648,16.649354578234483],[107.36773211452041,16.649488670101668],[107.36760373006116,16.649633541501789],[107.36743838032967,16.649796760860411],[107.36733331676339,16.649821862129745],[107.36721527010559,16.64979930868353],[107.36692820392533,16.649641255456388],[107.36681554788349,16.649552913215221],[107.3667169748291,16.649601840628289],[107.36661337907005,16.649746428506223],[107.36655610374392,16.649992017545383],[107.36655626531687,16.650019815985139],[107.36655672683159,16.650099186286564],[107.36656560955909,16.65014397816136],[107.366577031698,16.650201579310536],[107.366631936148,16.65030426838009],[107.36671515101666,16.650410035283794],[107.36674463312202,16.650438392368009],[107.36682040854477,16.650511277673516],[107.36684484572208,16.650527758320038],[107.36697100874582,16.650612840561664],[107.36709305498849,16.65070323619161],[107.36718297417337,16.65081190280041],[107.36718325383123,16.650812241069165],[107.36719984378783,16.650832290036707],[107.36721291728584,16.650853286112046],[107.3672280927847,16.650876809212452],[107.36725295826237,16.650909453781914],[107.36726943892081,16.650931969203285],[107.36729088777224,16.65096308458704],[107.36730450143486,16.650979537011725],[107.36732202847689,16.651003320509357],[107.36733432657795,16.651020771692032],[107.36735683120297,16.651053155944226],[107.36736885835224,16.651072883020216],[107.36738953193439,16.651100463443534],[107.36741361173898,16.651129563222575],[107.36742094269363,16.651138422556247],[107.36744375289328,16.651168371516068],[107.36744579876027,16.651171058168153],[107.36746100475906,16.651189433669039],[107.36746617997028,16.651195434162457],[107.3674900375061,16.651221924914378],[107.36750836526296,16.651238879033997],[107.36753715927318,16.651268489538658],[107.36755548622378,16.651285453598948],[107.36758167386689,16.651306724426721],[107.36760027072161,16.651321402661203],[107.36762514291789,16.651343681276838],[107.36765237590357,16.651366211152062],[107.36767411003289,16.651384694542308],[107.36771288102565,16.651410784565154],[107.36773697687585,16.65142951829597],[107.36776447053337,16.651449772374637],[107.36778882715113,16.651466239351784],[107.36783179661225,16.651487018536649],[107.3678413243596,16.651493458005437],[107.36785616167238,16.651503485408156],[107.36786329823586,16.651506819410823],[107.36789467855475,16.651521478052743],[107.36792480324092,16.651539723738818],[107.36796777274145,16.651560503794556],[107.36799606626379,16.651573937523953],[107.36803903680389,16.651594724777883],[107.36808200446379,16.651615505731254],[107.36811134438022,16.651630207519819],[107.36815772119536,16.651652515897304],[107.36818837646607,16.651666200843223],[107.36819615106158,16.651670286348189],[107.3682187627774,16.651682170690815],[107.36824706663806,16.651695604263487],[107.36828990869434,16.651717065010729],[107.36829108164559,16.651717652329609],[107.36831937519794,16.651731085105585],[107.36835736069584,16.651753639261937],[107.36838303367708,16.651769089315167],[107.3684205034323,16.651785821912885],[107.36846188756836,16.651809885536682],[107.36848913581984,16.651822060136073],[107.36853105914888,16.651841580112958],[107.36855490948237,16.651852225333496],[107.36859656377575,16.65187402297633],[107.3686238119208,16.651886187620356],[107.36866049700379,16.651899384435282],[107.36867412571404,16.651905462635089],[107.36871212718228,16.651917650724773],[107.36873649890374,16.651923752494408],[107.36876649161884,16.651928741249339],[107.36877634552251,16.651930380213869],[107.36881081055229,16.651937699956651],[107.3688206362356,16.651939787297373],[107.36884868606772,16.651945131575154],[107.36889560779049,16.651952531166142],[107.36892836994826,16.651958387067836],[107.36897424621388,16.651964517654473],[107.3690083247632,16.651969365729272],[107.36905420103162,16.651975496297563],[107.36908854021428,16.651978068580561],[107.36910141403357,16.651979758830279],[107.36913912974548,16.651984710749396],[107.36917111655941,16.651987030773572],[107.36921725346194,16.651990885526523],[107.36923141290895,16.651992419249009],[107.36927361284172,16.651999298198493],[107.36930455326781,16.652000350131836],[107.36932683420477,16.652003923796617],[107.36935120493231,16.652010019178153],[107.3693674571373,16.652014087223094],[107.36939365999645,16.652024992709123],[107.36940965057224,16.652031331119911],[107.36942823836296,16.652046018301647],[107.36944291349168,16.652053364515094],[107.36945731768826,16.652062986623161],[107.36945871230311,16.652065595781579],[107.36946908555709,16.652085000145526],[107.36947535426788,16.652102947371212],[107.3694818837176,16.652118627850651],[107.3694831448922,16.652148706335968],[107.36948470046443,16.652166151885762],[107.36947940126549,16.65220127011159],[107.36947229630603,16.652221229286262],[107.36946122818749,16.652254576972414],[107.36945516866845,16.652275803322823],[107.36944515620634,16.652310410841135],[107.36943778124427,16.652332645900554],[107.36942672248527,16.652365993479005],[107.36941904669666,16.652385103717076],[107.36941830112758,16.652386960469652],[107.36940514219414,16.65241778102834],[107.36939594535177,16.652435202247695],[107.36937754810265,16.652459699698095],[107.36936389778532,16.652474342569498],[107.36933816467084,16.652500334887929],[107.36931874624909,16.652513198171849],[107.36929905690069,16.652528338253326],[107.36926755578162,16.652552560010822],[107.36924524489754,16.65256971649454],[107.36921243675387,16.652594946857167],[107.36919248758431,16.652612353665809],[107.36916649949535,16.652630266714628],[107.3691510180325,16.652640105775792],[107.36913275736664,16.652652322571797],[107.36913028413885,16.652653977753062],[107.36912083221964,16.652663310678776],[107.36910770322964,16.65267341011009],[107.36909090619326,16.65268424793976],[107.36907909265599,16.652693339565399],[107.36906518807399,16.652699884189783],[107.36904656940875,16.652705928043957],[107.36902321871324,16.652711459588385],[107.36900749239348,16.652713201204211],[107.36898519745664,16.652720000708264],[107.36897076784189,16.652720733828719],[107.36895425586138,16.652718939720486],[107.36894219757522,16.652719942031531],[107.36892776795989,16.652720675149041],[107.36891021063612,16.652717621987428],[107.36888373769315,16.652708992334677],[107.36887011818735,16.652702905921242],[107.36885177508627,16.652696307098218],[107.3688350091256,16.652686433713885],[107.36881769764405,16.65267814921139],[107.36881011226978,16.652674519566524],[107.36879675339163,16.65266615646625],[107.36877186590989,16.652654242206562],[107.36874880018016,16.652647132758336],[107.36871814377818,16.652633447932434],[107.36867961246877,16.652625812418766],[107.36865340955111,16.65261490684825],[107.36861252669489,16.65260701002903],[107.36858605378706,16.652598381237706],[107.36854647619839,16.652589485753211],[107.36852368047784,16.652580099489263],[107.36848148135749,16.65257322038951],[107.36845264661164,16.652564331306433],[107.36840625548754,16.65255238809775],[107.36839001361857,16.652548325282297],[107.36835919076719,16.652540610658885],[107.36834125972847,16.652536122697562],[107.36830089734882,16.652523683299101],[107.36828019348036,16.652516833166583],[107.36824587013631,16.652503896572867],[107.36822621162023,16.65249830639161],[107.36819764700418,16.652487149513533],[107.36817825849101,16.6524792825387],[107.3681520556141,16.652468376898391],[107.36813266721528,16.652460518950917],[107.36810410354576,16.652449362047776],[107.36808603049957,16.652440487264855],[107.3680543193492,16.652425534350087],[107.36803415551258,16.652414131516345],[107.36801475764223,16.65240626463142],[107.3680096732227,16.652403994813845],[107.36798410132931,16.652392580588142],[107.36796130565232,16.652383194255616],[107.3679324813566,16.652374313104389],[107.36791177741303,16.652367454802295],[107.36787954489421,16.65235704528537],[107.36785543388612,16.652348676672382],[107.36781481091946,16.652338512948376],[107.3677880773142,16.652332150791835],[107.36774430781151,16.652318191032801],[107.36771574324243,16.652307034081048],[107.36767093767405,16.652291806108636],[107.36764446482607,16.652283176282484],[107.36761800136065,16.652274547248819],[107.36758262234137,16.652260342561348],[107.36755858722769,16.652252505110635],[107.36755615888093,16.652251713519025],[107.36752418714377,16.65223903629208],[107.36749771431845,16.652230407348561],[107.36745684661321,16.652212146101686],[107.36743667345854,16.652200743309169],[107.36740837892954,16.652187309521576],[107.36740367109219,16.652184952279235],[107.36738413447189,16.652173493430432],[107.36736934715853,16.65216349614002],[107.36736541475575,16.652160490476078],[107.36735179556995,16.652150077856785],[107.36732507809452,16.652133359569593],[107.36730543479236,16.65211741323758],[107.36727374816321,16.652092094993986],[107.36723733890913,16.652066265188935],[107.36722765743482,16.652057154468061],[107.36719597082529,16.652031836209854],[107.36717396664073,16.652015629562772],[107.36716270002218,16.652004568564244],[107.36713967355749,16.651981962587609],[107.36712866724804,16.651973858857275],[107.36710615684859,16.651951840476514],[107.36708755984691,16.651937153169321],[107.36706085654852,16.651910069762835],[107.36704148331548,16.65189184751409],[107.36700665117399,16.651862733174607],[107.36698518623885,16.651841982870959],[107.3669493077407,16.65181160043608],[107.3669150147329,16.651777933413399],[107.36688961280727,16.651760207266843],[107.36687050024094,16.651739707412705],[107.36685085701521,16.651723761027032],[107.36682887734068,16.651697189136971],[107.36681185660599,16.651679226358425],[107.36679065318599,16.651656190304198],[107.36677940041623,16.6516399990556],[107.36675323077944,16.651608370223808],[107.36675287027043,16.651607934413654],[107.36674695370954,16.651600779767801],[107.36672575041729,16.651577752736792],[107.36670507687153,16.651550173145974],[107.36669041787377,16.651532460714201],[107.36667989372583,16.651519741706938],[107.36666948276321,16.651507158714328],[107.36665482377221,16.651489446279129],[107.36663834312223,16.651466930806848],[107.36661793025176,16.651437074521922],[107.3666087795081,16.65142341029286],[107.36659937394937,16.651401666791813],[107.36658522962462,16.651389766885185],[107.36658053148213,16.651378891015977],[107.36656638716022,16.651366991107686],[107.36655460468293,16.651355352398934],[107.36654309211643,16.651341427868235],[107.36653340039418,16.651332316319891],[107.36652154953899,16.65131991687397],[107.36651743534749,16.651315612456266],[107.36651098114953,16.651309544333753],[107.36650774362776,16.65130650090634],[107.36648941687652,16.65128954667712],[107.36647632726721,16.651278906622558],[107.36645877675659,16.651265488233577],[107.36643022750476,16.651243965980107],[107.36641241539989,16.651232823375857],[107.36638334566709,16.651215844532679],[107.36636421811501,16.651205710614455],[107.3663343383103,16.651195561227201],[107.3663165262147,16.651184418613376],[107.36628874747977,16.651176797169285],[107.36626961982465,16.651166654209032],[107.36624447294672,16.651157016270496],[107.3662308432995,16.651150928872301],[107.36620936434862,16.651140543550746],[107.36620803101279,16.651139562386756],[107.36619835718759,16.65113243976986],[107.36618604394413,16.651125344571014],[107.36617478644709,16.651119518256298],[107.36616247320519,16.651112423055839],[107.36614125386943,16.651099752022592],[107.36612947142203,16.651088112380776],[107.36611219003939,16.651072417178487],[107.3661004076065,16.651060778437756],[107.36609058554022,16.651052801140558],[107.36604143311521,16.651359514964351],[107.36575639792964,16.652962879943271],[107.36545366378056,16.65418385703699],[107.36544555309062,16.654603099438233],[107.36524282818279,16.655124797619472],[107.36518432557149,16.65532399237037],[107.36466406242053,16.656086910521161],[107.36411010137472,16.656878432599747],[107.36356035310207,16.657669959824272],[107.3633625487679,16.658065584807165],[107.36301941970474,16.658657031173195],[107.36265308959639,16.659277061494674],[107.36217690020328,16.659860602315025],[107.36218542491292,16.659905410234753],[107.36231657002192,16.659998892349229],[107.3623293437461,16.660060047459957],[107.36231256040108,16.660108974088892],[107.36223236955789,16.660141740197943],[107.36207611908986,16.660158273153616],[107.36201285178886,16.660215408105536],[107.36148017524224,16.660723132895502],[107.36118066503413,16.661030006164683],[107.36095011917857,16.661201918002423],[107.36105961531442,16.661299924901165],[107.36122359103449,16.6613267372345],[107.36137210654203,16.661305924406008],[107.3614705687004,16.661247439926925],[107.36158326166318,16.661136210573268],[107.3616894375931,16.661209758130951],[107.36171391748249,16.661224358018522],[107.3619640692517,16.661373546810012],[107.36192301244711,16.661478868448182],[107.36185572062782,16.661651489113883],[107.36178986603329,16.661820424011168],[107.361699746912,16.662051603844471],[107.36162625751302,16.662203986198236],[107.3616148064952,16.662227730989393],[107.36138011471789,16.662714369788411],[107.36134913555991,16.662778605432248],[107.36134577026318,16.662793958145205],[107.36129613643699,16.663020382833224],[107.36127831148231,16.663101698877274],[107.36122157685104,16.6632942840134],[107.36111343669722,16.663529627577706],[107.36105613622443,16.663654330292122],[107.36098017065282,16.663783776895041],[107.36097578189141,16.663791255096026],[107.36097494563239,16.663792680163951],[107.36088265036763,16.663949951509061],[107.36075253955762,16.664171660998118],[107.36068065753614,16.664272823425346],[107.36060775930491,16.66437541566329],[107.36053696790241,16.664475043496456],[107.36044215210414,16.664608481656263],[107.36035958048323,16.664680211170797],[107.360116638284,16.664864000102863],[107.35999535571393,16.664919848972072],[107.35957633645343,16.665086096857646],[107.35953903833918,16.665100894815499],[107.359391431235,16.665172680095417],[107.35929748134497,16.665218370828278],[107.35927577597447,16.665243372355089],[107.35918011996988,16.665353553146382],[107.35912660051918,16.665468194380065],[107.35911730071427,16.665488114220786],[107.35910599930759,16.665779835674311],[107.35908227090026,16.666018703154442],[107.35907509916768,16.666090900499743],[107.35903912819867,16.666163755573994],[107.35892514500256,16.666394616655918],[107.35871998642685,16.666594914396288],[107.35838777915818,16.666801855611997],[107.35803004800518,16.6669493344194],[107.35760661883705,16.66692520348159],[107.35760400321686,16.667116441271371],[107.35761854582594,16.667493912161397],[107.35765069756972,16.667689533756345],[107.35768836225778,16.667781778091765],[107.35758697992709,16.667852409241899],[107.35739157537172,16.667966347315158],[107.35726025610768,16.668057572050362],[107.35690569457252,16.668303878753058],[107.35648869472155,16.668540677689812],[107.35635892178455,16.668614370312731],[107.35579757880922,16.668933132977614],[107.35510815075841,16.669305850671321],[107.35509307203994,16.66931400229825],[107.35484143983028,16.669400715855613],[107.35479182971702,16.669417812085733],[107.35474260371828,16.669435970787674],[107.35448358648716,16.669531515911284],[107.35445991442539,16.669543853738137],[107.35425456462156,16.669686831943633],[107.35384663016309,16.669987842280911],[107.35381667945174,16.670010031029079],[107.35374203857816,16.670068165071498],[107.35388429929371,16.67043168566553],[107.35395803852163,16.670620109127064],[107.35409857911421,16.670979231658897],[107.35428211175206,16.671460497929576],[107.35441036117906,16.671659997859557],[107.35477035543187,16.672052933323712],[107.35505690538477,16.672384622796837],[107.35506931913106,16.672398992026601],[107.35510606981738,16.672498791060772],[107.3550880495075,16.672639800335904],[107.35516776777166,16.672956771464538],[107.3552774992405,16.673032948907171],[107.35530641073703,16.673038996733482],[107.3554725038567,16.673073738782744],[107.35575252802417,16.673061501431143],[107.35582558405402,16.673073127323306],[107.35587454990895,16.673184648076013],[107.35593684899466,16.673234544535756],[107.35602092280679,16.673301880670884],[107.35614884833977,16.673372150451996],[107.35637416079011,16.673377626077048],[107.35644464512663,16.673375161737585],[107.35657459527609,16.673371234642079],[107.35661965553828,16.673401065079464],[107.35694359131719,16.67365761293177],[107.35705139282845,16.67375104615769],[107.3572794980805,16.673948748387048],[107.35747444446301,16.674113159378493],[107.35805925274678,16.674594539498148],[107.35832619841698,16.67485697319319],[107.35839225856901,16.674937738307023],[107.35844631346409,16.675018522721341],[107.35855472194096,16.675379455760012],[107.35864516130648,16.675665218527346],[107.35878531917143,16.676161841976736],[107.35888043176664,16.676586322713813],[107.3588897151639,16.676736496928154],[107.35888906477378,16.677190063383804],[107.35888653367516,16.67744139296391],[107.35884426194558,16.678053897964212],[107.35880185645165,16.678591318690682],[107.3588005308614,16.678689545144092],[107.35881559031316,16.678718443075145],[107.35885454287205,16.678741504130105],[107.35927102134791,16.678890975977104],[107.35943588287309,16.678960090403919],[107.35944944287638,16.678988987300052],[107.35941691631133,16.679249041704246],[107.3593726939764,16.67961304145415],[107.35932404384953,16.680023306636024],[107.35933017397936,16.68008981303749],[107.35947939040371,16.680615329259659],[107.35958343643296,16.681002110170851],[107.36024633759682,16.680763016004754],[107.36066885797673,16.680630880253638],[107.36112637435767,16.680461246072664],[107.36137867029787,16.680362512419315],[107.36150485205968,16.680290800073116],[107.36163509763823,16.680229931961964],[107.36260042649043,16.680892921087985],[107.36355111192431,16.681562009775199],[107.36361563669922,16.681798811318338],[107.36367129762235,16.682003086349841],[107.36378523963799,16.682171230574806],[107.36389976987044,16.682340242424541],[107.36395416329894,16.68242051148771],[107.36410798883946,16.682571879249984],[107.36426181369718,16.682723247778721],[107.36439595002712,16.682855240470875],[107.36476936572886,16.683021806751988],[107.36480125398593,16.68303603036464],[107.36483479901153,16.6830509938431],[107.36485974208635,16.683094147634968],[107.36496655109291,16.683278936123958],[107.36496034760644,16.683425673936213],[107.3649588680583,16.683460670815528],[107.36491973330956,16.683582158175827],[107.36485377104445,16.683786923753122],[107.36481216477866,16.683922970451668],[107.36470120129657,16.684285805146963],[107.36466588143581,16.684639941643141],[107.36482560902725,16.685015781215355],[107.36485996489837,16.685096620356731],[107.3649247974197,16.685263550692863],[107.36492550399562,16.685265370070333],[107.36501853195512,16.685504897361298],[107.36503735789077,16.685553371201824],[107.36518932169858,16.685944643134803],[107.36539308754335,16.686469288570592],[107.36552745124897,16.686815241178714],[107.3657102044228,16.687285780603503],[107.36586259958605,16.687676888651126],[107.36597019707284,16.687953028871576],[107.36614040954764,16.688389860280786],[107.36615268110668,16.68858092662807],[107.36604605459857,16.688782913760882],[107.365953389488,16.688903756992772],[107.36555792113911,16.689419478178635],[107.36554573924518,16.689440093431354],[107.36532471182257,16.689814119282236],[107.36526034530529,16.690225949778778],[107.36525700277303,16.69025913055366],[107.36521880776147,16.690638232882907],[107.3652073083816,16.690752374615858],[107.36500820479749,16.691500358217336],[107.36498634419443,16.691576772179726],[107.36488038480503,16.691947159727913],[107.36462876836474,16.692826693255206],[107.36460839112429,16.692897918636689],[107.36457589328442,16.693011517243622],[107.36455489287691,16.693544013021224],[107.36387519044425,16.693821717321143],[107.36281585233255,16.694393102845947],[107.36194407489131,16.694890639973746],[107.36121810699507,16.695549034408572],[107.36115012340639,16.695634797701871],[107.36063689145347,16.696282257560544],[107.36018443501402,16.696999669461427],[107.35991678538763,16.697418599327541],[107.35965280332209,16.697732323862581],[107.35927534403221,16.698095145000416],[107.3589013156397,16.698333641253289]]]},"properties":{"OBJECTID":8,"maNhanDang":"025NAD03000001","ngayThuNhan":1734652800000,"ngayCapNhat":1737331200000,"maDoiTuong":"AD03","maDonViHanhChinh":"19831","ten":"xã Phong Bình","dienTich":17.356999999999999,"soLuongMoLietSiChonCatBanDauTrenDiaBan":474,"soLuongMoLietSiDaTimKiemTrenDiaBan":238,"soMoLietSiDoGiaDinhChamSocQuanLy":171,"soMoChuyenDenTuDiaPhuongKhac":0,"soMoDaBanGiaoDiaPhuongKhac":0,"thongTinChung":null,"nguonCungCapThongTin":"BCĐ 515 tỉnh Thừa Thiên Huế","thoiGianCapNhat":"20/01/2025","donViCapNhat":"Cục Tác chiến/BTTM","soLuongMoLietSiChuaTimKiemQuyTapTrenDiaBan":227,"danSo":6152,"soMoLietSiTrongNghiaTrangLietSiDiaPhuong":67,"soMoCoHaiCot":238,"soMoKhongCoHaiCot":0,"soMoCoDuThongTin":0,"soMoCoMotPhanThongTin":238,"SHAPE_Length":26706.731773420073,"SHAPE_Area":17357070.903609868,"soMoChuaXacDinhDuocThongTin":0}},{"type":"Feature","id":9,"geometry":{"type":"Polygon","coordinates":[[[107.36648476671915,16.693227141902728],[107.3657933206423,16.693270621038064],[107.36505673411254,16.693394644364012],[107.36455489287691,16.693544013021224],[107.36457589328442,16.693011517243622],[107.36460839112429,16.692897918636689],[107.36462876836474,16.692826693255206],[107.36488038480503,16.691947159727913],[107.36498634419443,16.691576772179726],[107.36500820479749,16.691500358217336],[107.3652073083816,16.690752374615858],[107.36521880776147,16.690638232882907],[107.36525700277303,16.69025913055366],[107.36526034530529,16.690225949778778],[107.36532471182257,16.689814119282236],[107.36554573924518,16.689440093431354],[107.36555792113911,16.689419478178635],[107.365953389488,16.688903756992772],[107.36604605459857,16.688782913760882],[107.36615268110668,16.68858092662807],[107.36614040954764,16.688389860280786],[107.36597019707284,16.687953028871576],[107.36586259958605,16.687676888651126],[107.3657102044228,16.687285780603503],[107.36552745124897,16.686815241178714],[107.36539308754335,16.686469288570592],[107.36518932169858,16.685944643134803],[107.36503735789077,16.685553371201824],[107.36501853195512,16.685504897361298],[107.36492550399562,16.685265370070333],[107.3649247974197,16.685263550692863],[107.36485996489837,16.685096620356731],[107.36482560902725,16.685015781215355],[107.36466588143581,16.684639941643141],[107.36470120129657,16.684285805146963],[107.36481216477866,16.683922970451668],[107.36485377104445,16.683786923753122],[107.36491973330956,16.683582158175827],[107.3649588680583,16.683460670815528],[107.36496034760644,16.683425673936213],[107.36496655109291,16.683278936123958],[107.36485974208635,16.683094147634968],[107.36483479901153,16.6830509938431],[107.36480125398593,16.68303603036464],[107.36476936572886,16.683021806751988],[107.36439595002712,16.682855240470875],[107.36426181369718,16.682723247778721],[107.36410798883946,16.682571879249984],[107.36395416329894,16.68242051148771],[107.36389976987044,16.682340242424541],[107.36378523963799,16.682171230574806],[107.36367129762235,16.682003086349841],[107.36361563669922,16.681798811318338],[107.36355111192431,16.681562009775199],[107.36260042649043,16.680892921087985],[107.36163509763823,16.680229931961964],[107.36150485205968,16.680290800073116],[107.36137867029787,16.680362512419315],[107.36112637435767,16.680461246072664],[107.36066885797673,16.680630880253638],[107.36024633759682,16.680763016004754],[107.35958343643296,16.681002110170851],[107.35947939040371,16.680615329259659],[107.35933017397936,16.68008981303749],[107.35932404384953,16.680023306636024],[107.3593726939764,16.67961304145415],[107.35941691631133,16.679249041704246],[107.35944944287638,16.678988987300052],[107.35943588287309,16.678960090403919],[107.35927102134791,16.678890975977104],[107.35885454287205,16.678741504130105],[107.35881559031316,16.678718443075145],[107.3588005308614,16.678689545144092],[107.35880185645165,16.678591318690682],[107.35884426194558,16.678053897964212],[107.35888653367516,16.67744139296391],[107.35888906477378,16.677190063383804],[107.3588897151639,16.676736496928154],[107.35888043176664,16.676586322713813],[107.35878531917143,16.676161841976736],[107.35864516130648,16.675665218527346],[107.35855472194096,16.675379455760012],[107.35844631346409,16.675018522721341],[107.35839225856901,16.674937738307023],[107.35832619841698,16.67485697319319],[107.35805925274678,16.674594539498148],[107.35747444446301,16.674113159378493],[107.3572794980805,16.673948748387048],[107.35705139282845,16.67375104615769],[107.35694359131719,16.67365761293177],[107.35661965553828,16.673401065079464],[107.35657459527609,16.673371234642079],[107.35644464512663,16.673375161737585],[107.35637416079011,16.673377626077048],[107.35614884833977,16.673372150451996],[107.35602092280679,16.673301880670884],[107.35593684899466,16.673234544535756],[107.35587454990895,16.673184648076013],[107.35582558405402,16.673073127323306],[107.35575252802417,16.673061501431143],[107.3554725038567,16.673073738782744],[107.35530641073703,16.673038996733482],[107.3552774992405,16.673032948907171],[107.35516776777166,16.672956771464538],[107.3550880495075,16.672639800335904],[107.35510606981738,16.672498791060772],[107.35506931913106,16.672398992026601],[107.35505690538477,16.672384622796837],[107.35477035543187,16.672052933323712],[107.35441036117906,16.671659997859557],[107.35428211175206,16.671460497929576],[107.35409857911421,16.670979231658897],[107.35395803852163,16.670620109127064],[107.35388429929371,16.67043168566553],[107.35374203857816,16.670068165071498],[107.35381667945174,16.670010031029079],[107.35384663016309,16.669987842280911],[107.35425456462156,16.669686831943633],[107.35445991442539,16.669543853738137],[107.35448358648716,16.669531515911284],[107.35474260371828,16.669435970787674],[107.35479182971702,16.669417812085733],[107.35484143983028,16.669400715855613],[107.35509307203994,16.66931400229825],[107.35510815075841,16.669305850671321],[107.35579757880922,16.668933132977614],[107.35635892178455,16.668614370312731],[107.35648869472155,16.668540677689812],[107.35690569457252,16.668303878753058],[107.35726025610768,16.668057572050362],[107.35739157537172,16.667966347315158],[107.35758697992709,16.667852409241899],[107.35768836225778,16.667781778091765],[107.35765069756972,16.667689533756345],[107.35761854582594,16.667493912161397],[107.35760400321686,16.667116441271371],[107.35760661883705,16.66692520348159],[107.35803004800518,16.6669493344194],[107.35838777915818,16.666801855611997],[107.35871998642685,16.666594914396288],[107.35892514500256,16.666394616655918],[107.35903912819867,16.666163755573994],[107.35907509916768,16.666090900499743],[107.35908227090026,16.666018703154442],[107.35910599930759,16.665779835674311],[107.35911730071427,16.665488114220786],[107.35912660051918,16.665468194380065],[107.35918011996988,16.665353553146382],[107.35927577597447,16.665243372355089],[107.35929748134497,16.665218370828278],[107.359391431235,16.665172680095417],[107.35953903833918,16.665100894815499],[107.35957633645343,16.665086096857646],[107.35999535571393,16.664919848972072],[107.360116638284,16.664864000102863],[107.36035958048323,16.664680211170797],[107.36044215210414,16.664608481656263],[107.36053696790241,16.664475043496456],[107.36060775930491,16.66437541566329],[107.36068065753614,16.664272823425346],[107.36075253955762,16.664171660998118],[107.36088265036763,16.663949951509061],[107.36097494563239,16.663792680163951],[107.36097578189141,16.663791255096026],[107.36098017065282,16.663783776895041],[107.36105613622443,16.663654330292122],[107.36111343669722,16.663529627577706],[107.36122157685104,16.6632942840134],[107.36127831148231,16.663101698877274],[107.36129613643699,16.663020382833224],[107.36134577026318,16.662793958145205],[107.36134913555991,16.662778605432248],[107.36138011471789,16.662714369788411],[107.3616148064952,16.662227730989393],[107.36162625751302,16.662203986198236],[107.361699746912,16.662051603844471],[107.36178986603329,16.661820424011168],[107.36185572062782,16.661651489113883],[107.36192301244711,16.661478868448182],[107.3619640692517,16.661373546810012],[107.36171391748249,16.661224358018522],[107.3616894375931,16.661209758130951],[107.36158326166318,16.661136210573268],[107.3614705687004,16.661247439926925],[107.36137210654203,16.661305924406008],[107.36122359103449,16.6613267372345],[107.36105961531442,16.661299924901165],[107.36095011917857,16.661201918002423],[107.36118066503413,16.661030006164683],[107.36148017524224,16.660723132895502],[107.36201285178886,16.660215408105536],[107.36207611908986,16.660158273153616],[107.36223236955789,16.660141740197943],[107.36231256040108,16.660108974088892],[107.3623293437461,16.660060047459957],[107.36231657002192,16.659998892349229],[107.36218542491292,16.659905410234753],[107.36217690020328,16.659860602315025],[107.36265308959639,16.659277061494674],[107.36301941970474,16.658657031173195],[107.3633625487679,16.658065584807165],[107.36356035310207,16.657669959824272],[107.36411010137472,16.656878432599747],[107.36466406242053,16.656086910521161],[107.36518432557149,16.65532399237037],[107.36524282818279,16.655124797619472],[107.36544555309062,16.654603099438233],[107.36545366378056,16.65418385703699],[107.36575639792964,16.652962879943271],[107.36604143311521,16.651359514964351],[107.36609058554022,16.651052801140558],[107.3661004076065,16.651060778437756],[107.36611219003939,16.651072417178487],[107.36612947142203,16.651088112380776],[107.36614125386943,16.651099752022592],[107.36616247320519,16.651112423055839],[107.36617478644709,16.651119518256298],[107.36618604394413,16.651125344571014],[107.36619835718759,16.65113243976986],[107.36620803101279,16.651139562386756],[107.36620936434862,16.651140543550746],[107.3662308432995,16.651150928872301],[107.36624447294672,16.651157016270496],[107.36626961982465,16.651166654209032],[107.36628874747977,16.651176797169285],[107.3663165262147,16.651184418613376],[107.3663343383103,16.651195561227201],[107.36636421811501,16.651205710614455],[107.36638334566709,16.651215844532679],[107.36641241539989,16.651232823375857],[107.36643022750476,16.651243965980107],[107.36645877675659,16.651265488233577],[107.36647632726721,16.651278906622558],[107.36648941687652,16.65128954667712],[107.36650774362776,16.65130650090634],[107.36651098114953,16.651309544333753],[107.36651743534749,16.651315612456266],[107.36652154953899,16.65131991687397],[107.36653340039418,16.651332316319891],[107.36654309211643,16.651341427868235],[107.36655460468293,16.651355352398934],[107.36656638716022,16.651366991107686],[107.36658053148213,16.651378891015977],[107.36658522962462,16.651389766885185],[107.36659937394937,16.651401666791813],[107.3666087795081,16.65142341029286],[107.36661793025176,16.651437074521922],[107.36663834312223,16.651466930806848],[107.36665482377221,16.651489446279129],[107.36666948276321,16.651507158714328],[107.36667989372583,16.651519741706938],[107.36669041787377,16.651532460714201],[107.36670507687153,16.651550173145974],[107.36672575041729,16.651577752736792],[107.36674695370954,16.651600779767801],[107.36675287027043,16.651607934413654],[107.36675323077944,16.651608370223808],[107.36677940041623,16.6516399990556],[107.36679065318599,16.651656190304198],[107.36681185660599,16.651679226358425],[107.36682887734068,16.651697189136971],[107.36685085701521,16.651723761027032],[107.36687050024094,16.651739707412705],[107.36688961280727,16.651760207266843],[107.3669150147329,16.651777933413399],[107.3669493077407,16.65181160043608],[107.36698518623885,16.651841982870959],[107.36700665117399,16.651862733174607],[107.36704148331548,16.65189184751409],[107.36706085654852,16.651910069762835],[107.36708755984691,16.651937153169321],[107.36710615684859,16.651951840476514],[107.36712866724804,16.651973858857275],[107.36713967355749,16.651981962587609],[107.36716270002218,16.652004568564244],[107.36717396664073,16.652015629562772],[107.36719597082529,16.652031836209854],[107.36722765743482,16.652057154468061],[107.36723733890913,16.652066265188935],[107.36727374816321,16.652092094993986],[107.36730543479236,16.65211741323758],[107.36732507809452,16.652133359569593],[107.36735179556995,16.652150077856785],[107.36736541475575,16.652160490476078],[107.36736934715853,16.65216349614002],[107.36738413447189,16.652173493430432],[107.36740367109219,16.652184952279235],[107.36740837892954,16.652187309521576],[107.36743667345854,16.652200743309169],[107.36745684661321,16.652212146101686],[107.36749771431845,16.652230407348561],[107.36752418714377,16.65223903629208],[107.36755615888093,16.652251713519025],[107.36755858722769,16.652252505110635],[107.36758262234137,16.652260342561348],[107.36761800136065,16.652274547248819],[107.36764446482607,16.652283176282484],[107.36767093767405,16.652291806108636],[107.36771574324243,16.652307034081048],[107.36774430781151,16.652318191032801],[107.3677880773142,16.652332150791835],[107.36781481091946,16.652338512948376],[107.36785543388612,16.652348676672382],[107.36787954489421,16.65235704528537],[107.36791177741303,16.652367454802295],[107.3679324813566,16.652374313104389],[107.36796130565232,16.652383194255616],[107.36798410132931,16.652392580588142],[107.3680096732227,16.652403994813845],[107.36801475764223,16.65240626463142],[107.36803415551258,16.652414131516345],[107.3680543193492,16.652425534350087],[107.36808603049957,16.652440487264855],[107.36810410354576,16.652449362047776],[107.36813266721528,16.652460518950917],[107.3681520556141,16.652468376898391],[107.36817825849101,16.6524792825387],[107.36819764700418,16.652487149513533],[107.36822621162023,16.65249830639161],[107.36824587013631,16.652503896572867],[107.36828019348036,16.652516833166583],[107.36830089734882,16.652523683299101],[107.36834125972847,16.652536122697562],[107.36835919076719,16.652540610658885],[107.36839001361857,16.652548325282297],[107.36840625548754,16.65255238809775],[107.36845264661164,16.652564331306433],[107.36848148135749,16.65257322038951],[107.36852368047784,16.652580099489263],[107.36854647619839,16.652589485753211],[107.36858605378706,16.652598381237706],[107.36861252669489,16.65260701002903],[107.36865340955111,16.65261490684825],[107.36867961246877,16.652625812418766],[107.36871814377818,16.652633447932434],[107.36874880018016,16.652647132758336],[107.36877186590989,16.652654242206562],[107.36879675339163,16.65266615646625],[107.36881011226978,16.652674519566524],[107.36881769764405,16.65267814921139],[107.3688350091256,16.652686433713885],[107.36885177508627,16.652696307098218],[107.36887011818735,16.652702905921242],[107.36888373769315,16.652708992334677],[107.36891021063612,16.652717621987428],[107.36892776795989,16.652720675149041],[107.36894219757522,16.652719942031531],[107.36895425586138,16.652718939720486],[107.36897076784189,16.652720733828719],[107.36898519745664,16.652720000708264],[107.36900749239348,16.652713201204211],[107.36902321871324,16.652711459588385],[107.36904656940875,16.652705928043957],[107.36906518807399,16.652699884189783],[107.36907909265599,16.652693339565399],[107.36909090619326,16.65268424793976],[107.36910770322964,16.65267341011009],[107.36912083221964,16.652663310678776],[107.36913028413885,16.652653977753062],[107.36913275736664,16.652652322571797],[107.3691510180325,16.652640105775792],[107.36916649949535,16.652630266714628],[107.36919248758431,16.652612353665809],[107.36921243675387,16.652594946857167],[107.36924524489754,16.65256971649454],[107.36926755578162,16.652552560010822],[107.36929905690069,16.652528338253326],[107.36931874624909,16.652513198171849],[107.36933816467084,16.652500334887929],[107.36936389778532,16.652474342569498],[107.36937754810265,16.652459699698095],[107.36939594535177,16.652435202247695],[107.36940514219414,16.65241778102834],[107.36941830112758,16.652386960469652],[107.36941904669666,16.652385103717076],[107.36942672248527,16.652365993479005],[107.36943778124427,16.652332645900554],[107.36944515620634,16.652310410841135],[107.36945516866845,16.652275803322823],[107.36946122818749,16.652254576972414],[107.36947229630603,16.652221229286262],[107.36947940126549,16.65220127011159],[107.36948470046443,16.652166151885762],[107.3694831448922,16.652148706335968],[107.3694818837176,16.652118627850651],[107.36947535426788,16.652102947371212],[107.36946908555709,16.652085000145526],[107.36945871230311,16.652065595781579],[107.36945731768826,16.652062986623161],[107.36944291349168,16.652053364515094],[107.36942823836296,16.652046018301647],[107.36940965057224,16.652031331119911],[107.36939365999645,16.652024992709123],[107.3693674571373,16.652014087223094],[107.36935120493231,16.652010019178153],[107.36932683420477,16.652003923796617],[107.36930455326781,16.652000350131836],[107.36927361284172,16.651999298198493],[107.36923141290895,16.651992419249009],[107.36921725346194,16.651990885526523],[107.36917111655941,16.651987030773572],[107.36913912974548,16.651984710749396],[107.36910141403357,16.651979758830279],[107.36908854021428,16.651978068580561],[107.36905420103162,16.651975496297563],[107.3690083247632,16.651969365729272],[107.36897424621388,16.651964517654473],[107.36892836994826,16.651958387067836],[107.36889560779049,16.651952531166142],[107.36884868606772,16.651945131575154],[107.3688206362356,16.651939787297373],[107.36881081055229,16.651937699956651],[107.36877634552251,16.651930380213869],[107.36876649161884,16.651928741249339],[107.36873649890374,16.651923752494408],[107.36871212718228,16.651917650724773],[107.36867412571404,16.651905462635089],[107.36866049700379,16.651899384435282],[107.3686238119208,16.651886187620356],[107.36859656377575,16.65187402297633],[107.36855490948237,16.651852225333496],[107.36853105914888,16.651841580112958],[107.36848913581984,16.651822060136073],[107.36846188756836,16.651809885536682],[107.3684205034323,16.651785821912885],[107.36838303367708,16.651769089315167],[107.36835736069584,16.651753639261937],[107.36831937519794,16.651731085105585],[107.36829108164559,16.651717652329609],[107.36828990869434,16.651717065010729],[107.36824706663806,16.651695604263487],[107.3682187627774,16.651682170690815],[107.36819615106158,16.651670286348189],[107.36818837646607,16.651666200843223],[107.36815772119536,16.651652515897304],[107.36811134438022,16.651630207519819],[107.36808200446379,16.651615505731254],[107.36803903680389,16.651594724777883],[107.36799606626379,16.651573937523953],[107.36796777274145,16.651560503794556],[107.36792480324092,16.651539723738818],[107.36789467855475,16.651521478052743],[107.36786329823586,16.651506819410823],[107.36785616167238,16.651503485408156],[107.3678413243596,16.651493458005437],[107.36783179661225,16.651487018536649],[107.36778882715113,16.651466239351784],[107.36776447053337,16.651449772374637],[107.36773697687585,16.65142951829597],[107.36771288102565,16.651410784565154],[107.36767411003289,16.651384694542308],[107.36765237590357,16.651366211152062],[107.36762514291789,16.651343681276838],[107.36760027072161,16.651321402661203],[107.36758167386689,16.651306724426721],[107.36755548622378,16.651285453598948],[107.36753715927318,16.651268489538658],[107.36750836526296,16.651238879033997],[107.3674900375061,16.651221924914378],[107.36746617997028,16.651195434162457],[107.36746100475906,16.651189433669039],[107.36744579876027,16.651171058168153],[107.36744375289328,16.651168371516068],[107.36742094269363,16.651138422556247],[107.36741361173898,16.651129563222575],[107.36738953193439,16.651100463443534],[107.36736885835224,16.651072883020216],[107.36735683120297,16.651053155944226],[107.36733432657795,16.651020771692032],[107.36732202847689,16.651003320509357],[107.36730450143486,16.650979537011725],[107.36729088777224,16.65096308458704],[107.36726943892081,16.650931969203285],[107.36725295826237,16.650909453781914],[107.3672280927847,16.650876809212452],[107.36721291728584,16.650853286112046],[107.36719984378783,16.650832290036707],[107.36718325383123,16.650812241069165],[107.36718297417337,16.65081190280041],[107.36709305498849,16.65070323619161],[107.36697100874582,16.650612840561664],[107.36684484572208,16.650527758320038],[107.36682040854477,16.650511277673516],[107.36674463312202,16.650438392368009],[107.36671515101666,16.650410035283794],[107.366631936148,16.65030426838009],[107.366577031698,16.650201579310536],[107.36656560955909,16.65014397816136],[107.36655672683159,16.650099186286564],[107.36655626531687,16.650019815985139],[107.36655610374392,16.649992017545383],[107.36661337907005,16.649746428506223],[107.3667169748291,16.649601840628289],[107.36681554788349,16.649552913215221],[107.36692820392533,16.649641255456388],[107.36721527010559,16.64979930868353],[107.36733331676339,16.649821862129745],[107.36743838032967,16.649796760860411],[107.36760373006116,16.649633541501789],[107.36773211452041,16.649488670101668],[107.36784317458648,16.649354578234483],[107.36788254302623,16.649261886801497],[107.36795598720278,16.649043946607978],[107.36821887999341,16.648748157006295],[107.3683176724861,16.648717152321758],[107.36845401633674,16.64871559472553],[107.3686018000555,16.64863622913542],[107.36877132178708,16.648557936665096],[107.36884092932961,16.648424364090285],[107.36890844046582,16.648369815134821],[107.36903910043927,16.648410149415927],[107.36927555855509,16.648485124447397],[107.36938843527254,16.648591388622265],[107.36948979819363,16.648769486796766],[107.3697094279794,16.648988059439922],[107.36995967811907,16.649176405640766],[107.37007314361085,16.649330464549706],[107.37017968094047,16.649503973762336],[107.37036433939524,16.649631111118428],[107.37049928992823,16.649682604795814],[107.37066394155967,16.649684342545541],[107.37074896903985,16.649631383108087],[107.37079466604611,16.649577609666004],[107.37082653335078,16.649478573662051],[107.37081485597554,16.649394387872213],[107.37072665643416,16.649290388036572],[107.37058054377124,16.649160530202312],[107.37039620060747,16.649000039064159],[107.37034033347878,16.648942376410776],[107.37024907371072,16.648848182708967],[107.37012291978985,16.64870091750122],[107.37002011241061,16.648537754841385],[107.37000058790264,16.648457252136627],[107.36998617198451,16.648346405715444],[107.36999170676428,16.648315668695862],[107.37001741372482,16.648233435736035],[107.37005369692639,16.648051990199662],[107.3701411757915,16.647907585236542],[107.37023697384154,16.647834787596068],[107.37032551085321,16.647776412520216],[107.37036181373213,16.647704295023686],[107.37031578129361,16.647590097383326],[107.37019520288656,16.647462411457798],[107.37012668409929,16.647334129420518],[107.37010278565435,16.647205338183486],[107.37013785391306,16.647032851391955],[107.37024764335477,16.646888190488436],[107.37034370455464,16.646836901036494],[107.37045525770388,16.646835625692511],[107.37054538185994,16.646906297739893],[107.37065135005749,16.647055661717093],[107.37078329242055,16.647137294451227],[107.37087950161749,16.647141978381782],[107.37095634704858,16.647128430320485],[107.37102536822512,16.64707948860698],[107.37105136584398,16.647013534014757],[107.37105932052727,16.646993354624168],[107.37108990180525,16.646874596308887],[107.37111195508392,16.646820806901438],[107.37112832239508,16.646780884613175],[107.37116900480231,16.646749596580118],[107.37124901703628,16.646719123415586],[107.37134551177593,16.646711165292434],[107.37140421462199,16.646730202909747],[107.37148882078756,16.646783142779991],[107.37158623111723,16.646846908087142],[107.37161533444102,16.646865959003172],[107.37173717971989,16.646917177407676],[107.3718642846363,16.646953998699423],[107.37191543838712,16.646967913874388],[107.37203332606396,16.646999983256066],[107.37211120830382,16.646987702948479],[107.3721514054288,16.646929872116882],[107.37215735349076,16.646807298015037],[107.37217537678238,16.646685740223894],[107.3721854167532,16.646618027743251],[107.37226297256341,16.646475582079919],[107.37235364741687,16.646323045975297],[107.37244430627382,16.646180865883213],[107.37254721882414,16.646087239926295],[107.37266215938301,16.646013333442227],[107.37276629810214,16.645980871848014],[107.3728626863554,16.645957231457427],[107.37287698007036,16.645953725534309],[107.37302045471111,16.645911714345544],[107.37317783297527,16.645863138372494],[107.37335641451574,16.645837597667935],[107.37350585824613,16.645836540150874],[107.37364740639318,16.64586226107906],[107.37377086324499,16.645879107782747],[107.37387683173478,16.645851441299929],[107.37390944752107,16.645814464705769],[107.37392225706516,16.64579994235865],[107.37398657916164,16.645670577189492],[107.37400508325912,16.645643514569283],[107.37411017071207,16.645489818305784],[107.37426817055088,16.645376604382665],[107.37444971674694,16.645258101792493],[107.37456218752826,16.645188126890343],[107.37459630248809,16.64516690257944],[107.37489677075764,16.644977241508698],[107.37502141611989,16.644902088149966],[107.37510486419103,16.64485240280726],[107.37519726328448,16.644777206788675],[107.37528142765166,16.644651386392461],[107.37536559097856,16.644525565985546],[107.3756387619048,16.644361106321597],[107.3757421247626,16.644298975004631],[107.37577125295986,16.644248449270247],[107.37576810921111,16.644172061321822],[107.37576594444749,16.644119446069737],[107.37576099783227,16.644081898703408],[107.37572491596008,16.643808010718271],[107.37575698586838,16.643698379487816],[107.37575717556129,16.643697728719864],[107.37580699189776,16.643527431234233],[107.37584333525379,16.64345889705605],[107.37589866919501,16.64342241243207],[107.37591617875258,16.643419226299937],[107.3758975764589,16.643202275836963],[107.37587251858835,16.642910039483247],[107.37592943996535,16.642751045327948],[107.37593685310031,16.642738372420332],[107.3759902519231,16.642647090166079],[107.37600435044693,16.642622988448419],[107.37605084355182,16.642543509691638],[107.37622711788529,16.642309090777424],[107.37648940728181,16.641960282349757],[107.37683142925081,16.641443379755948],[107.37707504416161,16.641092881514364],[107.37732260761999,16.640743812966132],[107.37756353452713,16.640417406366691],[107.37774715650616,16.64012968600084],[107.37804053799046,16.639698519612079],[107.37834855659928,16.63926251668147],[107.37870485095624,16.638767377715595],[107.37893800284337,16.638408865274133],[107.37897822471416,16.638347717104601],[107.37899941544732,16.63831660353846],[107.37919022567685,16.638036675154456],[107.37937603965861,16.63776558617278],[107.37942783666854,16.637690284531214],[107.37943414556639,16.637681176117372],[107.37968436959547,16.637376302358788],[107.38021084436471,16.636805037471426],[107.3806439573859,16.636349975504185],[107.38102891463001,16.635945103700635],[107.38158835975253,16.635349533005741],[107.38227320461426,16.634611825488047],[107.3830968229082,16.63371114392908],[107.38366800156467,16.633076925227474],[107.38423979708267,16.632453641228814],[107.38462650072751,16.631996174084179],[107.38483727290577,16.631653764099422],[107.38495241796126,16.631376225546163],[107.38514856284948,16.630799990951662],[107.38546588561147,16.630022596245624],[107.38571307681075,16.62936879639064],[107.38592541856505,16.628767216621366],[107.38610308016467,16.628253551061817],[107.38621934756053,16.627946193886409],[107.38643842797356,16.627346801069056],[107.38649358030356,16.627128093891745],[107.38653912258354,16.626748233742795],[107.38658706059032,16.626145082484975],[107.38665193869488,16.62549074253176],[107.38667153386935,16.625194042329969],[107.38668851140214,16.625072178432507],[107.38677183168463,16.624719810372206],[107.38685201042344,16.624498951860879],[107.38685202033726,16.624498920130304],[107.38692777971112,16.624312171595147],[107.38699242033947,16.624056802934788],[107.38699531088129,16.623973040899017],[107.38697832061678,16.623862923353144],[107.38691007697095,16.623688403209719],[107.38682408354943,16.623495576057891],[107.38677096334324,16.623372952636892],[107.38669343341007,16.623227611933988],[107.38664529850095,16.623155266539463],[107.38658402853015,16.623087219324876],[107.38652083804874,16.623033806443797],[107.38613479738635,16.622759485052434],[107.38577256598585,16.622514331467446],[107.3857721915975,16.622514059350536],[107.38502394147264,16.621989069692528],[107.38386107984063,16.621187859935951],[107.38298069407762,16.620600931315469],[107.38207166955829,16.620061266773682],[107.3817509328257,16.619856804598108],[107.3815066950033,16.619676246499356],[107.38091840394101,16.619197896412146],[107.38050767486627,16.61891120171537],[107.38036593699046,16.618830713500166],[107.38026110914122,16.618785036637849],[107.38015487316845,16.618740348748634],[107.38004656902876,16.618697372836881],[107.37996216962918,16.618653202379139],[107.37989722331913,16.618592913847365],[107.37976630252726,16.618383684367469],[107.3796748544177,16.618221596424817],[107.3796748993052,16.618221589587076],[107.37970382374067,16.618216123556497],[107.37983938642427,16.618190504207305],[107.3801516102528,16.618022097793467],[107.38020112063782,16.618000766242364],[107.38035734994396,16.617943351697054],[107.381082278623,16.617576990461078],[107.38155752875095,16.617345632972132],[107.38183562009573,16.617236475212703],[107.38211857931778,16.617156023419966],[107.38233721467185,16.617027561716387],[107.38272542188082,16.616712133504581],[107.38302683428857,16.616467227543104],[107.38323892944285,16.616366609455227],[107.38338547497396,16.616300289651388],[107.38348122693075,16.616243732394135],[107.38357366726369,16.616188647600904],[107.38365701965253,16.616152612683447],[107.38376579044977,16.616130795306692],[107.38386449948555,16.616120026410048],[107.38393918228812,16.616104903691518],[107.38402722985658,16.616071792124703],[107.38413223884262,16.616027741567329],[107.38423410210837,16.615994878717512],[107.38431472764098,16.615988258465524],[107.38441066172511,16.615974174332994],[107.38450326008881,16.615934271470628],[107.38456077619921,16.615887613386118],[107.38460445599425,16.615813406247572],[107.38464441433797,16.615744276105829],[107.38471778108361,16.615674431723157],[107.38481048819729,16.615611494331812],[107.3850084833347,16.615496653701978],[107.38514628707973,16.615396653986966],[107.38528367140239,16.615283875058481],[107.38539346245921,16.615197889646325],[107.38548921413259,16.615141331593222],[107.3856014092493,16.61509501629989],[107.38573672650716,16.615072178516691],[107.38652616033777,16.614143800861665],[107.39125288976255,16.607276518669824],[107.39126739872954,16.60726410163586],[107.39129895405084,16.607243310570443],[107.3914906500974,16.607166588574657],[107.39268087594843,16.606908816048911],[107.39550876597038,16.6062962315176],[107.3965097932733,16.60611777161575],[107.40472929019793,16.604273672157557],[107.412963460206,16.602468920259039],[107.41438004678372,16.602153011102235],[107.4145742267323,16.602093101871141],[107.41508331482319,16.602030744617082],[107.41804955546071,16.601472717830209],[107.41815728342986,16.601906727523858],[107.41980924450543,16.607002913977951],[107.41982570290715,16.607030666294072],[107.41984234079106,16.607061004510726],[107.42028205756387,16.607819252825053],[107.42074556420543,16.608527693006327],[107.42043792712929,16.608593048605584],[107.42038815992531,16.608650293235996],[107.42010165365525,16.608775444509902],[107.41947441594517,16.609049430983312],[107.41928349909153,16.609041725122921],[107.4189187630663,16.609112435358838],[107.41840271965467,16.60928251943956],[107.41786134053611,16.60946095207029],[107.41739178534357,16.609753728374251],[107.4169075653278,16.60997473349985],[107.41642349718076,16.610145526894268],[107.41609539089134,16.61040283154064],[107.41592537814638,16.610453827248755],[107.41616265432779,16.610913021185649],[107.41734709013227,16.613188021357246],[107.41757307993836,16.613622082047346],[107.41757698477018,16.613628514261713],[107.41757163216174,16.613630886339621],[107.41753026383999,16.613649221861351],[107.41747683560678,16.613672902642861],[107.41685605925157,16.613946125322535],[107.41617339550598,16.614183307725703],[107.41539153671856,16.614420209061034],[107.41488878180886,16.614616050678649],[107.41440833513531,16.614849766238638],[107.41413132002749,16.614984520101792],[107.4134856281341,16.615293527292629],[107.41341324020442,16.615346890940767],[107.41334539081937,16.615396909239401],[107.41236986742609,16.615739466819669],[107.41219197990904,16.615802084244653],[107.41090640937317,16.616254603990402],[107.41005206785339,16.616543715442671],[107.40917878597601,16.616837550964409],[107.40899947695269,16.616932921359222],[107.40901269260588,16.617763104930606],[107.40906420653002,16.630737858298769],[107.40873380675363,16.633338377499708],[107.40863371812959,16.634126146737756],[107.40808604003524,16.638436738038749],[107.40834266083203,16.638651288374739],[107.40908696774031,16.6388840276529],[107.41054710130499,16.63949951705629],[107.41143359696267,16.639952967442444],[107.41216282844709,16.640398649397948],[107.41237829091776,16.64056589709126],[107.41258801772199,16.640831088128895],[107.41274546025876,16.641151073387064],[107.41286511816385,16.641381578485522],[107.41290484266653,16.641542364333212],[107.4129856480518,16.641756854813597],[107.41306233252816,16.642031880041781],[107.41318299785426,16.642362967125223],[107.41352044073568,16.642830850357335],[107.41403999395568,16.643430372062269],[107.41479667744785,16.644350281231596],[107.41517313560504,16.644783119482092],[107.41600102879899,16.645748138594676],[107.41568970456588,16.646061741404978],[107.41580506155752,16.6462164148559],[107.41632122443393,16.646900866063437],[107.41700633545362,16.647791910780139],[107.41738967405522,16.648228307226674],[107.41785828351064,16.648804207519682],[107.41795586370814,16.648954998277343],[107.41890671340626,16.650128196955752],[107.41824551630559,16.650480222850909],[107.41778203628709,16.650734029957601],[107.41742853711582,16.650918291212918],[107.41705510598649,16.651122106199878],[107.41672194607537,16.651276058886268],[107.41634375668771,16.651440639571739],[107.41601015202424,16.651648358867025],[107.41594519692839,16.651707276634284],[107.41590105592294,16.651857885507326],[107.41585598461327,16.651975416886479],[107.41570142693007,16.652121739210788],[107.41533302185883,16.652459488583176],[107.41533170518565,16.652460750497944],[107.41529334172888,16.652499138485997],[107.41528043584462,16.6525507930569],[107.41529148842334,16.653017301138725],[107.41533493274514,16.653343560984084],[107.41549545807095,16.653795580366346],[107.41560393348057,16.654131239881472],[107.41594186918203,16.654723105680013],[107.41629354536524,16.655452820247962],[107.4164302227242,16.655794071387373],[107.41653018156288,16.655940296471247],[107.4167426296582,16.656212086998988],[107.41721728734876,16.656792678014433],[107.41619546314286,16.65763158415113],[107.41534387308583,16.658438262639969],[107.41506870421692,16.658933081553961],[107.41452176390226,16.660193914099263],[107.41419830369573,16.66104528976647],[107.41404664052907,16.661572572776791],[107.41410598135928,16.662097397914181],[107.41397041183676,16.662505828828294],[107.41304973235566,16.663415018493538],[107.41164157692778,16.66471978114868],[107.40874617289361,16.666635164259255],[107.40748986144526,16.667429572439374],[107.40616579089289,16.667971242893671],[107.40609134670763,16.668001696840733],[107.40544266288583,16.668267066025393],[107.40267511355933,16.669163757093653],[107.40052961553623,16.669538857334736],[107.3999054814323,16.669608350015306],[107.39910900806146,16.669685204158721],[107.39850542977084,16.6697467998371],[107.39791389961088,16.66979288608243],[107.39708516786968,16.669871626431721],[107.39643620535828,16.669905793676435],[107.39612208284126,16.669922770685297],[107.39585513696804,16.669933831157728],[107.39588808120067,16.670579329917583],[107.39591604212676,16.670811021995725],[107.39601279183776,16.671379532933503],[107.39608372456264,16.671839708984226],[107.39611458722449,16.6722472080397],[107.39612792681262,16.672423338755152],[107.3961400903205,16.67269998757585],[107.39618344288405,16.673044794203477],[107.39620722986795,16.673233982540062],[107.39628492035246,16.67384174792193],[107.39632471007853,16.674038773388958],[107.39630008371715,16.674118495635103],[107.39621773023231,16.674310015379778],[107.39612765674845,16.674660918933615],[107.39606993485202,16.674740726115019],[107.39603077502802,16.674764438968662],[107.39600399379941,16.674780656417468],[107.39592727580867,16.674804915034279],[107.39561490245762,16.674903686754437],[107.3947265701845,16.675205449278238],[107.39438220601947,16.675337605777365],[107.39398748521431,16.675489088040361],[107.39331359282777,16.675747702947909],[107.39304304753222,16.675851527611673],[107.39277353665513,16.675955359871349],[107.39228834198857,16.676142285284637],[107.39195519438364,16.676242970383058],[107.39188360700884,16.676266085255236],[107.39168479538226,16.676330278072708],[107.39168255886003,16.676331000375153],[107.39156350975433,16.676330710037522],[107.39150114449185,16.676330557914174],[107.39132710549433,16.676361371836585],[107.39091522322974,16.676434294253479],[107.39054506082253,16.676499173278355],[107.3904017250057,16.677056677655671],[107.39060430531646,16.677449195886869],[107.39078824564717,16.677777408245525],[107.39078089139639,16.67782022043718],[107.39038929723934,16.678256715569319],[107.38986125562151,16.678833209341921],[107.38949314775788,16.679162330201954],[107.38941785976876,16.679337414650352],[107.38953516509382,16.680088472385673],[107.38952836784655,16.680094079211518],[107.38952454629782,16.680097428598867],[107.38951420314838,16.680107147648854],[107.38941147452803,16.680196723111322],[107.38935169941497,16.680248844012596],[107.38909547811261,16.680460002936101],[107.38828593041221,16.681164852006138],[107.3876971836829,16.681842775829459],[107.387646257783,16.681944178173648],[107.38763179609467,16.681972973229328],[107.38762544283657,16.681987474451081],[107.38755693150392,16.682139413897435],[107.38749002882174,16.682295844176796],[107.38748974056536,16.682296480733889],[107.38743715167031,16.682424510607628],[107.3874357097616,16.682428020404224],[107.38733126419051,16.682662379212204],[107.38711578531249,16.683341653155782],[107.38707941311456,16.683504578397216],[107.38704467545838,16.683653696411451],[107.38704407230651,16.683656598529481],[107.38672222466749,16.684850524657687],[107.38665271686813,16.685151719423398],[107.38651136766853,16.685622738912326],[107.38625672668357,16.686251113748501],[107.38610343370637,16.686484709564557],[107.38591471500622,16.686772329880149],[107.38546456947901,16.687200579991423],[107.38533858139691,16.687320439776691],[107.38472295664302,16.687866309916156],[107.38416860999541,16.688270782784141],[107.38360858499874,16.688610805990646],[107.3831816231844,16.688821391947982],[107.3805534563526,16.689998322490261],[107.37916372187279,16.690716989557718],[107.37764743093231,16.691613677283076],[107.37699406805312,16.692027703637294],[107.37683156950129,16.692124639379848],[107.37682877721863,16.692126294752718],[107.37526152047261,16.693061235592317],[107.3744692181871,16.693317520904905],[107.37366728869686,16.693391079339495],[107.37274817031222,16.693425988616145],[107.37116386499342,16.693333611655014],[107.36886550072252,16.693253242019615],[107.36756399461356,16.693205898333428],[107.36648476671915,16.693227141902728]]]},"properties":{"OBJECTID":9,"maNhanDang":"025NAD03000001","ngayThuNhan":1734652800000,"ngayCapNhat":1737331200000,"maDoiTuong":"AD03","maDonViHanhChinh":"19837","ten":"xã Phong Chương","dienTich":35.707000000000001,"soLuongMoLietSiChonCatBanDauTrenDiaBan":422,"soLuongMoLietSiDaTimKiemTrenDiaBan":240,"soMoLietSiDoGiaDinhChamSocQuanLy":246,"soMoChuyenDenTuDiaPhuongKhac":0,"soMoDaBanGiaoDiaPhuongKhac":0,"thongTinChung":null,"nguonCungCapThongTin":"BCĐ 515 tỉnh Thừa Thiên Huế","thoiGianCapNhat":"20/01/2025","donViCapNhat":"Cục Tác chiến/BTTM","soLuongMoLietSiChuaTimKiemQuyTapTrenDiaBan":135,"danSo":6815,"soMoLietSiTrongNghiaTrangLietSiDiaPhuong":236,"soMoCoHaiCot":246,"soMoKhongCoHaiCot":0,"soMoCoDuThongTin":0,"soMoCoMotPhanThongTin":247,"SHAPE_Length":33264.977480510279,"SHAPE_Area":35486746.374681793,"soMoChuaXacDinhDuocThongTin":235}},{"type":"Feature","id":10,"geometry":{"type":"Polygon","coordinates":[[[107.4662639424855,16.68279117835587],[107.46625210929741,16.682808752724078],[107.46622744325713,16.68284538662585],[107.46613539133619,16.682918181682719],[107.46601870054347,16.683003219849699],[107.46592756807449,16.683147702779785],[107.46585949110325,16.683261944564443],[107.46584867826088,16.683280089374691],[107.46568997973583,16.683473175448405],[107.465531050091,16.683648339459644],[107.46528410089667,16.683828690916936],[107.4651901636734,16.683892075132086],[107.4649169886861,16.684053066083987],[107.46478127427817,16.684201663964121],[107.4644350111863,16.683330143363737],[107.4642473045399,16.682878221733031],[107.45987449082715,16.673019550068702],[107.45994399922131,16.672978903754103],[107.463200126253,16.671074797453127],[107.46387063008234,16.670612140313796],[107.46430638293555,16.670311462730453],[107.46484020521652,16.669943112815666],[107.46649993296016,16.668987593556874],[107.46983463781666,16.666628143663065],[107.47446022230936,16.663233330841106],[107.47479206822722,16.662983931351206],[107.47497003719123,16.662850177585817],[107.48047707739096,16.659649108437701],[107.48709841580245,16.65527784397376],[107.4899895668766,16.654474187983745],[107.49518096812442,16.649028353656817],[107.49970400710016,16.647317698034971],[107.49971344998059,16.647327299697174],[107.50090675543133,16.648533636359726],[107.50150898142081,16.649142430552764],[107.50182936829449,16.649551757561181],[107.50183108884529,16.649553867594676],[107.50288673006995,16.650848555020772],[107.50289831434802,16.650863854613629],[107.50343495792451,16.651571010077355],[107.50370148894103,16.651905606338921],[107.50417060824959,16.652540742067057],[107.50396437012986,16.652713706459629],[107.50390818970354,16.652760822802392],[107.50375859972209,16.652886278443439],[107.50358774695252,16.653045109867481],[107.50337285805668,16.653244878733599],[107.50314130663905,16.653460137299543],[107.50273211040808,16.653892951105007],[107.50250893018139,16.654129011353422],[107.50240763485196,16.654236152015269],[107.50223580817692,16.654360230465105],[107.50213500238574,16.65443302395418],[107.50206146957026,16.654458596125782],[107.50199967511696,16.654480085619067],[107.5018311604928,16.654538688700967],[107.50177237427145,16.65455913196794],[107.50157969239378,16.654626139719536],[107.50125143111467,16.654839803608027],[107.50123840236704,16.654848283530718],[107.50106342388278,16.654962176063048],[107.50062217144534,16.655347493283646],[107.50056772195386,16.65541481390386],[107.50030008592185,16.655745711298412],[107.49988002141262,16.656044735744189],[107.49915757175884,16.656540988892075],[107.4986427828135,16.656991717097991],[107.49830405012275,16.657253909413036],[107.49821754759125,16.657345242738234],[107.49798121262444,16.657594776459586],[107.49793905972599,16.657639599733503],[107.49749700123036,16.658109661302795],[107.4973284700708,16.658305274206409],[107.49703342399158,16.65849524163362],[107.49662022736933,16.658751159939772],[107.49630736747079,16.658920232720391],[107.49603673043276,16.659066487560125],[107.49552109082752,16.659452692322226],[107.49505870919516,16.659830669031635],[107.4948465638259,16.660004087551155],[107.49458638952073,16.660216766624472],[107.49393167504917,16.660776716039329],[107.49331469696473,16.66137922777866],[107.49306500497416,16.661626002201409],[107.49282172742365,16.661793833075116],[107.49258514308228,16.661904225652695],[107.49245323089099,16.662056376780821],[107.49228469112799,16.66225198666962],[107.4921535209849,16.662461485368318],[107.49195569751124,16.662693296281162],[107.49159463529085,16.6629557493596],[107.49104913488269,16.663335134247795],[107.49049508367381,16.663628585270281],[107.49006680724065,16.663870334699585],[107.48993058336265,16.663964998169504],[107.48989537087655,16.663989467384997],[107.4897203354795,16.664111100106222],[107.48924381911951,16.664542811081002],[107.48919099950479,16.664590663379805],[107.48871297890692,16.665012251372616],[107.48838816466211,16.665202566344785],[107.48836297192258,16.665217397210739],[107.48791572363517,16.66548069164033],[107.48766847034469,16.665674014952678],[107.4875990864207,16.665728265928799],[107.48757057558143,16.665761311276182],[107.48738656546797,16.66597458854098],[107.48722170878028,16.666129561678009],[107.48698322379055,16.666353748598411],[107.48648265799808,16.666824300391795],[107.48554982693463,16.66773888427802],[107.4851836231128,16.66818063346755],[107.4850005668798,16.668405091977284],[107.48481621413359,16.668529189815867],[107.48446889386479,16.668705430374189],[107.48400313513109,16.66892611041331],[107.48356841808624,16.669246792524994],[107.48311277654244,16.669675272104545],[107.48268725147159,16.670132067851238],[107.48237050706442,16.670372466896431],[107.48184626158124,16.670672710617964],[107.4815068333172,16.670884701510229],[107.48130007129751,16.671001896029857],[107.48108688930097,16.671198033966473],[107.48100088056599,16.671280093665342],[107.4808737993089,16.67140133991802],[107.48080311153555,16.671443381589736],[107.48061543864054,16.671555000347421],[107.48053629970275,16.671650010032678],[107.48041034000563,16.671801228626741],[107.48022672018259,16.671982672247257],[107.48002776347973,16.672128451191529],[107.47979272976818,16.672360698093499],[107.47960370410088,16.672699940402296],[107.47944202527505,16.672852441754443],[107.47913894549374,16.672999466041439],[107.47872707718774,16.673362885760408],[107.47830610696118,16.673597358307521],[107.47793553620393,16.673794008318673],[107.47787760644289,16.673824750042819],[107.47753243015651,16.674050443827021],[107.47748666116327,16.674080370599526],[107.4771627424953,16.674342357836608],[107.47687582541258,16.674589563362346],[107.47658073222968,16.674779507431094],[107.476498636069,16.674851366931211],[107.47632328619889,16.675004850055799],[107.47585375479117,16.675512350118385],[107.47551504892252,16.675781683279595],[107.47533068242836,16.675905773450609],[107.47506395033598,16.675987830635172],[107.4747694987899,16.676227953701613],[107.47431455839748,16.676713767789298],[107.47402093386815,16.677018407588839],[107.47377946327327,16.677329594003961],[107.4735581839237,16.677475634705978],[107.473203489881,16.677659117763962],[107.47281234566836,16.677900393933346],[107.47239283208566,16.678249554502102],[107.47190041728514,16.678714302369066],[107.47163681241409,16.679040091721639],[107.47139441406998,16.679279589380485],[107.47098875749145,16.679549715149978],[107.47063470162011,16.679783374922682],[107.47039285370354,16.680065883776585],[107.46988481648346,16.680473456134507],[107.46944178241132,16.680729685908549],[107.4690495219877,16.680884932095637],[107.4687026229979,16.681096994814162],[107.46841573679802,16.681303374995743],[107.46821615629749,16.681446948151908],[107.46790727127828,16.681723084040936],[107.46772081309723,16.681914984830261],[107.4673786596462,16.682267123254992],[107.46715699400329,16.682431527537968],[107.46705443672315,16.682507592511168],[107.46664888805239,16.682739333146195],[107.46656168155089,16.68280555343371],[107.46648738022215,16.682812414276729],[107.46644353379401,16.682777087450265],[107.46642110934059,16.682697420624248],[107.46639157370876,16.682592487045643],[107.4662525324059,16.682385024527484],[107.4661521373236,16.682290623073598],[107.46606475140437,16.682243866401382],[107.46588068238124,16.682250261021167],[107.46561060174351,16.682453102685365],[107.46540400110206,16.682584620652641],[107.46516672909773,16.68264480579364],[107.46502896688197,16.682729511837866],[107.46498679836279,16.682755440652816],[107.46504088672094,16.682760417470075],[107.46524714701221,16.682779394319518],[107.46547632356187,16.682764714421552],[107.46566762235389,16.682696711413033],[107.465777731557,16.682581877624258],[107.46587582870887,16.682497061174743],[107.46596229513965,16.682472130870945],[107.46607424420068,16.682500671032795],[107.46616231999825,16.682601193637222],[107.46625659437724,16.682701643219861],[107.4662639424855,16.68279117835587]]]},"properties":{"OBJECTID":10,"maNhanDang":"025NAD03000001","ngayThuNhan":1734652800000,"ngayCapNhat":1737331200000,"maDoiTuong":"AD03","maDonViHanhChinh":"19840","ten":"xã Phong Hải","dienTich":5.0430000000000001,"soLuongMoLietSiChonCatBanDauTrenDiaBan":11,"soLuongMoLietSiDaTimKiemTrenDiaBan":11,"soMoLietSiDoGiaDinhChamSocQuanLy":11,"soMoChuyenDenTuDiaPhuongKhac":0,"soMoDaBanGiaoDiaPhuongKhac":0,"thongTinChung":null,"nguonCungCapThongTin":"BCĐ 515 tỉnh Thừa Thiên Huế","thoiGianCapNhat":"20/01/2025","donViCapNhat":"Cục Tác chiến/BTTM","soLuongMoLietSiChuaTimKiemQuyTapTrenDiaBan":0,"danSo":3843,"soMoLietSiTrongNghiaTrangLietSiDiaPhuong":0,"soMoCoHaiCot":11,"soMoKhongCoHaiCot":0,"soMoCoDuThongTin":0,"soMoCoMotPhanThongTin":11,"SHAPE_Length":13154.445706140326,"SHAPE_Area":5540911.8916697791,"soMoChuaXacDinhDuocThongTin":0}},{"type":"Feature","id":11,"geometry":{"type":"Polygon","coordinates":[[[107.43092698869623,16.604117571385533],[107.43069740723,16.604188672574665],[107.4304986466244,16.604319632944641],[107.43038656821368,16.604486696258189],[107.43019395261481,16.604635606415684],[107.42962919221974,16.604849246963411],[107.42942189551775,16.60494592275063],[107.42938708883938,16.604962155650888],[107.42925667629262,16.605039504911165],[107.4292003536078,16.605218675139213],[107.42910697749005,16.605349923535627],[107.42892063042646,16.605474939198146],[107.42854201799719,16.605629313858245],[107.42823156342097,16.60579582948424],[107.42778497106777,16.605878286377472],[107.42763025333728,16.605914427051772],[107.42712739218543,16.606031890149278],[107.42648796798436,16.606334979139174],[107.42571194376521,16.606709418423396],[107.42499849756679,16.606886771273604],[107.42444637257069,16.607016747809773],[107.42394371545049,16.607188702641462],[107.42313068439995,16.607497278181739],[107.42234873656687,16.607776049496259],[107.42214398189138,16.607835255004286],[107.42196835944044,16.607883887998977],[107.4217593047879,16.60794177927956],[107.42136215642432,16.608072179160722],[107.42113244348252,16.608185111883444],[107.42074556420543,16.608527693006327],[107.42028205756387,16.607819252825053],[107.41984234079106,16.607061004510726],[107.41982570290715,16.607030666294072],[107.41980924450543,16.607002913977951],[107.41815728342986,16.601906727523858],[107.41804955546071,16.601472717830209],[107.41508331482319,16.602030744617082],[107.4145742267323,16.602093101871141],[107.41438004678372,16.602153011102235],[107.412963460206,16.602468920259039],[107.40472929019793,16.604273672157557],[107.3965097932733,16.60611777161575],[107.39550876597038,16.6062962315176],[107.39268087594843,16.606908816048911],[107.3914906500974,16.607166588574657],[107.39129895405084,16.607243310570443],[107.39126739872954,16.60726410163586],[107.39083519106956,16.606800849102299],[107.39056735574746,16.606497422941786],[107.38993381063744,16.605782202377515],[107.38961014748503,16.60541110688245],[107.38908563815922,16.604804283335987],[107.38882616582349,16.604495457329406],[107.3884550179569,16.604056625251474],[107.38816058825034,16.603718507433499],[107.38815554446268,16.603683881088866],[107.38811546930852,16.603405702760206],[107.38791940472026,16.602488623587977],[107.38787404734819,16.602259018325924],[107.3878738854463,16.602258198154413],[107.38779654268525,16.601866705738914],[107.38779456151421,16.60175178948959],[107.38779258372479,16.601637070126358],[107.38784737152,16.601446875624415],[107.38784740567459,16.601446758702231],[107.38788582739642,16.601313376666994],[107.38843856530151,16.599776673711414],[107.38855341591749,16.599468134561164],[107.38868373814675,16.599118017010849],[107.3886837517616,16.599117981624477],[107.38873944472623,16.598963077015938],[107.38879345102302,16.598686569067649],[107.38883622218445,16.598467601451418],[107.38901795695359,16.597234451277327],[107.38931123575922,16.595244404292018],[107.38955503450143,16.593240673180798],[107.38982052825254,16.591011717187772],[107.39003461317908,16.589394124971026],[107.39008573694157,16.588987602959563],[107.39023857738289,16.587772352818401],[107.39026080778848,16.58758734441842],[107.39026080836591,16.587587163745528],[107.39033307796501,16.586985834716629],[107.39040997071064,16.586346037491804],[107.39054530350056,16.585173924787426],[107.39072115892813,16.583545256232906],[107.39096715273615,16.582070990214273],[107.39097559164378,16.582012767478762],[107.39098232389371,16.581895652704784],[107.3909211226777,16.581675291892154],[107.39044324952026,16.579829662198186],[107.39013967292505,16.578673429467095],[107.39006683210576,16.578441036631901],[107.38988359723373,16.577839774878676],[107.38954983836287,16.576694593234539],[107.38952015447718,16.576580658898269],[107.38938733936668,16.576070861473166],[107.3891222677216,16.575183582541154],[107.38910713488104,16.575132013350785],[107.38897901637752,16.574695400065416],[107.38891622938903,16.574455762811578],[107.38885268875252,16.574213257049976],[107.38858212816831,16.573288060861849],[107.38836742991627,16.572579100700921],[107.38814353974011,16.571837235930541],[107.38799400319382,16.571095890824996],[107.38797902219741,16.571043508526603],[107.38790993870047,16.570784853589657],[107.38789133788639,16.570715413594474],[107.38787493163034,16.570654168760779],[107.38787235742193,16.570644884916518],[107.38786976160733,16.570635520019952],[107.38860905924668,16.57016192227713],[107.39132636989019,16.56839920961626],[107.39174658690079,16.568112975919224],[107.39307989028921,16.567241378808976],[107.39417462988135,16.566545568703713],[107.39493300722161,16.566049392349381],[107.39506501874232,16.565963654702795],[107.39514088370048,16.565914353654637],[107.39529148546875,16.565816560299378],[107.39650708006145,16.565031622706027],[107.39671261160133,16.564896576251499],[107.39809010718191,16.563991727600488],[107.39936969435189,16.563170900426478],[107.40057453798244,16.56236765324989],[107.40196176999416,16.561484223293022],[107.40341469032636,16.560534098322783],[107.40468563060358,16.559707067975172],[107.40545860747278,16.559199326066874],[107.40621343072534,16.558712946399147],[107.40730820521848,16.55800576798141],[107.4081938937024,16.557433993612943],[107.40934181017086,16.556686107792814],[107.40961636934783,16.556505073521244],[107.4096197107489,16.556505495568484],[107.40987923844752,16.556538250774267],[107.41042780084075,16.556595807389908],[107.41046343985437,16.556599546706973],[107.41432753165473,16.557335916462137],[107.41662435899863,16.55779564540186],[107.42263974259741,16.558864513360398],[107.42442966127398,16.559182526147389],[107.42465761102859,16.559223024216898],[107.42474711519225,16.559227728334331],[107.42478787905702,16.559225875357185],[107.42503862619347,16.559214475998875],[107.42515064865141,16.559248933996376],[107.42529692900732,16.559293930379287],[107.42532098830057,16.559301331124889],[107.42559593353539,16.559380992400257],[107.42588594469412,16.559396137522896],[107.42619837366085,16.559375478456733],[107.42647372353322,16.559318851867104],[107.42675648843064,16.559269418343163],[107.42704666932164,16.559227178743612],[107.42708153775284,16.559224620774856],[107.42710913642176,16.559222595550501],[107.42732934932587,16.559206436476071],[107.42753759226242,16.559207008713837],[107.42761200857321,16.559192867276842],[107.42789468834663,16.559172123352685],[107.4281771355095,16.559230283363231],[107.42845960340014,16.559281269527403],[107.42872022542488,16.559174387992257],[107.42898822123938,16.559089046363024],[107.42917396332777,16.559154112933371],[107.42924072919959,16.559211679198789],[107.42952324016284,16.559248317896781],[107.42979825076016,16.559306453969988],[107.43011053258159,16.559336000441977],[107.43038554339573,16.559394137505031],[107.43063803188583,16.559523940998204],[107.43074235738007,16.559540119542831],[107.43092052277879,16.559567750227636],[107.43095441589665,16.559568681638719],[107.43117198951195,16.559574656902559],[107.43121055598165,16.559575716194221],[107.43189478740311,16.559577582103085],[107.43192453662611,16.559577662942388],[107.4319413725365,16.559577708464118],[107.43220715331334,16.559578433423948],[107.4324897708732,16.559579202607249],[107.43277224146094,16.559630182675448],[107.432843710683,16.559664891362512],[107.43302475286687,16.559752811394212],[107.43346321915143,16.559868771587336],[107.43347807241227,16.559875985319017],[107.43375306396064,16.559941289300561],[107.43405051464025,16.559956443413036],[107.43432590420018,16.559885460688367],[107.43453961927213,16.559804767079683],[107.43461615577182,16.559778653037061],[107.43489889118347,16.559779419335229],[107.43518890369684,16.559794551293571],[107.43546385468537,16.559874199765456],[107.43588765637888,16.559918385769549],[107.43589509321529,16.559918406292326],[107.43594963871317,16.559918553370682],[107.43619929331165,16.559919229607242],[107.43620213503893,16.559919237018967],[107.43620746070938,16.559919251510497],[107.43649766173117,16.559869825443378],[107.4367509064592,16.559741394496175],[107.43675247599442,16.559739889291116],[107.43678018205556,16.559726684005827],[107.43724201510179,16.559729648858085],[107.43795490489281,16.559752176632653],[107.43875913135408,16.559846519426639],[107.43876217264311,16.559847127875376],[107.43893199290794,16.559881108230051],[107.43892624822735,16.559907850120634],[107.43891171167803,16.559975509933302],[107.43889487889585,16.560072881073438],[107.43889214141903,16.56014462116778],[107.43889674613915,16.560179474605818],[107.43891063961874,16.56025090163002],[107.43893479890282,16.56034589402935],[107.43894183055021,16.560362236503732],[107.43898696251385,16.560450560804984],[107.43900135369704,16.560474322665769],[107.43900150290013,16.560474568424418],[107.4390358483918,16.560519243008262],[107.43908281753824,16.560576652705056],[107.43918657153482,16.560697577268591],[107.43919573606438,16.560706571651981],[107.43922633787881,16.560735535480003],[107.43928452447054,16.560790614197813],[107.43931932817695,16.560821460065839],[107.4393197858096,16.560821877453265],[107.43932872730116,16.560830042496878],[107.43940949244147,16.560903782796544],[107.43941364813463,16.560907650857633],[107.43948908870676,16.560965691701529],[107.43950557982124,16.560979335382402],[107.43951003108722,16.560983171976691],[107.43951552227412,16.560994544411798],[107.4395184967449,16.561000704442169],[107.43954096276616,16.561058704509847],[107.43954097249471,16.561058733301675],[107.43955527928431,16.561102188158088],[107.43956591952409,16.561134504843402],[107.43957067374839,16.561151540600552],[107.43957945346021,16.561183003773881],[107.43958389567209,16.561211706665606],[107.43958804828534,16.561238534977008],[107.43959336323556,16.561291024325257],[107.43959500610187,16.561307243804645],[107.43959408902739,16.56134337953949],[107.43959467283565,16.56140669802852],[107.43958742285977,16.5614712771544],[107.43958665061739,16.561478155838095],[107.43957434429437,16.561524467929079],[107.43955679917197,16.56157625398982],[107.43955367198613,16.561582437613186],[107.43954963623545,16.561589508988394],[107.43948785373671,16.561697769367672],[107.43946549376489,16.561728899025418],[107.43942921867045,16.561778549545121],[107.4393287373432,16.561863074443323],[107.43929715704931,16.561889639279585],[107.43928406894605,16.561900648496668],[107.43927682909981,16.561905938137702],[107.43920048001567,16.561969992368525],[107.43920043732486,16.561970023580905],[107.43919590000351,16.561973338557774],[107.43908259469096,16.562039878786447],[107.43907290039,16.562045572038265],[107.43898340794281,16.562111572287129],[107.43897295101765,16.56211814073626],[107.43896633475632,16.562123937046707],[107.4389652351316,16.56212490020183],[107.43897150737024,16.562126371401959],[107.43928293657508,16.562167161303286],[107.43932865088901,16.562173148647531],[107.43935450545057,16.562175568386429],[107.4393820427408,16.562179075865174],[107.43941445103081,16.562183229961406],[107.44001496024562,16.562253343944899],[107.44040159821388,16.562307519569568],[107.4406700651917,16.562334447287178],[107.44092635931534,16.562326007509508],[107.44094577693456,16.562326669683145],[107.44114194244567,16.562333363751424],[107.44128845641012,16.562344871638544],[107.44143495941185,16.562360265564084],[107.44172362560704,16.562336097267853],[107.44196780186647,16.562370911178082],[107.4423177672559,16.562405465210922],[107.44290364430853,16.562416069087391],[107.44350685401932,16.562468626006861],[107.44356275488947,16.56247349653394],[107.44442933833692,16.56249135200504],[107.44541215260243,16.562494332015675],[107.44548843572878,16.561573405942703],[107.44549206421489,16.561483859646671],[107.44551374380244,16.560947578375863],[107.44553812488829,16.560449531062787],[107.44553585712889,16.560423317664245],[107.44566157965285,16.560431243051546],[107.44681792128918,16.560464859710248],[107.44691393135561,16.560903042502066],[107.44708618052044,16.561483847744956],[107.44710529951111,16.561548150429495],[107.44716520761042,16.561733475081446],[107.4472224534256,16.561891022857292],[107.4472574340284,16.561987294847615],[107.44732941124184,16.562146354125236],[107.44739839082069,16.56227215020364],[107.44750554894344,16.562415939368353],[107.44753044145047,16.562453409324505],[107.4479021668045,16.562441191644503],[107.44803304706828,16.562411581373851],[107.44805285500009,16.562402074352597],[107.44812847087582,16.562365781540514],[107.44817007778569,16.562324819164424],[107.44833677185062,16.5620378520305],[107.44848003369005,16.561789644504056],[107.44847548068917,16.56171055988094],[107.44847561688576,16.561649380452195],[107.44846670165246,16.561519270890496],[107.44848275473471,16.561370304071058],[107.4485015805143,16.561287395535452],[107.4486377241881,16.5608005501444],[107.44869260369393,16.56058326732656],[107.44872149556377,16.560476031090875],[107.44882724000078,16.56002620170019],[107.44884755624578,16.559966159845914],[107.44886103153489,16.559774433097058],[107.44886942857296,16.559754393115995],[107.44898332595123,16.559702732052063],[107.44914584970407,16.559619190798159],[107.44919667986736,16.559593307946496],[107.44918977465643,16.559408467336386],[107.44910282861281,16.559244649098513],[107.44905779232585,16.559053358287592],[107.44913661035625,16.558545476899919],[107.44927466911066,16.55822872020418],[107.44972730010188,16.556949162110165],[107.44989064732189,16.556385481665274],[107.44989727108201,16.55636676417668],[107.45002088964526,16.556017436974702],[107.45006450688851,16.555954266629517],[107.45009770411701,16.555927713944488],[107.45013850649794,16.555905401330808],[107.45024166836734,16.555876787366724],[107.45025246660113,16.555873792391058],[107.45029173955207,16.555839184858918],[107.45032484050469,16.555770429303351],[107.45039473991983,16.555650992178379],[107.45040786804822,16.555579755305821],[107.4504258287953,16.555482292096499],[107.45046880174156,16.555345740685944],[107.45049546497074,16.555244199696613],[107.45050064222765,16.555176048069082],[107.450513825812,16.555083572160466],[107.45053036766622,16.555065370317116],[107.45067914565716,16.555067593964569],[107.45074700414966,16.555068607777859],[107.45075070036494,16.555043838279598],[107.45076953696022,16.554966622157703],[107.45079604910177,16.554885143406743],[107.45080187863445,16.554851695204093],[107.45080919775367,16.554818060562265],[107.45081382522493,16.554795093935045],[107.45083411513006,16.554694383960584],[107.45085920253588,16.554560306573904],[107.45086521518523,16.554528305109628],[107.45088908440192,16.554519936185944],[107.45089735569816,16.554447988635189],[107.45095962492472,16.554190112955077],[107.45111661214742,16.553730367430529],[107.45119803711245,16.553464626277673],[107.45122532924948,16.553322728376635],[107.45132159833143,16.552943161253751],[107.45135705577466,16.552829299647158],[107.4514336714001,16.552585732333618],[107.4515587326557,16.552365037470484],[107.45165573323942,16.552172076102817],[107.45179725003877,16.552129306407782],[107.45192404345512,16.552045606146702],[107.45196492193814,16.551908110920134],[107.45199176927818,16.551784482035245],[107.45207612535344,16.55171498140238],[107.45216048044185,16.551645481657189],[107.45217260434322,16.551480922304663],[107.45213085385441,16.550486621147858],[107.45210934496423,16.550173616412749],[107.45208856075146,16.549869469917578],[107.45207774833069,16.549849470728152],[107.45210509257554,16.54972212163954],[107.45215291084774,16.549610280669658],[107.45216836257855,16.549546882370347],[107.45217028693456,16.549528723286933],[107.45217712686163,16.549462410200785],[107.45217385075229,16.549427970722114],[107.45225718742581,16.549413007976465],[107.45240673587134,16.549342190121372],[107.45249413815628,16.54928096847534],[107.45260970846583,16.549231659530275],[107.4526457525379,16.549202610712207],[107.45268962304148,16.549167255086818],[107.45271727552364,16.549162989464708],[107.45285275320668,16.548998241190226],[107.4526288759247,16.548880174423655],[107.45258570018382,16.548874277222975],[107.45252330831795,16.549004063958552],[107.45227772453659,16.548942149277668],[107.45230850853309,16.548790591039534],[107.45231453482253,16.548680537136587],[107.45238991980872,16.54842869554636],[107.45240527512911,16.548332583594611],[107.45228605222886,16.548310541289016],[107.4521774378927,16.548290460717439],[107.45226766673549,16.547729072657681],[107.45252241584336,16.54780632882148],[107.452548777231,16.547821136240799],[107.45257626011146,16.547836572705073],[107.45263911922667,16.547710283487387],[107.45270495651918,16.547577930595729],[107.45279013411046,16.547298407743487],[107.45275949511844,16.547299104324708],[107.45277862830172,16.547175755903968],[107.45285234848259,16.547081784443122],[107.45294752400956,16.547054562665704],[107.45296367007114,16.547076654324169],[107.45301444447132,16.547012897215009],[107.45302014646103,16.546984355419173],[107.45305909848754,16.546959787047495],[107.45307245571038,16.546947613261842],[107.45303257454015,16.546879560174961],[107.45299385830613,16.546834002672259],[107.45291737776228,16.546780303724091],[107.45289053660758,16.546763243734976],[107.45288737145812,16.546759195361332],[107.45288667941965,16.546758311045878],[107.45292198589448,16.546713855215856],[107.45297720477099,16.546640532276573],[107.45299471672102,16.546617279420285],[107.45306833105118,16.54651799866911],[107.45314126675414,16.546417344743194],[107.45321330456053,16.546314271493969],[107.4532849312339,16.546209575322784],[107.45335631618039,16.546104950631321],[107.45342697514801,16.546002316306154],[107.45349668766517,16.545902677604207],[107.45356599596761,16.545804701197738],[107.45363505902452,16.545708368053056],[107.45370334715017,16.545617927198595],[107.45376960683807,16.545538079702862],[107.45383363705751,16.545465815432294],[107.45388254554945,16.545411628922874],[107.45389479667688,16.545398055364334],[107.45393184583423,16.545357766593483],[107.4539458128247,16.545342578511541],[107.4539813892204,16.545306243646493],[107.45400779658596,16.545281485899253],[107.45402582702734,16.545265477656269],[107.45403753018196,16.545255893185242],[107.4540548233862,16.545241275666022],[107.4540879229566,16.545211772686134],[107.45412597294612,16.545176794340769],[107.45415074515158,16.545152409019856],[107.45417066566266,16.545132198953691],[107.45420366054807,16.54510145696344],[107.45421284450842,16.545093208313258],[107.45424645788513,16.545063016371113],[107.45427974729125,16.545034014269692],[107.45429783522678,16.54501981463789],[107.4543099146925,16.545010959202429],[107.45432429942161,16.544998517629494],[107.45434236714252,16.544981833259072],[107.45436219483325,16.544964281775162],[107.45438561190828,16.544944267188875],[107.45441117137838,16.544922375614192],[107.45443528077074,16.544902750323221],[107.45445642896611,16.544887495727622],[107.45445680390041,16.544887225743341],[107.45447515245577,16.544872457565909],[107.45471453353983,16.544679787273513],[107.45548971753432,16.544092158754655],[107.45555087267493,16.544139586882832],[107.45555244175461,16.544140804111542],[107.45561158711671,16.544186674217396],[107.45570238548898,16.544257092510168],[107.45577836077712,16.544311381760473],[107.45619557537383,16.544609506368474],[107.45725468671121,16.545310527787453],[107.45782497180508,16.545628636090346],[107.45803753836441,16.545717907198888],[107.45872807579386,16.546007907656485],[107.45893417946769,16.546094462794162],[107.45920215276537,16.546176764021308],[107.459315462465,16.546197559706943],[107.45954795314293,16.546197966317081],[107.45955820969023,16.546196032379626],[107.45968935384705,16.546171300903346],[107.46006083970218,16.546181112200131],[107.46010916330431,16.546182170514715],[107.45974281292152,16.546847798112569],[107.45973298287024,16.546872503614669],[107.45969856092377,16.546959018233057],[107.45960088177853,16.547179175711292],[107.45956021753113,16.547244182454275],[107.45945736123844,16.547408611673816],[107.45930802343513,16.547539531475735],[107.45904979537777,16.547744631867804],[107.45879086768866,16.547966537036409],[107.45858880539728,16.548154254373692],[107.45858878701311,16.548154281689417],[107.45851002684894,16.548282562792828],[107.45848597920546,16.548371233937424],[107.45848475689503,16.548381563088835],[107.45845939936645,16.548595822233473],[107.45843794483734,16.548662549740069],[107.45843585764122,16.548738724894584],[107.45839830147175,16.548800440253171],[107.45831816691454,16.548877226195721],[107.45806681435631,16.549001102428367],[107.45801422494121,16.549044433216743],[107.45775624979424,16.549358698150215],[107.45765005933622,16.549538980097442],[107.45757955287776,16.549656637536248],[107.45744446516441,16.549833951409354],[107.45743538092914,16.549849110152863],[107.4574467815382,16.549859984188824],[107.4574089194073,16.549896936462076],[107.45743106616946,16.549917959679789],[107.45739338015073,16.549958980127638],[107.45737833490664,16.549944662342035],[107.45717338633057,16.550193096172585],[107.45713518903203,16.550416569495688],[107.4570451728853,16.550675875121975],[107.45704248739034,16.550698008639479],[107.45692979454395,16.551627159960109],[107.45690966974401,16.551854205010152],[107.45681458132189,16.552099161951823],[107.45677961985882,16.55218922541415],[107.45677903999388,16.55229576973321],[107.45678108003061,16.552838531028254],[107.45678850150422,16.552865299427445],[107.45680212247674,16.552886119690651],[107.45681816881938,16.552910832564784],[107.45683671073263,16.552909583279355],[107.4569467111029,16.552902171838689],[107.45725206256751,16.552881598164365],[107.45773325230931,16.552804391021397],[107.45853899004993,16.552675107838422],[107.45971696132283,16.552496792570597],[107.46027686421294,16.552404168078077],[107.4609022009524,16.552332497210664],[107.46104710858637,16.552332181384969],[107.46112040057743,16.552332021212514],[107.46143317736045,16.552331339229294],[107.46172546772883,16.552379447216751],[107.4617195660193,16.552412958672559],[107.4616691569577,16.552750899109689],[107.46166533880066,16.552843607680803],[107.46163918048322,16.552849685146775],[107.4616270710912,16.553088780058882],[107.4616219321118,16.553190241792592],[107.46161908508734,16.55330455199454],[107.46161540508231,16.553448771052121],[107.46161129489587,16.553478220911103],[107.46160320123548,16.553626224520432],[107.4616004866656,16.553658931426998],[107.46159681791622,16.553782428796936],[107.46173836363936,16.553782794316628],[107.46184582542317,16.553741646939219],[107.46190330279698,16.553709077941964],[107.46219231566121,16.553545310243891],[107.46237194927158,16.553309070128218],[107.46237837416705,16.553296624504995],[107.46242546237272,16.553233551110697],[107.46255291181312,16.553086866729963],[107.46261794574244,16.553009100524026],[107.46267651129922,16.552895467823557],[107.4628220125436,16.552695512355754],[107.46288374018171,16.55261752050729],[107.46291005185809,16.552576199110622],[107.46291291038423,16.552569211775062],[107.46302809302145,16.55232117369102],[107.46305803177756,16.552269379088823],[107.46316202074192,16.552071106506034],[107.46318121771945,16.552074770064589],[107.46321227423408,16.551991620689225],[107.46324202159069,16.55197488783309],[107.46328694679121,16.551890960269876],[107.46331459884232,16.551819007699496],[107.4633678211399,16.551648437576521],[107.46339514926521,16.551490271356325],[107.463571510412,16.551277182713946],[107.46357203467814,16.551257122518102],[107.46361150884165,16.551145256388995],[107.46367044988794,16.551007233808782],[107.46371136488459,16.55091633773538],[107.4638000574332,16.550729365355139],[107.46384890420143,16.550626633592387],[107.46386437828281,16.550594040507679],[107.4639648921886,16.55038236328739],[107.46397519915496,16.550360658154386],[107.46413314631556,16.550412881546347],[107.46448096987267,16.550504343095188],[107.46450953506194,16.550511853983849],[107.46451429663149,16.550505610121824],[107.46463684904307,16.550344898629916],[107.46538974354475,16.550048738141399],[107.46542252565182,16.549950772248735],[107.46550393116858,16.549915673798079],[107.46560209924948,16.549893654482194],[107.46571138590716,16.549869140562183],[107.46572747914846,16.549931943889362],[107.46611368675357,16.549929010801474],[107.46613343650581,16.55013693692737],[107.46632045082605,16.550133494377405],[107.46672428467802,16.550082167262456],[107.46674968050651,16.550078848766351],[107.46691985836436,16.550056614188716],[107.46701236463265,16.550066438101773],[107.46715491045669,16.550042981298031],[107.46724533418282,16.550046574474248],[107.46735419041424,16.550042713118224],[107.46735913648351,16.550070180529076],[107.46766785760678,16.550067860219649],[107.46786260900396,16.550031143216316],[107.46812080243178,16.549973513256276],[107.46841152098565,16.549910634437204],[107.46853568307812,16.549870465913322],[107.4687021857906,16.549833477570591],[107.46881496438856,16.549810087755652],[107.46888003439079,16.549793174207693],[107.46892754142571,16.549791758692379],[107.46907223255852,16.549782005211348],[107.46917707936764,16.549781098114135],[107.46933245756131,16.549769021935575],[107.46948171186646,16.549769673291774],[107.46962758839263,16.549771670724674],[107.46964365479175,16.549774338338711],[107.46968949270428,16.549781950029672],[107.46969486711139,16.549803832652479],[107.46995318804004,16.550864791409552],[107.47002434279376,16.551056102864461],[107.47020145372535,16.551206643024141],[107.47020157680292,16.55120674724996],[107.47025333764627,16.551260655274231],[107.47030180408916,16.551319510806255],[107.47034333111498,16.551373684644204],[107.47036509670532,16.551402092481744],[107.47039184013789,16.551455498530188],[107.47042520994394,16.551522161265471],[107.47047632842211,16.551713336947827],[107.47049746087731,16.551792368043621],[107.47050297401451,16.551817773611177],[107.47059286096082,16.552231984845964],[107.47059856131706,16.552258042168106],[107.47062969250486,16.552400345657485],[107.4706296995316,16.552400382608987],[107.47065571529464,16.552546719402724],[107.47063914038512,16.552626367373197],[107.47063368838646,16.552652567764301],[107.47061120850576,16.552691063279454],[107.4705742893256,16.552754271440463],[107.47054277576352,16.552800058817517],[107.47050251485861,16.552858556198306],[107.47044665677772,16.552964597914617],[107.47044206028215,16.552992525185026],[107.47043208651449,16.553053032789112],[107.47046587828486,16.553167616247361],[107.47049181214942,16.553221478968712],[107.47051581722447,16.553271337694309],[107.47051693122086,16.553273650453566],[107.47057166998511,16.55340492307478],[107.47062678648412,16.553533568042734],[107.47065218518168,16.553599514041743],[107.47065222586912,16.553599620147313],[107.47066716464339,16.55363840815567],[107.47068883653751,16.553729529625112],[107.47068884248981,16.553729555749886],[107.47070214178389,16.553834056641318],[107.47069760300477,16.553952247923817],[107.4706876481477,16.554036788195624],[107.47068755861704,16.55403755253591],[107.47068062482343,16.554096433404968],[107.47064548996079,16.554233434452442],[107.47062051994332,16.554307144400202],[107.47062046037391,16.55430732034451],[107.47060799774879,16.554344131694734],[107.47058247516991,16.554398667769046],[107.47054645413928,16.554475635035026],[107.4705163259015,16.554528286357648],[107.47048675834375,16.554579959091168],[107.4704686154718,16.554611624914042],[107.47042208055426,16.554692846670246],[107.47040819553419,16.554723728533343],[107.47038352469804,16.554778598648227],[107.47036453325687,16.554870365788798],[107.4703645317294,16.55487039290557],[107.4703625512316,16.554944553784289],[107.47036170303991,16.555035100437586],[107.47036162355703,16.555043559772567],[107.47036162026035,16.555043595039905],[107.47035285722673,16.555082926953393],[107.47033269334116,16.555173382872244],[107.47030414259461,16.555300722848546],[107.4702375276715,16.555391857800995],[107.47014444728154,16.555519199598489],[107.47012420818719,16.555546817332665],[107.47012397436706,16.555547136255903],[107.47007014918947,16.55562058579903],[107.47004059394622,16.555716892550087],[107.47004043118915,16.555717422903534],[107.47003063048665,16.555749342084113],[107.47001746070239,16.555871768265344],[107.4700369944416,16.555992641465831],[107.47007884487786,16.556175925637472],[107.47012676899219,16.556331214417877],[107.47020484088986,16.556528957057569],[107.47027819462083,16.556697461952361],[107.47027821199447,16.556697502394318],[107.47035714413069,16.556887467357459],[107.47043081566642,16.557053401246915],[107.47050316308922,16.557185252570761],[107.47054639546832,16.557255823219432],[107.47056660260155,16.557288793863041],[107.47058525925527,16.55733002810587],[107.47061381488156,16.557393112008317],[107.47063006990228,16.557454228999347],[107.47065313917119,16.557540965521152],[107.4706708935627,16.557627196002116],[107.47068144306174,16.557678395707061],[107.47069401934135,16.557699189279479],[107.47076174763875,16.557811173224206],[107.47080649537872,16.557861304279189],[107.47085852311737,16.557919591472707],[107.47095028491512,16.558010355659182],[107.47095048600553,16.55801055470705],[107.47101588724078,16.558075244696596],[107.47108211847937,16.558125920240336],[107.47120691441243,16.558221404116058],[107.47129678726768,16.558318688770033],[107.47137962454902,16.558419118086732],[107.47140375705884,16.558451055651815],[107.47146028728361,16.558525868170097],[107.47151876472559,16.558626235955039],[107.471556715841,16.558728177809449],[107.47157327516041,16.558839619525404],[107.47157327736736,16.558839645694544],[107.47155784074904,16.55893575075595],[107.47153628780886,16.559003842473519],[107.47150793936007,16.55909133884952],[107.47148481939369,16.559249071533579],[107.47147070472799,16.559345362342565],[107.47147116726289,16.55934726098441],[107.47176262545338,16.559370421523756],[107.4717848044491,16.559372184404754],[107.47181220952547,16.559545806122244],[107.47200089451809,16.560741191909568],[107.47210352784046,16.561486545860653],[107.47217277142276,16.562106201646653],[107.4721738688318,16.562116234976425],[107.47219415473448,16.562305609437416],[107.47232675498141,16.563057726054417],[107.4724533310503,16.563888900028402],[107.47253012956716,16.564497628906491],[107.47258591878841,16.564758291764122],[107.47258606817773,16.564769993872634],[107.47256831047115,16.564774558568782],[107.47251164953882,16.564789122994924],[107.4724833030816,16.564795042784795],[107.47241392311368,16.564809533287793],[107.47228957503425,16.564829303932036],[107.47216552039433,16.564853282143638],[107.47209542507493,16.564863464231177],[107.47197715560064,16.564872460390799],[107.47180565118045,16.564883767620906],[107.47150665184911,16.564897112792419],[107.47142864267379,16.564904764541179],[107.47140892557067,16.564906688604616],[107.47123542481074,16.564923623058856],[107.47109057284061,16.564936528373806],[107.4710775595311,16.564937321426232],[107.47096201082336,16.564938838030844],[107.47092583613257,16.564936826607344],[107.4708417859418,16.564932154010851],[107.47078886612135,16.564921139467266],[107.47076079500728,16.564917594730687],[107.47067191484723,16.56492166538613],[107.47059786634873,16.564945534430592],[107.47052994073876,16.564992633820665],[107.47049462648367,16.56500844301187],[107.47045015904041,16.565032860727744],[107.47033341790545,16.565085117064903],[107.47032447155557,16.565090262641309],[107.47020953860982,16.565171648368668],[107.47017690614098,16.565194755879457],[107.47016652680244,16.565203060987574],[107.47004155269147,16.565321703530344],[107.47001561328932,16.56535091824513],[107.46990221800183,16.565478870864091],[107.46990171984933,16.565479614759202],[107.46985280712831,16.565560807967064],[107.46984489842345,16.565605754538684],[107.46983942625356,16.565636853710476],[107.46985169857571,16.565682315151271],[107.4698966429534,16.565789577708198],[107.4699017589229,16.56580178728651],[107.4699037218481,16.565806471939197],[107.46990671246655,16.565832106100501],[107.46990541399961,16.565847943493573],[107.46990742679965,16.565857713968679],[107.46990657371595,16.565868082090144],[107.46989932153889,16.56595620887596],[107.46987846148188,16.566124172489182],[107.46986659555975,16.566185198458854],[107.46983026403058,16.566307510957714],[107.46980253629893,16.566383713332055],[107.4697518921546,16.566495578351052],[107.46972279597864,16.566550481163524],[107.46965817824466,16.566657039797928],[107.46960600243692,16.566735473307272],[107.4695354231925,16.566838002602665],[107.46949388032861,16.566899077953462],[107.46944823906067,16.566974126996559],[107.4694045607586,16.567069951864124],[107.46936613804201,16.567184750289126],[107.46935821497019,16.567225201364007],[107.46934657403777,16.567276121381177],[107.46926077057799,16.56771145349224],[107.46921237021029,16.56794387267675],[107.46919482017616,16.56799384296146],[107.46913842109683,16.568133937979972],[107.46913184454583,16.568150274259235],[107.46910596560714,16.568210124122594],[107.46905427182037,16.568298933337584],[107.46901943621988,16.568343377246162],[107.46897616629268,16.568388550765455],[107.46889968297091,16.568445482417214],[107.46886656660786,16.56846705362836],[107.46874144499556,16.568541648606644],[107.46873938352093,16.56854275248115],[107.46861828586152,16.568617961791126],[107.4685981308879,16.568635752574199],[107.46852206994117,16.568720396510443],[107.46849615606953,16.568759525303637],[107.46845652475174,16.568844524945384],[107.46845234554448,16.568853488148456],[107.46844392148704,16.568871555342501],[107.46836594711395,16.569063196584167],[107.46833936503602,16.569114570139046],[107.46828663790097,16.569210236602281],[107.46825488409497,16.569276258675654],[107.4682339052695,16.569319876997788],[107.46820403753384,16.569376620707345],[107.46815230849239,16.569451695692795],[107.46814661149304,16.569459963289109],[107.46813881058181,16.569468137497751],[107.46811707431102,16.569490913277654],[107.46805804326583,16.569529760804272],[107.46800687732998,16.569553494287266],[107.46796243371503,16.569561589821522],[107.46793466920496,16.56955805108181],[107.46791363803806,16.569542456714466],[107.46789636194033,16.569513719239211],[107.46785443449042,16.569433513731912],[107.4677936710687,16.56935209255332],[107.46778528152691,16.569344433654088],[107.4677638647712,16.569356933411971],[107.46774269500375,16.569376540027108],[107.46765624219817,16.569413464206704],[107.4676078660918,16.569462820641451],[107.46757926754348,16.569485998379484],[107.46749943441205,16.569537010321817],[107.46741638461975,16.569585724457628],[107.46735551221657,16.569621430310878],[107.46735254556772,16.56962316636492],[107.46719942385337,16.569701350590503],[107.46718572400852,16.569707833265316],[107.46704390867529,16.569767533075417],[107.46698529981779,16.569788378193884],[107.46685164072369,16.569827732194895],[107.46682945172238,16.569834103169423],[107.46669062618544,16.569879638080767],[107.46667215411689,16.569886335346702],[107.46653071633753,16.569943862472389],[107.46652923459155,16.569944524073893],[107.46644835702521,16.569986891817958],[107.46636700770482,16.570029507205454],[107.46633067040167,16.570049589677875],[107.46616421187308,16.570147018650687],[107.46611981897426,16.570173676723336],[107.46600022679625,16.570262096494815],[107.46600014516753,16.570262158885495],[107.46585563804273,16.570394592956909],[107.46578818813106,16.570468402123502],[107.46575273313447,16.57049695414667],[107.46574083072557,16.570502713591921],[107.46559699817963,16.570572306679683],[107.46558368802842,16.570576744114671],[107.46562197442212,16.570672483804728],[107.465633500754,16.570740380376087],[107.46562312777225,16.570804310740357],[107.4656215844755,16.570813819887864],[107.46558336154264,16.570878697063144],[107.46553049736207,16.57091814298672],[107.46545136428618,16.570934929354259],[107.46536070559191,16.570917706923552],[107.46533118203388,16.570913002666813],[107.46525233648411,16.570900439462939],[107.46518795429121,16.570903166567128],[107.46512639084102,16.570936896422474],[107.46510103815773,16.570980600651666],[107.46509692117611,16.570987698682384],[107.46508214697197,16.571044141397014],[107.4650380357802,16.571103400208003],[107.46495600610072,16.571117286814857],[107.46485350120594,16.571114222607044],[107.46471007947504,16.571099756416334],[107.4646017809421,16.571090983233887],[107.46454306702647,16.571110623092949],[107.46449611355111,16.571147192282712],[107.46443149705009,16.571234684022965],[107.46435819639562,16.571276878265074],[107.464279102536,16.571279476667101],[107.46417371685385,16.571267909234979],[107.46408005161788,16.571253570820478],[107.4640389543933,16.571273255839504],[107.46400669646036,16.571315555793952],[107.4639917812753,16.571388987428936],[107.4639536130085,16.571434073534423],[107.4639038167912,16.571448133732776],[107.4638364588628,16.571442266526002],[107.46356433452318,16.571342702674919],[107.4634561291376,16.57130004083325],[107.46339711592231,16.57124516150115],[107.46323972847061,16.571286027177578],[107.46308656913619,16.571346641054618],[107.4629841275064,16.571411442184523],[107.46295624065156,16.57142908282059],[107.46278055887976,16.571555534722602],[107.46277508159255,16.571561732875264],[107.46267869993409,16.571670799349274],[107.46255973904734,16.571769663760225],[107.46247896747468,16.571809606269312],[107.46242782980889,16.57182065236681],[107.46239797278849,16.571831641824261],[107.46230434073091,16.571866106188054],[107.46212578272092,16.571965095449851],[107.46188505743807,16.572162825235576],[107.46166409498964,16.572360496316808],[107.46159894772615,16.57242914374903],[107.46154516914768,16.572473095303305],[107.46148563654437,16.572500603612287],[107.46140049476971,16.572514525718613],[107.46101925180682,16.572502054444797],[107.46092230598478,16.572482492662754],[107.46089767238033,16.572538794364021],[107.46088007807404,16.572585846227149],[107.46087522141025,16.572590106666475],[107.46086416129073,16.57260349866521],[107.46084316400228,16.572635213105713],[107.46083649062088,16.572648934430397],[107.46083510379705,16.572652572126255],[107.46083422456137,16.572654877787578],[107.46083004881176,16.572677041565182],[107.46083054020855,16.572712972348789],[107.46083379840816,16.572814330229658],[107.46083832547815,16.572902770476418],[107.46083203829927,16.573044134221323],[107.46085936596936,16.573160484011328],[107.46090158221003,16.573257423954022],[107.46096910025771,16.573441752745381],[107.46102268584846,16.573662184627736],[107.46099448610599,16.573747715701906],[107.46093056428606,16.57383375315279],[107.46086011800979,16.573910973010822],[107.46083527477067,16.573985940128154],[107.46085214020434,16.574063088754698],[107.46087708094225,16.574121703891933],[107.46087387518416,16.574226576114373],[107.46085117592352,16.574318783418679],[107.46084208083927,16.574448511620549],[107.46083297066436,16.574553550307375],[107.4608358595128,16.574586647111733],[107.46084782923101,16.574723773519764],[107.460857105258,16.574830038269095],[107.46085720026591,16.574831175294204],[107.46085738111825,16.574833391642027],[107.4608635237437,16.574934769591447],[107.46097911864614,16.574909978573785],[107.46099458747021,16.574906661235133],[107.46113758099577,16.574961695274268],[107.4611477179225,16.574969391588269],[107.46133650243107,16.575112719140904],[107.46146928949035,16.5751548671245],[107.46156741966682,16.575188566344249],[107.46164821547261,16.575225013313197],[107.46169444002547,16.575225133189914],[107.46174652500876,16.575197397573636],[107.46176409130344,16.575111032001136],[107.4617904200793,16.5749940369341],[107.46182812439982,16.574941178332757],[107.46189172417239,16.5749274077743],[107.46196970266101,16.574938760179663],[107.46205095042369,16.574903527255529],[107.46206910057164,16.574887006319305],[107.46229513001438,16.574681272336015],[107.4625369993192,16.574703675740032],[107.46287794947243,16.574889928673919],[107.46296770976825,16.574927311428958],[107.46305230176269,16.574977069874656],[107.46311885876334,16.575049075706467],[107.46317009263625,16.575091310635703],[107.46327530006376,16.575113875294726],[107.46339076449154,16.575141419375726],[107.46347024825846,16.575181250400867],[107.46355228679552,16.575226049961735],[107.46359570158933,16.575310376735562],[107.46387239311498,16.575529049671736],[107.46392627136875,16.575544054085757],[107.46413932297619,16.57556442098964],[107.46423931325465,16.575616684749445],[107.46444182846808,16.575733637559534],[107.46484280669972,16.57600270227644],[107.46458907403259,16.576196704420013],[107.46445700205889,16.576274877437946],[107.46437972902096,16.576363846154806],[107.46429701889764,16.576561785340374],[107.46420885272427,16.576755984458707],[107.46419368549213,16.576789393402834],[107.46409051670886,16.57695755755929],[107.4640179798436,16.577190197173955],[107.46388298525883,16.577724860726768],[107.46374325253539,16.578115843347394],[107.46369110477457,16.578403027900436],[107.4636749313171,16.57868040042743],[107.46366435907042,16.578789358566432],[107.46358171523511,16.578962526826533],[107.46354031816786,16.579076357343006],[107.46338866588312,16.580061764062069],[107.46335085223923,16.580243868921894],[107.46330539017734,16.58046280568049],[107.46319139822678,16.580829092813705],[107.46314453572391,16.581061798746944],[107.46320445526642,16.581676216731484],[107.46310682789027,16.582222342288023],[107.46304294217616,16.582579715097726],[107.46282306026764,16.583900348602914],[107.45771530616355,16.588965105283773],[107.46096807964838,16.596001260543876],[107.46097618689076,16.596017637886742],[107.4610030818932,16.596071919822688],[107.46101886908231,16.596103779884292],[107.46097808838428,16.596108644515393],[107.46089974372042,16.596114540950563],[107.46006086722957,16.596177666228069],[107.45428151967737,16.597513116648269],[107.45278281084978,16.597642045023292],[107.45278278184865,16.597642048075365],[107.45149779936021,16.598228119261311],[107.4422100164789,16.600500964225244],[107.44212796749292,16.600523110731661],[107.44171446203215,16.600716274858677],[107.44161842026146,16.600701072359538],[107.44141068201941,16.600724425032091],[107.44131438907257,16.60079589714076],[107.4412399914813,16.600798685117308],[107.44115334196546,16.600750631908241],[107.44106987048052,16.600675689780196],[107.44095835719891,16.600651479388297],[107.44078153650023,16.600701812176887],[107.44066339122686,16.600827023345794],[107.44048959118048,16.60090426323552],[107.44036238098558,16.600948751421051],[107.44016688474234,16.601025933276322],[107.44008902451034,16.601154240145842],[107.4400422545129,16.601249753430295],[107.43987474006228,16.601297122745741],[107.43972292350627,16.601275793061671],[107.43963312319391,16.601245663384777],[107.43952772130496,16.601251357507518],[107.43940672592211,16.60128988448297],[107.43932909799513,16.601347294497661],[107.43929800838902,16.601370287131029],[107.43909939485805,16.601453437561016],[107.43898153473613,16.601480018371092],[107.43874777748414,16.601596091702341],[107.43873010594422,16.601604866896597],[107.43862153549925,16.601634461229708],[107.43851305063306,16.601634168717837],[107.43838914709835,16.601606935370043],[107.43826827335,16.601603620197519],[107.43814414372747,16.601654093319205],[107.43808495635649,16.601755551172605],[107.43791067908067,16.601997168868859],[107.43768686657305,16.602217730672482],[107.43746038168679,16.602291837569997],[107.43724648639228,16.60230022486024],[107.43723996968056,16.602298714180563],[107.43699868682302,16.602242768417099],[107.43686234104287,16.602230443683908],[107.43677412250845,16.602245083657717],[107.43673829830756,16.602251029215715],[107.43671475779078,16.602264356169233],[107.43660169108438,16.602328366648372],[107.43638753312703,16.602426415425601],[107.43614241541627,16.602512424561557],[107.43595633708188,16.602547785048344],[107.43562745168083,16.602660464575919],[107.4350719755079,16.602883113263914],[107.4347706192363,16.603001031537701],[107.43466235978549,16.603043392151957],[107.43442980446589,16.603072647535491],[107.4342644253292,16.603071318453232],[107.43413918198762,16.603065615943933],[107.43398158550026,16.603049536630817],[107.43390038098056,16.603019625365594],[107.43387227419915,16.603039203994356],[107.43380295159646,16.603069861099723],[107.43373482134051,16.603089793723289],[107.43348659496505,16.603183404261664],[107.43336083824751,16.60323297788678],[107.43332988331946,16.603245179982686],[107.4328721643555,16.603425610661301],[107.43239935711669,16.603571367472217],[107.43209366152438,16.603702336066007],[107.4318947965557,16.603869163721313],[107.43173319683535,16.604012181176326],[107.43150356337054,16.604101216267942],[107.43123080060967,16.604100470185799],[107.43092698869623,16.604117571385533]]]},"properties":{"OBJECTID":11,"maNhanDang":"025NAD03000001","ngayThuNhan":1734652800000,"ngayCapNhat":1737331200000,"maDoiTuong":"AD03","maDonViHanhChinh":"19852","ten":"xã Phong Hiền","dienTich":39.533000000000001,"soLuongMoLietSiChonCatBanDauTrenDiaBan":236,"soLuongMoLietSiDaTimKiemTrenDiaBan":151,"soMoLietSiDoGiaDinhChamSocQuanLy":203,"soMoChuyenDenTuDiaPhuongKhac":0,"soMoDaBanGiaoDiaPhuongKhac":5,"thongTinChung":null,"nguonCungCapThongTin":"BCĐ 515 tỉnh Thừa Thiên Huế","thoiGianCapNhat":"20/01/2025","donViCapNhat":"Cục Tác chiến/BTTM","soLuongMoLietSiChuaTimKiemQuyTapTrenDiaBan":56,"danSo":7027,"soMoLietSiTrongNghiaTrangLietSiDiaPhuong":0,"soMoCoHaiCot":203,"soMoKhongCoHaiCot":0,"soMoCoDuThongTin":0,"soMoCoMotPhanThongTin":203,"SHAPE_Length":32998.896205015233,"SHAPE_Area":39514307.879537039,"soMoChuaXacDinhDuocThongTin":0}},{"type":"Feature","id":12,"geometry":{"type":"Polygon","coordinates":[[[107.33633469837143,16.665202659264871],[107.3362228871262,16.665278102095602],[107.33570756177221,16.665592089744489],[107.33568810679978,16.665603880205179],[107.33562903759187,16.665639676869677],[107.33511680272517,16.665950100805851],[107.33423096364101,16.666512206096492],[107.33387713749123,16.666737933903569],[107.33343004626076,16.667023160033107],[107.33293916714344,16.667337017235099],[107.33276576780838,16.667453696667145],[107.33264049816918,16.667551907696023],[107.33246490306374,16.667762642091159],[107.33245352624758,16.667776296182289],[107.33230252715971,16.667899893878385],[107.33177479137566,16.668157172799649],[107.33171097973657,16.668188281988087],[107.33159868717905,16.66824302588018],[107.33141521192503,16.667859359449089],[107.33066561142077,16.666556872762779],[107.33053403913965,16.666351537495828],[107.3303805462636,16.66616683392207],[107.33025519355779,16.666053517694149],[107.330020087495,16.665886462133997],[107.32975015610151,16.665710237715892],[107.32944828481226,16.665558274058935],[107.3291570537212,16.665465942947051],[107.32884849680661,16.665376197379409],[107.32857012494583,16.665321962711616],[107.32810591890211,16.665296714832898],[107.32781599006505,16.66529602286375],[107.32734251215567,16.665304688409041],[107.32689918552468,16.665347910978465],[107.32629721382098,16.665395304670053],[107.3255836452001,16.665441560213644],[107.32525681490236,16.665481081071633],[107.32494944264093,16.665489311912932],[107.32464189709697,16.66548320338066],[107.32391975133331,16.665402513348972],[107.32360271105753,16.665361611993067],[107.32303381048096,16.665221595850813],[107.32266386426151,16.66513013883473],[107.32237110773599,16.665013913639687],[107.32211172041151,16.664837560072126],[107.32195146870035,16.664657107485684],[107.32179038847532,16.664407946998189],[107.32163464151589,16.664087022103807],[107.32146157736462,16.663729432959958],[107.32124264630062,16.663452048648868],[107.32098819991113,16.663171068164225],[107.32079076159812,16.662991030995592],[107.32056572085556,16.662835203985434],[107.32041599303923,16.662756213413495],[107.32008857580412,16.662592570195073],[107.31980234689867,16.662503156253635],[107.31958768367481,16.662436843633948],[107.31933644431855,16.662421730124592],[107.31900783600278,16.662416445550885],[107.31875086685992,16.662440235632818],[107.31856503123016,16.66245127870074],[107.31844074501186,16.662425780060538],[107.31835000853374,16.662355090864803],[107.31829653313626,16.662289959522628],[107.31824875261981,16.662182937725298],[107.31822201696181,16.662021901287041],[107.31824209727814,16.661630288192466],[107.31827240921071,16.661316240080708],[107.31832118294381,16.661078523911979],[107.31846754048563,16.660584460919523],[107.31864951448111,16.660047028954125],[107.31883811483812,16.65964815226388],[107.31902313839208,16.659364042862176],[107.31927757864047,16.659079156378581],[107.31951339440826,16.658894864552984],[107.3198482618825,16.658699903282379],[107.32008943750665,16.658549013330067],[107.32053704068261,16.658174174712663],[107.32072904175776,16.658017088496674],[107.32107315836492,16.657707581099054],[107.32135176498096,16.657415700009469],[107.32172158509526,16.657013697493564],[107.32193687268118,16.656761866693405],[107.32216409951364,16.656521754073133],[107.32236895696043,16.656562357368813],[107.32270213060316,16.656690081712899],[107.32324715074142,16.656908048775357],[107.32362389092317,16.65705022197421],[107.32379173936184,16.657090167343789],[107.32396538957732,16.657097183177687],[107.32411687843351,16.657065607344002],[107.3242740958398,16.656995127090614],[107.32439279107629,16.656814534375826],[107.32461212983074,16.656498367099903],[107.3247947489985,16.656221450738748],[107.32487528284376,16.655960618410056],[107.32491855677054,16.65569422922853],[107.32493037339508,16.655389351985782],[107.32489530899633,16.655052137235767],[107.32483548984797,16.654718186654883],[107.32496499486959,16.654662955867433],[107.32498813817693,16.654645814215865],[107.32535819370763,16.654371726318885],[107.32561594126747,16.65415670871807],[107.325855275916,16.653956835473437],[107.32616454908613,16.653645633638028],[107.32642470779722,16.653373821842401],[107.32664629834704,16.653127485715039],[107.32669077525847,16.653078042336976],[107.32694500411523,16.652743226642521],[107.3269744970975,16.652704384352479],[107.32705841388137,16.652586053179231],[107.32722438221056,16.65235201970798],[107.32754726846944,16.651885302561009],[107.32787753344756,16.651382336159951],[107.3278911592994,16.651361584708496],[107.32803409799031,16.651135902630351],[107.32818939550378,16.650907095173078],[107.32847483800731,16.650419883896618],[107.32872377887452,16.649989849577519],[107.32875913130513,16.649909111189125],[107.32882632245109,16.649755657773827],[107.32892151313932,16.649425943208001],[107.32898373535566,16.649189217824329],[107.32904048262002,16.649012306711192],[107.32914014359035,16.648796074406206],[107.32914353120775,16.648788248478684],[107.32921551889474,16.648621942308374],[107.32923313685961,16.64854107610822],[107.32921973060044,16.648457571950242],[107.32918071786568,16.64833766639169],[107.32914118809653,16.648185140865479],[107.32910982089183,16.648051645957178],[107.32908874120575,16.647948627769612],[107.32908817481905,16.647945494954964],[107.32907598672708,16.647878022574496],[107.32906722151861,16.647809284977182],[107.32907457698451,16.64776140012934],[107.329093530419,16.647688526322259],[107.32921355589788,16.647444339342005],[107.32939173719232,16.647088596128523],[107.32949432814752,16.646879022954831],[107.32951932442184,16.646813729991063],[107.32952278204088,16.646771624367883],[107.32950725909794,16.646636038178851],[107.32950168554271,16.646595282464595],[107.32948114923147,16.646445119963193],[107.32948081195082,16.646433110867427],[107.32947766339444,16.646320872107168],[107.32948782922156,16.646177348546793],[107.32949679735793,16.646098851475855],[107.32952336106315,16.645999122882635],[107.32957736576411,16.645872316717224],[107.329627958082,16.645791439583906],[107.32968776808035,16.645721002899329],[107.32977193742367,16.645649725198151],[107.32978383923643,16.645643139673808],[107.32990502521262,16.645576081154037],[107.33001133223792,16.645509874511962],[107.33008175661593,16.645428774448188],[107.33016555505959,16.645305457311864],[107.33021370206082,16.64518636561818],[107.3302266128575,16.645105910926429],[107.33022739422729,16.645006472022729],[107.33022040433343,16.644920505532735],[107.33019775725516,16.644851923994576],[107.33016745450763,16.644806373824391],[107.33007758953673,16.644738408474659],[107.33001725763361,16.644687598482079],[107.32983747576323,16.644582539594943],[107.32950590712095,16.644391229128537],[107.32941896810739,16.644336754781605],[107.32933202912928,16.644282279488472],[107.32923805692158,16.644220235301827],[107.32905167840711,16.644061710245978],[107.32895539943863,16.643972922525954],[107.32884685178688,16.643853678410022],[107.32876602235801,16.64373029812413],[107.32872123688571,16.643635194751553],[107.32869824402283,16.643537935137296],[107.32869909465096,16.643444231700975],[107.32873716498958,16.643311868336156],[107.32886560295259,16.642943299267358],[107.32890348737436,16.64279564136957],[107.32891206398597,16.642684642152972],[107.32891644260613,16.642554568639209],[107.32880043292272,16.642551559625872],[107.32871484483819,16.642550253257671],[107.3286279146283,16.642580570526011],[107.3285635787971,16.642624229654317],[107.32850105504797,16.642674390687091],[107.32843228597503,16.642703239266485],[107.32833392835497,16.642741715606046],[107.32825499624089,16.6427422042876],[107.32818624474478,16.642770962258592],[107.32801862458645,16.642771850258228],[107.32791997048309,16.642743896545845],[107.3278802187028,16.642687123846134],[107.3278797026578,16.642601725849865],[107.32784010928211,16.64258289253986],[107.32751491355886,16.642584591209435],[107.32746575544023,16.642613309721945],[107.32744636322849,16.642670366871133],[107.32744662688808,16.642717808466099],[107.32742720544434,16.642765461948105],[107.32730891963062,16.64277550684071],[107.32727923703611,16.642737772276956],[107.32726903025325,16.642690252552015],[107.32720963531655,16.64265267072901],[107.32710110277996,16.642615242787421],[107.32703160729915,16.642539706574883],[107.32695237713115,16.642473593219446],[107.3266764019037,16.642475018321566],[107.326657022079,16.642541659955459],[107.32660798045958,16.642589356608656],[107.32657856048291,16.642598982254874],[107.32649975324557,16.642618358162505],[107.32619416829925,16.642619925103091],[107.32607613521138,16.642667998010069],[107.32592310842746,16.642650535934454],[107.32535861291203,16.642488208358696],[107.32515495878903,16.643631357729198],[107.32509661423518,16.643774047634377],[107.32500660027449,16.644042867814477],[107.32495002231315,16.644237246385448],[107.32493674315562,16.64441738128718],[107.3249972827019,16.645295537237551],[107.32509773987209,16.645358126819822],[107.3250839470923,16.645447911320961],[107.3250676466244,16.645638111930058],[107.32509341750477,16.645924640615235],[107.32510225948127,16.646070854603003],[107.32513019651488,16.64653284619493],[107.32513523269071,16.646616121307876],[107.32513947590944,16.646697749448176],[107.3251497620895,16.646895606010911],[107.32518919741788,16.647081595220829],[107.32520664371523,16.647143768622318],[107.32528246580155,16.64741397582279],[107.32529638995935,16.647643273726356],[107.32529556438254,16.647649174715369],[107.32525873065478,16.64791258824447],[107.32523546643644,16.648037208744668],[107.32517489271976,16.648361682105001],[107.32501283428476,16.648800896852279],[107.32458459382605,16.649680494650717],[107.32432308535658,16.650031696656807],[107.32397215781015,16.650462596449383],[107.32368706038113,16.650838348342411],[107.32340555028227,16.651342237956303],[107.32322843922454,16.65167029198755],[107.32320923678647,16.651735468055907],[107.32316906718651,16.651933176668603],[107.32315199291367,16.652031066769514],[107.32313785633907,16.652100585439413],[107.32311635034878,16.652189997458958],[107.32309938432076,16.652299196454543],[107.32309361800748,16.652326136138445],[107.32307322906746,16.652357431309934],[107.32301361755621,16.652473829267368],[107.32294402884632,16.652628560332204],[107.3229196177541,16.652717977801071],[107.32288841436429,16.652893796792565],[107.32287374719709,16.653613148601494],[107.32287202254795,16.653697737190697],[107.32253768645626,16.653730165686376],[107.32210748505632,16.65383178675355],[107.32204941348846,16.653642420209259],[107.32193543338823,16.653442924507878],[107.32178422215038,16.653240259413376],[107.32164122776787,16.653102037555438],[107.32146467795867,16.65295702049173],[107.32132972570977,16.652868901015925],[107.32081776143833,16.652666690342624],[107.32060514930581,16.652615292583384],[107.32036667861153,16.652578524077878],[107.31993492362285,16.652551089591036],[107.31933613046941,16.652550620613095],[107.31907936938252,16.652539152542733],[107.31875519705133,16.652489000032819],[107.31831479485876,16.65238358725821],[107.31797873506937,16.652250303182278],[107.31751049413499,16.651972304610826],[107.31725285315957,16.651766276034543],[107.31687389986551,16.65099347929543],[107.31656267663784,16.650473511462945],[107.31608090373567,16.649909060523555],[107.31556102126264,16.649444980554463],[107.31465528656094,16.648350838704356],[107.31425646315299,16.647968083765139],[107.31287304238057,16.646735852748517],[107.31080477939568,16.644837215250043],[107.30976127891029,16.643828867415195],[107.30940776415925,16.643512560366656],[107.30695149622544,16.640725748721394],[107.30691754321768,16.640596440874333],[107.30683016024759,16.640263644489838],[107.30676697474469,16.639956014288291],[107.30678465318661,16.639568608544064],[107.30681062598266,16.6392528157829],[107.30687326888453,16.638893592069593],[107.30698061768204,16.638541042136318],[107.30716900072915,16.63812305576803],[107.3072855878343,16.637920984426771],[107.30770104031632,16.637312418751314],[107.30820872616439,16.636749088013254],[107.30873816643752,16.636241259537659],[107.30923273893465,16.635927422459918],[107.3097803969857,16.635699039516322],[107.31048244498236,16.635545479500916],[107.31159007692438,16.635387326389168],[107.3124030641609,16.635617632608248],[107.31306888997108,16.636135266924494],[107.31341120290894,16.636875971164617],[107.31328236578004,16.638062014539049],[107.31361845498269,16.638074794371516],[107.31390840167894,16.638085819098787],[107.31401828195713,16.637808848972981],[107.31428988746949,16.637837988000179],[107.31450367642024,16.637701569930115],[107.31465831061999,16.637743983174662],[107.31481325436836,16.638020555065921],[107.31503522759428,16.638765507092355],[107.31505798847499,16.639212628290778],[107.31489091533808,16.63977318123888],[107.31486087926399,16.640149796581444],[107.31511711272159,16.640249766262254],[107.31538559679534,16.640354514969928],[107.31568685435454,16.639821226972145],[107.31588086305601,16.639352528204782],[107.31591383672139,16.639272868725168],[107.3159792446578,16.638855712847477],[107.31589500747521,16.638309185141086],[107.315511209672,16.637255688461877],[107.31362931975538,16.633252752825026],[107.31340971431253,16.632785619799524],[107.31190420771759,16.629771671579654],[107.31080541096253,16.626781418206715],[107.31020476843607,16.625794476282543],[107.31015958340953,16.625382544597887],[107.31036248841603,16.624960019589679],[107.31150370944304,16.62399649920053],[107.31150596814533,16.623994592327513],[107.31320601009166,16.623202876440178],[107.31394111847275,16.622925764427283],[107.31524451208996,16.622434419960754],[107.31728391282191,16.621742419807845],[107.31816387061436,16.621527042309918],[107.31929498889143,16.621170225922626],[107.31973321252765,16.620916753344961],[107.3207048393096,16.620078899249293],[107.32160954050752,16.619036235066549],[107.32219430421921,16.618188359711052],[107.32276570934624,16.616642705610353],[107.32311686027209,16.614922642716468],[107.32318587057067,16.614477300921269],[107.32330373377431,16.614255516989989],[107.32351554354071,16.613856952135354],[107.32448444239509,16.612937985986346],[107.32538293534773,16.611970712909919],[107.32708541581594,16.60975850252688],[107.32855635168704,16.608028939203436],[107.32879333408026,16.607750288411037],[107.32899373810451,16.607578199859205],[107.32936167556585,16.6072622478104],[107.32970409951061,16.60698234544817],[107.32991449904139,16.606854503744671],[107.33013670083612,16.606780307595574],[107.33073794012236,16.606687518974635],[107.33125047259109,16.606638746570304],[107.33166651568804,16.606605395679516],[107.3321206876351,16.606650492151921],[107.33242654007661,16.60672951885353],[107.33280839182335,16.606943931367269],[107.33327342104319,16.607272134991685],[107.33371325051344,16.607668740154576],[107.33404215359191,16.608116783750539],[107.33426172706206,16.608440571916748],[107.33438186666088,16.608536022578051],[107.33466506794352,16.60858661832885],[107.33525930801653,16.608529747404798],[107.33577469275662,16.608409227156361],[107.33577912647905,16.608407010150739],[107.3362440760099,16.608174495429019],[107.33638679667749,16.608094387721493],[107.33655705392069,16.608274727604417],[107.33662235189138,16.608293363975779],[107.33665347793873,16.60830496445416],[107.33672149808186,16.60835074773577],[107.33676800446031,16.608424796967846],[107.33683254910682,16.608558113231261],[107.33684377790929,16.608567188548758],[107.33684561061627,16.608572157187002],[107.33684078788423,16.608575131087967],[107.33685965966518,16.608624538527959],[107.33686002975092,16.608655128425294],[107.33685062484528,16.608697300026002],[107.33683146715974,16.608752967297516],[107.33669511021094,16.608928921533778],[107.33666168121897,16.608983075383982],[107.3366253340883,16.60905220090056],[107.33660725085653,16.609094231614733],[107.33660166943781,16.609145084851622],[107.33660109332988,16.609154385089695],[107.33659907654932,16.609186941347655],[107.33661983132112,16.609280322121361],[107.33662066251391,16.609349029493078],[107.33664598956,16.609393559377157],[107.33666836329935,16.609450073914005],[107.33666904996065,16.609506832371107],[107.33665435465036,16.609572726060435],[107.33666433592123,16.609629379976976],[107.336698921495,16.609670818304505],[107.3367181612624,16.609724380670833],[107.33672162278044,16.609753704517932],[107.33679356406213,16.609814327347735],[107.3368840609279,16.609843073272117],[107.33701267170552,16.610214054284221],[107.33704224559878,16.610299360005939],[107.33716374412424,16.610649822467057],[107.33728189786281,16.610990638424685],[107.33757538101146,16.611837180550175],[107.33778327000003,16.612436825436905],[107.33778699110751,16.612447558814726],[107.33827657566874,16.613859719397873],[107.33837562129692,16.614145403284613],[107.33854861169806,16.614644368359741],[107.33873080088708,16.61516986236915],[107.34015657698038,16.61475695756107],[107.34099708344293,16.614581180381524],[107.34236807391866,16.614306457236765],[107.34315310561777,16.614025466608094],[107.34361076200094,16.61375396696776],[107.34422604674636,16.613283691131194],[107.34563696514137,16.612027242593982],[107.34609924299173,16.611714240312498],[107.34726872882985,16.612690913954626],[107.34810947481992,16.613029653921146],[107.34829443799106,16.613081989882172],[107.34867844689694,16.613021100942582],[107.348883509608,16.613066584804375],[107.34896478880866,16.613125418780026],[107.34904059993835,16.613244066780592],[107.34914105013182,16.613350486539023],[107.34925367594271,16.613438842407955],[107.34934100681612,16.613485657313497],[107.34942192379849,16.613514618612509],[107.34960547942465,16.61353684334944],[107.34967377757468,16.61341954107721],[107.34969924356292,16.613375803583228],[107.34980550851014,16.613145149207313],[107.35006130055314,16.612979727003449],[107.35023467482318,16.612935944714309],[107.35029647228372,16.612920338371772],[107.35063095131855,16.612873532230434],[107.35073297357754,16.612854452451444],[107.35083167874993,16.612817483163052],[107.35094277738959,16.612780373561097],[107.35099511921655,16.612752892897589],[107.35101655186713,16.612731736833535],[107.35102544645861,16.612698771346189],[107.35099497482372,16.612633757885501],[107.35099096581837,16.612609901495073],[107.35099701709566,16.612597882573802],[107.35101424974329,16.612588127364532],[107.35103226874045,16.612585244981926],[107.35104641276854,16.612582982794819],[107.35109349069683,16.612581254802723],[107.35114052498623,16.612575942797324],[107.35114753618913,16.612574895948587],[107.35115716314473,16.61257345815137],[107.35119248755956,16.612568183827221],[107.35122832404629,16.612559413152908],[107.35124058659196,16.612548518148422],[107.35123173656118,16.612534277629724],[107.35121924216929,16.612526054028699],[107.35121178375915,16.612521381406779],[107.35119676023793,16.612511967811709],[107.35118159801989,16.612488238575917],[107.35117630693752,16.61246081130313],[107.35117969037171,16.61243328674588],[107.35119434338851,16.612415194790085],[107.35121685783619,16.612404020238159],[107.35124855090234,16.612388290074449],[107.35137418580707,16.612323530382575],[107.35140732621997,16.61229686320517],[107.35143788609561,16.612261861110365],[107.35150812411915,16.61218034888342],[107.35158381084591,16.612042959621061],[107.35156893433221,16.612000760882832],[107.3514978973711,16.611908321186828],[107.35147968564483,16.611866900941553],[107.35148434145253,16.611806838640312],[107.35148544619747,16.611805157645385],[107.35150631665782,16.611773391732623],[107.35158153253951,16.611704292102303],[107.35169232761335,16.611634780625202],[107.35177234462414,16.61158457888288],[107.35200397374217,16.611490754104743],[107.35209319088055,16.611464703951349],[107.35211715669085,16.611457706239221],[107.35222264506223,16.611426904453698],[107.35226765553254,16.611428148175474],[107.3523619913979,16.611430755653025],[107.35247612460563,16.611389816013286],[107.35256776937449,16.611356943175149],[107.35275323910648,16.611324047415177],[107.35290170224999,16.611328129241297],[107.35309851670866,16.61136551268573],[107.35313230905659,16.611371931215544],[107.35324539712623,16.611381562605683],[107.3533008922422,16.611370265364521],[107.35334600904119,16.611327649108976],[107.35336392413312,16.611304337557868],[107.35339393939486,16.611265280843771],[107.35342007966366,16.611248905070536],[107.35342678307234,16.611242287970228],[107.35343184994113,16.611241531373818],[107.353445236206,16.611233145683748],[107.35349228295702,16.611232506980375],[107.35351782407206,16.611232160699377],[107.35359534823834,16.611253992576668],[107.35362520700454,16.611263215327433],[107.35366253092292,16.611274742850785],[107.35371207160574,16.611271791267935],[107.35373910311087,16.611252363780963],[107.35377706823319,16.611228638025111],[107.3538014070744,16.611205596025869],[107.35382387761248,16.611147490901939],[107.35384365386214,16.61105243046303],[107.35385377428094,16.611003781522854],[107.35391672288101,16.610925280803009],[107.3539804826855,16.610862606594949],[107.35411556890239,16.610763116584423],[107.35434130573316,16.610577863176125],[107.35454110193437,16.610399404085427],[107.35476505003307,16.610199371914629],[107.35500826061072,16.610010834016574],[107.35573502526782,16.609447439346312],[107.35600481870469,16.609211343993515],[107.35620769056507,16.609077587074864],[107.3564548111776,16.609015031380494],[107.35672649745106,16.608934270703724],[107.35687382243006,16.608819069358276],[107.35713763468388,16.608600965769838],[107.35737717321147,16.608424965051597],[107.35758026194873,16.608309130560734],[107.3581298275441,16.608147535967927],[107.35944326824699,16.607575157222854],[107.36087354844513,16.606814197905621],[107.3622161590074,16.606217208249532],[107.36492821011646,16.604651620526766],[107.3668738326585,16.603509222517857],[107.36721422448052,16.60330935433749],[107.36728796305766,16.603259521582707],[107.36903574316783,16.60229403276557],[107.36910672035454,16.602229483881114],[107.36911884300069,16.602219544431652],[107.36921820413214,16.602136243782287],[107.36928433600144,16.602082021081781],[107.36937217869394,16.602031968193362],[107.36941167032313,16.602007832346562],[107.36943368382236,16.601996190238374],[107.36945241960163,16.601980827595288],[107.36946124020373,16.601973590633538],[107.36946950431781,16.601966811686776],[107.36950588151079,16.601936993179255],[107.36952626822688,16.601920274762712],[107.36957366417396,16.601881414636718],[107.36961333386158,16.601848884683871],[107.36965356938906,16.601815896602577],[107.36966695900234,16.601803088122029],[107.36968679845978,16.601786818569899],[107.3697044304817,16.601772362801562],[107.36974465660995,16.601739374813256],[107.36977717522939,16.601712716791642],[107.36980963641419,16.601680612271299],[107.36986264743724,16.601629818159548],[107.36987454927369,16.601616394293959],[107.36987906075188,16.601605367251874],[107.36988702250689,16.601596089483571],[107.36989727339672,16.601584021387694],[107.36991278891978,16.601570393713164],[107.36992665338731,16.601558112776434],[107.36994816790698,16.601534055367335],[107.36996841551552,16.601512875995649],[107.3699840942202,16.601497277171845],[107.37000198034835,16.601479864559437],[107.37001599873953,16.601465621611943],[107.37003049201714,16.601451906219896],[107.37004672719628,16.601435849376081],[107.37006011675712,16.601423040876501],[107.37007689915934,16.601406535153384],[107.37008854670262,16.601396059071455],[107.37010312167627,16.601381367135154],[107.37011147670442,16.601373602489225],[107.37011863705756,16.601367730416829],[107.37012770261401,16.601357554779664],[107.37013684965423,16.601346384537493],[107.37014489309274,16.601336130221604],[107.37015120388531,16.601328208218149],[107.37016098922356,16.601315612450236],[107.37017729671958,16.601298579165281],[107.37018674608518,16.601289907729392],[107.37020021722185,16.601276113650545],[107.37020903787374,16.601268885696481],[107.37021912553658,16.601258788734363],[107.37025549299948,16.601228961200441],[107.3702714739898,16.601215861168104],[107.37028707094053,16.601201238867674],[107.37029431287651,16.601194381218061],[107.3703005420638,16.601187444783932],[107.37031322117461,16.601177056295313],[107.37033363189516,16.601153905752227],[107.37034371954546,16.601143808785569],[107.37035074073924,16.601133466754554],[107.37035856341981,16.601119728052907],[107.37036264286272,16.601101741170407],[107.3703611218333,16.601089247240481],[107.37036007580318,16.601077289898075],[107.37035728787654,16.601067674008423],[107.37035270987163,16.601054943939541],[107.37034835260508,16.60104569825042],[107.37033766064935,16.601032495903073],[107.37033118681721,16.601024069292158],[107.37032486691859,16.601013680674793],[107.37031813918234,16.600989900156613],[107.37031893143831,16.600968183829689],[107.37032466181846,16.600948841174628],[107.3703370053025,16.600924075320339],[107.37034717453676,16.60091299278233],[107.37035356690323,16.600904085202739],[107.37036207583456,16.600894358544238],[107.37036995594481,16.600886066336155],[107.37038491478751,16.600872887621971],[107.37041136719037,16.600851194819043],[107.37043616865425,16.600830857787184],[107.37045058026254,16.600818127947591],[107.37048099696496,16.600785865999523],[107.37050027965812,16.600770045375675],[107.37051516625606,16.600757852119965],[107.37056062323896,16.600711416836337],[107.37056779292152,16.600705544646186],[107.37058267003231,16.600693342461447],[107.37059700002723,16.600681598186586],[107.37061005353976,16.600672713994669],[107.37062381215772,16.600667850661502],[107.37063199458191,16.600662057252638],[107.37065149799146,16.600649720996909],[107.37067605462447,16.60063234066007],[107.37069743906639,16.600622132897715],[107.37070845771277,16.600613091242],[107.37071837265343,16.600604956482453],[107.37073491015279,16.600591407438781],[107.37075529661976,16.600574688931616],[107.3707839564571,16.600551191329863],[107.37080323910078,16.600535370683776],[107.37081867277347,16.600522719499722],[107.37082748400105,16.60051549163315],[107.37084732322802,16.600499221997943],[107.370861105968,16.600487926587686],[107.37088038870955,16.600472114968117],[107.37089755489001,16.60045712243053],[107.37090984999212,16.600445220681625],[107.37092963175293,16.60042350454929],[107.37094254618785,16.60041015942198],[107.37095737516566,16.600392510618303],[107.37096487130047,16.600382705159852],[107.37097679712527,16.60036284918619],[107.37099021068975,16.600343608579777],[107.37100244832575,16.600326260336182],[107.37101167697149,16.600314113527006],[107.37102098720732,16.600300981145171],[107.37103013425963,16.600289819907857],[107.37104426758596,16.60026815916811],[107.37105633255294,16.60025277314195],[107.37106495651491,16.600235628720164],[107.37107765965862,16.600218808134464],[107.37108688829497,16.60020666132311],[107.37109390941833,16.600196319275643],[107.37110245178414,16.600180160425367],[107.37111669093184,16.600151091079557],[107.37112650028642,16.600132063217888],[107.37114823543227,16.600093179376419],[107.37116192734636,16.600064558908642],[107.37117198157533,16.600042583360878],[107.37118247736571,16.600009256813745],[107.37119076564457,16.599977735031235],[107.37119792608956,16.599953552209694],[107.37120254329668,16.599935116549236],[107.37120838854808,16.599908347109508],[107.37121529485148,16.599887121111774],[107.37121965229785,16.599878056059687],[107.37122315092739,16.599866950221159],[107.37122810385914,16.59984457216428],[107.3712312426908,16.599825521030425],[107.37123509192342,16.599804049872066],[107.37123671888375,16.599790815434307],[107.37124082225323,16.599766387452032],[107.37124508902414,16.5997400063893],[107.37124593864736,16.599723736560659],[107.37124662520102,16.599709446908868],[107.37124739323414,16.599694162652575],[107.37124583895813,16.599669799213057],[107.37124418821597,16.599652844269304],[107.37124054152727,16.599622867852617],[107.37123948609688,16.599610910625955],[107.3712390782112,16.599597518733496],[107.37123510505346,16.599571475573669],[107.3712315733933,16.599552401168872],[107.37122776341906,16.599524386863806],[107.37122379037652,16.599498352735349],[107.37122058508145,16.59947533604042],[107.37122016542261,16.599470223401482],[107.3712193182738,16.599459894328671],[107.37121961153598,16.599444091550382],[107.37121905512976,16.599426229814163],[107.37122043720952,16.599415943061345],[107.37122536600259,16.599399997067827],[107.37122963248331,16.59939191769584],[107.37123517531786,16.599380969206077],[107.371246798838,16.599358623453515],[107.37126354764763,16.599330239114877],[107.37127916862445,16.599309193736417],[107.37128477165287,16.59930269351312],[107.3712899664247,16.599296667684396],[107.37130264536383,16.599286279156505],[107.37130933997712,16.599279870364022],[107.37131933652859,16.599270759046707],[107.37132768205456,16.599262994475367],[107.37134642679126,16.599247631604474],[107.37136201425491,16.599233018390773],[107.37137744768212,16.599220358149726],[107.37139067383026,16.599209520737745],[107.37140004145495,16.599201834837597],[107.37141547498788,16.599189183626461],[107.37143806875322,16.599170660311088],[107.37148655798276,16.599130893083515],[107.37151466105271,16.599107853436195],[107.37153891496544,16.599087965193586],[107.37154993359944,16.59907893254049],[107.37156646143761,16.599065374527878],[107.37157600170316,16.599055726402177],[107.37159112350423,16.599040576483304],[107.37159789979869,16.599033191143576],[107.3716046759818,16.599025796771524],[107.37161327583964,16.599015093431941],[107.37162195717418,16.599003395487689],[107.37162936227239,16.598994575694501],[107.37163688244809,16.598978338160773],[107.37164592373357,16.598956274790833],[107.37165068930695,16.598942299937164],[107.3716588382851,16.598924627950296],[107.37166693916279,16.598901509367533],[107.37167122973776,16.598886997928812],[107.37167607689645,16.598872037502666],[107.37168291079287,16.598851787932102],[107.37168687490245,16.598841209750216],[107.37169401102801,16.598823449951553],[107.37169648751635,16.5988122654378],[107.3716970923436,16.59879895232821],[107.37169667506893,16.598785560546428],[107.37169573469927,16.598766185584022],[107.3716917856018,16.598752030125798],[107.37168861362042,16.598740891992236],[107.37168662702847,16.598727870418447],[107.37168401163179,16.59871628329735],[107.37168116622641,16.598701220938661],[107.37167532123887,16.598691359912667],[107.37167223095904,16.598679245238397],[107.37167218302186,16.598679079570651],[107.37166945238761,16.59866962926144],[107.37166471109141,16.598658861335061],[107.37165527682025,16.598642790141959],[107.37165083797716,16.598634530051552],[107.3716453862894,16.598626182149399],[107.37163821697567,16.598613752676933],[107.37162785145293,16.598596608098003],[107.37161630065403,16.598581355990156],[107.37161075812475,16.598574002797978],[107.37160240342645,16.598563456763358],[107.37159452361315,16.598553438281353],[107.37158749324608,16.598545460691195],[107.37157765093271,16.598534308322296],[107.37155656942613,16.598510393506018],[107.37154694775541,16.59850271648007],[107.37168697212738,16.598467563429164],[107.37180186304035,16.598437571489583],[107.37190502887222,16.59836110632299],[107.37196327688233,16.598260057955898],[107.37200713881694,16.598198609972481],[107.37209915223268,16.598122271989833],[107.37219361618081,16.598043329682806],[107.37224268279286,16.598002324484504],[107.37235301964172,16.597904266060702],[107.37250061864395,16.597812953038112],[107.37271159075009,16.59773525712626],[107.37300150992509,16.59772836335291],[107.3730021691409,16.597728338664286],[107.37327279835202,16.597718095618234],[107.37334275304198,16.597706482174935],[107.37345831919188,16.597687296474358],[107.37354338147672,16.597650474412635],[107.37365796240114,16.597595388489047],[107.37378396049137,16.597561683364649],[107.37393637677283,16.597559942868589],[107.37404829741894,16.597590931119345],[107.37410454346787,16.597629724953972],[107.37419385069701,16.597635875703055],[107.37429772048722,16.597616763512807],[107.37437888776523,16.59756564510554],[107.37443368164553,16.597486145986331],[107.37450662172866,16.597370588760011],[107.37458748151516,16.597294377230629],[107.37469856437133,16.597257256610057],[107.37490661072759,16.597244124793797],[107.37517758876332,16.597208762546206],[107.37528827591441,16.597139380692592],[107.37539896297012,16.59706999788661],[107.37553487889352,16.596935794930861],[107.37568159911403,16.596755115422386],[107.37578759404204,16.596624585781395],[107.37595612943254,16.596421892690536],[107.37603486206271,16.596335500000734],[107.37608819466216,16.59627697742161],[107.3762615487333,16.596163857407962],[107.3768282725558,16.595988282182784],[107.37683037890039,16.595987629378286],[107.37688841618933,16.595974243233872],[107.37708370084806,16.595892954836735],[107.37727242959936,16.595780741394428],[107.37745035381728,16.595735548038849],[107.37753252030004,16.595538521788338],[107.37782214062318,16.595293135848383],[107.37780433243809,16.594652783716452],[107.3777316255312,16.593706977816542],[107.37835516769016,16.593400975277387],[107.37888111347192,16.59333820644143],[107.37923598130359,16.593269832130989],[107.3794238700041,16.593181930144208],[107.37957815248532,16.593072975519757],[107.3796654837344,16.592943348144292],[107.37966350512133,16.592782586784235],[107.3797286084266,16.592653214687164],[107.37982745045018,16.592555612516705],[107.37995963449775,16.592457629596083],[107.38022532243765,16.592368836538874],[107.38071329583633,16.592277498311272],[107.38142170616197,16.59203356969585],[107.38172758238306,16.591834794187992],[107.38218146069835,16.591446045176941],[107.38248035570422,16.591346150121126],[107.38288999764234,16.59121282963309],[107.38322091364313,16.591005377848902],[107.38331882829671,16.590832753040154],[107.38337109612758,16.590564180621286],[107.38367042222552,16.590152810229963],[107.38377956534684,16.590030504218372],[107.38407183242536,16.589698634612809],[107.38432507858704,16.589502789923433],[107.38462317721404,16.589338588498748],[107.38479981293241,16.589240093323671],[107.38488740426608,16.589131899272068],[107.38508283132525,16.588754496306638],[107.38522387693546,16.588474186662324],[107.38558905413224,16.588341370790946],[107.3861664537863,16.58829187217939],[107.38708732930867,16.588152677587988],[107.38787260619225,16.588018436963289],[107.38848039849552,16.588055557786564],[107.38871638096694,16.588020917562602],[107.38958098586481,16.587717831125829],[107.39002314421467,16.587620264903062],[107.39026076570735,16.587587350322007],[107.39026080778848,16.58758734441842],[107.39023857738289,16.587772352818401],[107.39008573694157,16.588987602959563],[107.39003461317908,16.589394124971026],[107.38982052825254,16.591011717187772],[107.38955503450143,16.593240673180798],[107.38931123575922,16.595244404292018],[107.38901795695359,16.597234451277327],[107.38883622218445,16.598467601451418],[107.38879345102302,16.598686569067649],[107.38873944472623,16.598963077015938],[107.3886837517616,16.599117981624477],[107.38868373814675,16.599118017010849],[107.38855341591749,16.599468134561164],[107.38843856530151,16.599776673711414],[107.38788582739642,16.601313376666994],[107.38784740567459,16.601446758702231],[107.38784737152,16.601446875624415],[107.38779258372479,16.601637070126358],[107.38779456151421,16.60175178948959],[107.38779654268525,16.601866705738914],[107.3878738854463,16.602258198154413],[107.38787404734819,16.602259018325924],[107.38791940472026,16.602488623587977],[107.38811546930852,16.603405702760206],[107.38815554446268,16.603683881088866],[107.38816058825034,16.603718507433499],[107.3884550179569,16.604056625251474],[107.38882616582349,16.604495457329406],[107.38908563815922,16.604804283335987],[107.38961014748503,16.60541110688245],[107.38993381063744,16.605782202377515],[107.39056735574746,16.606497422941786],[107.39083519106956,16.606800849102299],[107.39126739872954,16.60726410163586],[107.39125288976255,16.607276518669824],[107.38652616033777,16.614143800861665],[107.38573672650716,16.615072178516691],[107.3856014092493,16.61509501629989],[107.38548921413259,16.615141331593222],[107.38539346245921,16.615197889646325],[107.38528367140239,16.615283875058481],[107.38514628707973,16.615396653986966],[107.3850084833347,16.615496653701978],[107.38481048819729,16.615611494331812],[107.38471778108361,16.615674431723157],[107.38464441433797,16.615744276105829],[107.38460445599425,16.615813406247572],[107.38456077619921,16.615887613386118],[107.38450326008881,16.615934271470628],[107.38441066172511,16.615974174332994],[107.38431472764098,16.615988258465524],[107.38423410210837,16.615994878717512],[107.38413223884262,16.616027741567329],[107.38402722985658,16.616071792124703],[107.38393918228812,16.616104903691518],[107.38386449948555,16.616120026410048],[107.38376579044977,16.616130795306692],[107.38365701965253,16.616152612683447],[107.38357366726369,16.616188647600904],[107.38348122693075,16.616243732394135],[107.38338547497396,16.616300289651388],[107.38323892944285,16.616366609455227],[107.38302683428857,16.616467227543104],[107.38272542188082,16.616712133504581],[107.38233721467185,16.617027561716387],[107.38211857931778,16.617156023419966],[107.38183562009573,16.617236475212703],[107.38155752875095,16.617345632972132],[107.381082278623,16.617576990461078],[107.38035734994396,16.617943351697054],[107.38020112063782,16.618000766242364],[107.3801516102528,16.618022097793467],[107.37983938642427,16.618190504207305],[107.37970382374067,16.618216123556497],[107.3796748993052,16.618221589587076],[107.3796748544177,16.618221596424817],[107.37976630252726,16.618383684367469],[107.37989722331913,16.618592913847365],[107.37996216962918,16.618653202379139],[107.38004656902876,16.618697372836881],[107.38015487316845,16.618740348748634],[107.38026110914122,16.618785036637849],[107.38036593699046,16.618830713500166],[107.38050767486627,16.61891120171537],[107.38091840394101,16.619197896412146],[107.3815066950033,16.619676246499356],[107.3817509328257,16.619856804598108],[107.38207166955829,16.620061266773682],[107.38298069407762,16.620600931315469],[107.38386107984063,16.621187859935951],[107.38502394147264,16.621989069692528],[107.3857721915975,16.622514059350536],[107.38577256598585,16.622514331467446],[107.38613479738635,16.622759485052434],[107.38652083804874,16.623033806443797],[107.38658402853015,16.623087219324876],[107.38664529850095,16.623155266539463],[107.38669343341007,16.623227611933988],[107.38677096334324,16.623372952636892],[107.38682408354943,16.623495576057891],[107.38691007697095,16.623688403209719],[107.38697832061678,16.623862923353144],[107.38699531088129,16.623973040899017],[107.38699242033947,16.624056802934788],[107.38692777971112,16.624312171595147],[107.38685202033726,16.624498920130304],[107.38685201042344,16.624498951860879],[107.38677183168463,16.624719810372206],[107.38668851140214,16.625072178432507],[107.38667153386935,16.625194042329969],[107.38547938448546,16.625929715583815],[107.38414897116041,16.626813182730736],[107.38205290004193,16.628027923394537],[107.37683139951284,16.631053802126203],[107.37682928449044,16.63105499707471],[107.37624377934034,16.631385704850196],[107.37523117386485,16.631921079715632],[107.37342060326384,16.632909921898722],[107.37275473514167,16.633252426476972],[107.371170799529,16.634067148375486],[107.37067393011139,16.634322716889866],[107.36879425158676,16.635319061424489],[107.36572524399061,16.636888071267379],[107.36397584039459,16.637750660746441],[107.36078426811277,16.639490163107887],[107.35729382985353,16.641696896796812],[107.35375748238371,16.643955529174495],[107.35075816521177,16.645998382347109],[107.34853382442624,16.647602761489946],[107.34693027583226,16.648561307571068],[107.34534976756542,16.649571832183081],[107.3444291987576,16.650151284269466],[107.34347014236126,16.65064945974957],[107.34296325577586,16.650856338958054],[107.34296364243664,16.650865015806961],[107.34287205715238,16.65118373298067],[107.34265009585098,16.651621305277622],[107.34257376530816,16.651925342150736],[107.34241386297403,16.652733247086406],[107.34225407550349,16.653556065059135],[107.342055581843,16.65422377206832],[107.3419644280942,16.654468743535418],[107.34184732784804,16.654831046581297],[107.34178139735232,16.654980176321899],[107.34169587569691,16.655174333723821],[107.34155545954427,16.655503521245617],[107.34135019128298,16.655948835746599],[107.34109108540045,16.65642967294324],[107.34099202821498,16.656609764314986],[107.34093342674136,16.656763671159009],[107.34089695855324,16.656981438961747],[107.34082135100687,16.65721344309183],[107.34071413227302,16.657604107933047],[107.34069101309949,16.657734370668862],[107.3406914325783,16.657963917062204],[107.34066376836809,16.658639744560588],[107.34056586055783,16.659458274209172],[107.34067792714859,16.659892957516547],[107.34083128766889,16.660487810219358],[107.34086216807482,16.660652725263837],[107.34089492876049,16.660827684210979],[107.34095370996583,16.661212166430438],[107.34069487337963,16.661293231826495],[107.34062367939636,16.661321823296841],[107.34050085804175,16.661319579356924],[107.34040496973404,16.661279523868242],[107.34031263207329,16.661175389502695],[107.34023647549324,16.66115653857667],[107.34017261352771,16.661199301991761],[107.33996677460888,16.661488821051304],[107.33980994472769,16.661707144224223],[107.33972906811468,16.661830443964654],[107.33971695010436,16.661922912593994],[107.33966879810339,16.662527303130148],[107.33964967616299,16.662549175181727],[107.33966172172666,16.662569714198412],[107.33959568544704,16.662644205251357],[107.33952213702214,16.662713154133616],[107.3393334722423,16.662828505586873],[107.33928792187587,16.662859269650323],[107.33915151321111,16.662941905813238],[107.33886787757146,16.663129823373382],[107.33884673221695,16.663143832834418],[107.33868852169776,16.663285441927833],[107.33861210641376,16.66336036969372],[107.33837803763154,16.663582995890483],[107.33818294666503,16.663781172582148],[107.33811081617679,16.663851898218148],[107.33799517657613,16.663952438687115],[107.33780934164196,16.664087693174768],[107.33775862802337,16.664128034780845],[107.3376491955685,16.664207875135357],[107.33734960220725,16.664447878725131],[107.33710927955985,16.664643785364955],[107.33692448272032,16.664790008668263],[107.33670108917963,16.66494995288198],[107.33633469837143,16.665202659264871]]]},"properties":{"OBJECTID":12,"maNhanDang":"025NAD03000001","ngayThuNhan":1734652800000,"ngayCapNhat":1737331200000,"maDoiTuong":"AD03","maDonViHanhChinh":"19846","ten":"xã Phong Hòa","dienTich":34.485999999999997,"soLuongMoLietSiChonCatBanDauTrenDiaBan":324,"soLuongMoLietSiDaTimKiemTrenDiaBan":184,"soMoLietSiDoGiaDinhChamSocQuanLy":175,"soMoChuyenDenTuDiaPhuongKhac":0,"soMoDaBanGiaoDiaPhuongKhac":0,"thongTinChung":null,"nguonCungCapThongTin":"BCĐ 515 tỉnh Thừa Thiên Huế","thoiGianCapNhat":"20/01/2025","donViCapNhat":"Cục Tác chiến/BTTM","soLuongMoLietSiChuaTimKiemQuyTapTrenDiaBan":121,"danSo":6768,"soMoLietSiTrongNghiaTrangLietSiDiaPhuong":171,"soMoCoHaiCot":191,"soMoKhongCoHaiCot":1,"soMoCoDuThongTin":0,"soMoCoMotPhanThongTin":194,"SHAPE_Length":37407.027403340508,"SHAPE_Area":34698502.830172352,"soMoChuaXacDinhDuocThongTin":152}},{"type":"Feature","id":13,"geometry":{"type":"Polygon","coordinates":[[[107.2481091446015,16.584313902541204],[107.24809894019192,16.584715578552522],[107.24807610092843,16.584883144643136],[107.24799439079939,16.585103932473405],[107.24787762334499,16.585356468144195],[107.24778084869105,16.585498244934755],[107.24759933673336,16.585662744622351],[107.24729913886188,16.585852428773375],[107.24689412738343,16.585981098330901],[107.24641052725818,16.586172762241318],[107.24630743409479,16.586259925209802],[107.2459493073687,16.586584089488209],[107.24578227464875,16.586714967448053],[107.24556427987706,16.586780972376697],[107.24550120537144,16.586792409266785],[107.24538221621088,16.586843580884914],[107.24524492364304,16.586974137442986],[107.24504568868697,16.587320487740051],[107.2447611828624,16.5877489286116],[107.24477489445036,16.587481168166725],[107.24472405014239,16.58737176380172],[107.24459768895225,16.58716278384335],[107.244365793217,16.586830646855638],[107.24420902657094,16.58656462719777],[107.2441333992474,16.586455490894004],[107.24399333345251,16.58634704879033],[107.24375109258587,16.586249627228852],[107.24362754411665,16.586204160466647],[107.24359983613098,16.586193963494839],[107.24334566715993,16.586078385944123],[107.2431546985874,16.585962126550015],[107.24302308592139,16.585834470044077],[107.24301054055286,16.585809885293006],[107.24293479001938,16.585661435145159],[107.24285568831046,16.585506417154285],[107.24278817747413,16.585321929569318],[107.24273570042497,16.58517852418229],[107.24269166985917,16.585122229435576],[107.24269568183706,16.585111361516852],[107.24257167447622,16.585061301502805],[107.24253102228737,16.585056011199139],[107.24250613311607,16.585011439603225],[107.2421494809431,16.584643403747016],[107.2418984363747,16.584495657883227],[107.24156935165418,16.584331884048911],[107.24139035505978,16.58428600678215],[107.24108314702342,16.584298877162766],[107.24091940738685,16.58428629929692],[107.24081977451149,16.584244347487925],[107.24073991267055,16.584197402728602],[107.24056498670832,16.584074991694376],[107.24043857694997,16.583861228074468],[107.24038757106086,16.583737482309985],[107.24035226475358,16.583685275797034],[107.24023225159016,16.583595738163268],[107.23994650729827,16.583321541327201],[107.23938047703611,16.582816114270017],[107.23925952344905,16.582645315073627],[107.23920796459029,16.582473769850683],[107.2391902179864,16.582225371466482],[107.23914043036018,16.582206784738659],[107.23872134221675,16.58227925821733],[107.23859246734762,16.582280644847728],[107.23847356179799,16.582286705004645],[107.23819548817472,16.58224667145322],[107.23795249884215,16.582239723485909],[107.23773946991237,16.582251576465467],[107.2376110934112,16.582295982197053],[107.23756202353134,16.582339534985454],[107.23751807647716,16.582397374364476],[107.23749412237731,16.582469340424588],[107.23741101841814,16.582570625953501],[107.23730764596449,16.582633885198458],[107.23716952083328,16.582692737217755],[107.23698099219916,16.582738729843122],[107.23687729490183,16.582715001760953],[107.23671234174151,16.582597260692296],[107.23652310184474,16.582522805635186],[107.23617502563097,16.582430935901982],[107.23581257756777,16.582382244198516],[107.23531139653008,16.582339824132486],[107.23495346305781,16.582252838117878],[107.23469934475857,16.582140832998732],[107.23456898011011,16.582013157682368],[107.23444361896611,16.581843928344608],[107.23432539812487,16.581697386489125],[107.23417548288221,16.581593824267376],[107.23402099707118,16.581523773501843],[107.23390165003406,16.58149159145389],[107.23384200411475,16.58147789009212],[107.23347807683795,16.581730387062983],[107.23321151713556,16.581828859433053],[107.23298846522715,16.581831253341448],[107.23274977003297,16.581766887099359],[107.23264936763641,16.581658010591308],[107.23260844487204,16.581548496717232],[107.23258272409407,16.58146750227759],[107.23245043636445,16.581544153652494],[107.23231728363197,16.581614858913813],[107.2320722243367,16.581722033083235],[107.23185903745869,16.581818512863286],[107.2317824899807,16.581831661058786],[107.23156218497178,16.581869502052228],[107.2312871445195,16.581843013878856],[107.23093686620628,16.581809279898],[107.23065836127034,16.581793094452145],[107.2302423732995,16.581768919020096],[107.22992952099132,16.581575693012102],[107.22992282850809,16.581571559327131],[107.22977339555254,16.581371544127624],[107.22973186197568,16.581315951109293],[107.22969336654205,16.581264425233442],[107.22968140948707,16.581236416416331],[107.22966421479599,16.581196139297429],[107.22963766309117,16.581127233755389],[107.22955169044864,16.580915494929769],[107.22948787288266,16.580754833705011],[107.22928106822174,16.580553874318227],[107.22917394894095,16.580399652965568],[107.22906621041217,16.580191655880604],[107.22890277857924,16.579990230472344],[107.22875848443226,16.579836407013879],[107.2285695124054,16.579569522085219],[107.22851258046587,16.579468544183165],[107.22846482445509,16.579220948866656],[107.22837584229234,16.579278425923857],[107.22835601326831,16.579284478859851],[107.22834340505091,16.579296380898526],[107.22819859437372,16.579418514411085],[107.22810223772728,16.579491310101957],[107.22794856319103,16.579577522685081],[107.22787605727551,16.579603180010821],[107.22773812525199,16.579609282185601],[107.2274252534008,16.57956613692372],[107.22698939854844,16.579464155888118],[107.22696892987581,16.579469173901394],[107.22688710404157,16.579466463887211],[107.22684387733425,16.579458606874827],[107.22679395999346,16.579449533172351],[107.22653001661467,16.579452357415434],[107.22635595314767,16.579511586888987],[107.22618924256359,16.579563567125174],[107.22607831783809,16.579609671795453],[107.2260435616062,16.579624117972713],[107.22594132353223,16.579666611736307],[107.22588550584221,16.579691803503561],[107.22585995115615,16.57970333707495],[107.22576321297146,16.579697200462519],[107.22562880541426,16.579648442222148],[107.2255744627886,16.57962945083289],[107.22555868813326,16.579623937031236],[107.22553921320825,16.579617131161143],[107.22544631648653,16.579621710333889],[107.22530542261507,16.579655485427214],[107.22523520145155,16.579692091284763],[107.22517332261602,16.579807487340119],[107.22512565517823,16.579865364237442],[107.22508035757279,16.579903336927554],[107.22505200468643,16.579927104632588],[107.22502097807975,16.579943371818974],[107.22498917765229,16.579960045683624],[107.22497782717647,16.57996900340131],[107.22493390974799,16.580003662016651],[107.22487488284629,16.580043732853234],[107.22483407281439,16.58005134053791],[107.22477446887312,16.580041221675785],[107.2246932529182,16.580013196783451],[107.22467759493119,16.58001799601956],[107.22462274376409,16.580067475539714],[107.22446211401754,16.580212375848156],[107.22433114568818,16.580272534339191],[107.22405767611241,16.580306163764138],[107.22389115580778,16.580326654239425],[107.22359755495675,16.58032801210986],[107.22338118670436,16.580306681566721],[107.22330350864679,16.580232708264315],[107.22316412477358,16.580158915372106],[107.22303999756841,16.580062744256526],[107.22292268234237,16.580038448759517],[107.2227702779782,16.580039204063258],[107.22262950570351,16.580057795031081],[107.22250718221818,16.580084148007796],[107.22236599813165,16.58009282724591],[107.22227661283765,16.580079440032417],[107.22223923127024,16.58006191174352],[107.22220899705987,16.580019209161293],[107.22219318011757,16.57993691192949],[107.22217719853904,16.579840275535844],[107.22220038501692,16.579582012488146],[107.22216121781722,16.579326726243],[107.22209984204135,16.579173691512167],[107.22206518812207,16.579147222690381],[107.22168206978196,16.578985840647015],[107.22085539638773,16.57897752119688],[107.22049360424522,16.579006102276992],[107.22041312635794,16.579012936219232],[107.22035079067844,16.578980734804485],[107.22030363573764,16.578921480118854],[107.22023156160276,16.578850539900923],[107.22006134832142,16.578747176616435],[107.21973228360739,16.578608138411155],[107.21957958265993,16.578598398442999],[107.21919652342142,16.578706807375589],[107.21908807911429,16.578760550251303],[107.21896900923308,16.578752258971576],[107.21884950092966,16.578705726764937],[107.2185953943344,16.578593701133688],[107.21826654201384,16.578407141713182],[107.21778589362157,16.578249758366081],[107.21759560199696,16.578190833051217],[107.21729729829016,16.578115130826223],[107.21697714008532,16.578079101764725],[107.21676924745944,16.578106414343587],[107.21667659709492,16.578132499260857],[107.2165952632196,16.578172806378678],[107.21656229814806,16.578216183092088],[107.21653705594152,16.578284575590413],[107.2165267248083,16.578356394965706],[107.21645364741923,16.578468323445364],[107.21638788133127,16.578569416961159],[107.21630001583863,16.57868867338318],[107.2162451154833,16.578764553102651],[107.21617154421979,16.578833460259311],[107.21609421504425,16.578898822623302],[107.21604638060576,16.578942357622509],[107.21603555574501,16.578971156637085],[107.21605516984697,16.579060584690101],[107.21608940775168,16.579128343750153],[107.21611616912141,16.5791925976316],[107.21613198343513,16.57927489565105],[107.21614103786919,16.579391157641364],[107.21613913599506,16.579463382322182],[107.21609779242772,16.579567111177731],[107.21603079357465,16.579654020438724],[107.21591702924644,16.579661115909182],[107.21582477926701,16.579629545109551],[107.21564613744778,16.579556679775852],[107.21535123641658,16.579571329091603],[107.21499820620799,16.579651160037518],[107.21448305853703,16.579808516723588],[107.21428915462158,16.579875359364305],[107.21414678501688,16.579888825678477],[107.21396676192823,16.579860862984525],[107.2136930820169,16.579678734844659],[107.2134604758369,16.579503030921835],[107.21306175483498,16.579370086312089],[107.21282811253805,16.579332359383535],[107.21246489939992,16.579227115371321],[107.21221023867865,16.579122408861952],[107.21207211605309,16.579073680915513],[107.21197868673619,16.579031647412076],[107.21189996275885,16.578975116559086],[107.21180959387377,16.578875683720746],[107.21168086311535,16.578672679482892],[107.211556668783,16.578541336465864],[107.21144659798375,16.578498292425177],[107.21129846824958,16.57849345303498],[107.21105157629344,16.578514388774732],[107.21104094012419,16.578517540006025],[107.21096732258033,16.578539353938215],[107.21075706489981,16.578601653843826],[107.21001475589873,16.578727456357882],[107.20961228590899,16.578778696604189],[107.209467872087,16.578829976288475],[107.20943963748937,16.578850005125389],[107.20936206014451,16.57889385452718],[107.20929204107641,16.578948379881496],[107.20922598435317,16.579024376493738],[107.20916352352297,16.579089578697353],[107.20911564541422,16.57912952703164],[107.20904533880652,16.579158957222827],[107.20898602182329,16.579173928809254],[107.20891906562586,16.579171054733912],[107.20882600408075,16.579161285406467],[107.20844509679574,16.57915140986864],[107.20820029242988,16.579175057578446],[107.20799195899792,16.579175941009321],[107.2077755632525,16.57913075176176],[107.20723724914114,16.578885968231791],[107.20692669488798,16.578805495873944],[107.20673496323533,16.578797853345627],[107.20655362042898,16.578798964035215],[107.20631566258119,16.578796260645142],[107.20622656418871,16.578807961479878],[107.20616042443638,16.57887678669714],[107.20613443680382,16.578993704050326],[107.20610818748308,16.579091364854932],[107.2059618548206,16.579277784997689],[107.20581685770881,16.579365238201461],[107.2053871213478,16.579550343469545],[107.20495827125346,16.579611045185835],[107.20488628317894,16.579662607854662],[107.20481809577221,16.579743527867304],[107.20480144049939,16.58006023029985],[107.20476730895474,16.580238396121569],[107.2047128092638,16.580314464223036],[107.20430803861167,16.580500622080994],[107.20374031516194,16.580823315062723],[107.20348842315389,16.580914835087661],[107.20344724823988,16.580950920505199],[107.20345896592154,16.581099654791416],[107.20353263665911,16.581405562434508],[107.20353361041079,16.581488604552163],[107.20334518338564,16.581680934826824],[107.20323461928237,16.581855929392653],[107.20309807171796,16.582085295608259],[107.20295220354893,16.582367430501805],[107.20275799731208,16.58264309085823],[107.20269890731433,16.582686300584506],[107.2026302718961,16.582737990676645],[107.20262170001611,16.582737595376003],[107.20258143560231,16.582733721292982],[107.20255686226615,16.582733055412518],[107.20248132197953,16.582718054055452],[107.20233212724897,16.582676607399279],[107.20212332722183,16.582625035237161],[107.20191420182337,16.582544781428474],[107.20143659096819,16.582395659258776],[107.20109003520139,16.582327615760857],[107.20080343980894,16.58223427373412],[107.20079148364947,16.582230379923683],[107.20070900234109,16.58217029864478],[107.20062672494971,16.582128142887576],[107.20055547882812,16.582075113253499],[107.20054863547678,16.582069037769912],[107.20049162674918,16.58201842057208],[107.20039043593376,16.581947780740578],[107.20029708761,16.581912912457295],[107.20014123260243,16.581939659699572],[107.20011632391193,16.581940555486032],[107.2000000034281,16.581944737833339],[107.19992924664962,16.581934729683542],[107.19983977834535,16.581914163064493],[107.19976381330602,16.581891345936949],[107.19971293149732,16.581876062941394],[107.19961594695438,16.581848404228694],[107.19952676490469,16.581852932718562],[107.19946641398643,16.581867767230051],[107.19938957958099,16.581886652594399],[107.19925974746874,16.58191312320923],[107.19917791863492,16.581910402377289],[107.19909588702326,16.581889756826509],[107.19893111252678,16.581768889680038],[107.19871849016177,16.581623931109171],[107.19855265063498,16.581555478536945],[107.19851850308935,16.581541383499122],[107.19827703579374,16.581464839063379],[107.19803990615546,16.581426228869713],[107.19794288000128,16.581431328281948],[107.19788474502862,16.581448258382011],[107.19779088810368,16.581548455861732],[107.19768156499485,16.581609812700151],[107.1975695309834,16.581623357663563],[107.19743020997291,16.581618195133107],[107.19724816460332,16.581611465405938],[107.19703146038134,16.581671266311329],[107.19688786318429,16.581745943525704],[107.19677448095537,16.581804880926949],[107.19664401299805,16.581841981947637],[107.19652329136798,16.581852220267006],[107.19629373225115,16.581827751853542],[107.19585068013285,16.581829440334136],[107.19558125428661,16.581841247379586],[107.19538931161838,16.581855224220654],[107.1953210528809,16.581846980529246],[107.19529286621548,16.581820387164715],[107.19526753910165,16.581772847289717],[107.19519990489967,16.58154647783903],[107.19495422649592,16.581193506273742],[107.19477495671039,16.581076299129968],[107.19456355119996,16.580966466690807],[107.19441540273793,16.580910580521625],[107.19430770294292,16.580865012259739],[107.19422883765696,16.580831644337486],[107.19414569650124,16.580779999786589],[107.19410501428295,16.580733954199598],[107.19385954892259,16.580399503698398],[107.19364528727897,16.580193802333497],[107.19350637284508,16.580102443119788],[107.19344675074272,16.580063230948141],[107.19326741213915,16.579986239481119],[107.1931322896297,16.579947975638053],[107.19299885043337,16.579910189044767],[107.19272653137183,16.579830591185299],[107.1924078085993,16.579757032555925],[107.19234547957322,16.579742647896406],[107.19226439311112,16.57973336739202],[107.19213220896859,16.579745899274389],[107.19211834907505,16.579749746659544],[107.19195923062831,16.579793917759091],[107.19177449707348,16.579831946844809],[107.19171779098743,16.579822037122323],[107.19159760730712,16.579743637788503],[107.19143136471325,16.579644239674394],[107.191148533559,16.579475131124884],[107.19104414639712,16.579437382408351],[107.19103731701051,16.579436976395268],[107.19097225267775,16.57943310720567],[107.19083028252633,16.579452265906045],[107.19060292946875,16.579482980287743],[107.1903294463411,16.579519855371188],[107.190115088658,16.579533756791172],[107.18995473022869,16.579516159617818],[107.18972967606086,16.57944704151949],[107.18966548904146,16.579430296819979],[107.18960784146681,16.579388992882709],[107.18953681717942,16.579339263267045],[107.18938922372624,16.57923592058436],[107.18917461647327,16.579163479287946],[107.1890493756768,16.579164796745964],[107.1890197164379,16.57916510873233],[107.18896478424736,16.579174352339226],[107.1888681853664,16.579190606714015],[107.18870735919364,16.579216201447267],[107.18856774683591,16.579199741927802],[107.18845596213538,16.579150981729093],[107.18838715093914,16.579120966741261],[107.18827280592058,16.57909772118278],[107.1882474025961,16.579092556829277],[107.18814225744356,16.579099406491618],[107.18810426614694,16.579101881155101],[107.1880833097559,16.579103246157914],[107.18795292403483,16.57908071384988],[107.18784084022811,16.579060007328817],[107.18776145067088,16.579045340740812],[107.18773868880911,16.579041135109367],[107.18750947062742,16.579046532365457],[107.18734574913418,16.579090084341153],[107.18717307201804,16.579163609781006],[107.18684016901533,16.579328343454321],[107.18679974107782,16.579339784835785],[107.18666146967864,16.579405034209078],[107.18644303013866,16.579541786576748],[107.18632025718676,16.579644666520128],[107.18626001818467,16.579797684448355],[107.18618721846532,16.579935895041856],[107.18611077998615,16.580026336503085],[107.18599665952436,16.580072355027919],[107.18581118314006,16.580110158196515],[107.18555115184466,16.58013081728884],[107.1853368828052,16.58008824882377],[107.18502835662864,16.579930138667212],[107.18487904483524,16.579877923680836],[107.18477984032813,16.579872988987614],[107.18472751133781,16.579903417881265],[107.18470030434065,16.579963462519544],[107.18468545457503,16.580020389743623],[107.1846740744772,16.580110147720532],[107.18465993389941,16.580229814179052],[107.18464242481626,16.580325612762717],[107.18460885173977,16.580370784028727],[107.18442670940956,16.58042946748369],[107.1841700448265,16.580473992811285],[107.18406770852003,16.580466103001775],[107.18397419436963,16.58041628941341],[107.18390196179304,16.580330396651213],[107.18383646984525,16.58021910333207],[107.18381982918825,16.580190824987795],[107.18368257220465,16.580108603101898],[107.18358296301982,16.580067817212317],[107.1835735571116,16.58006623189635],[107.18344947810473,16.580045313709135],[107.18327289067498,16.580047166505427],[107.18290934318911,16.579955366502848],[107.18279730951922,16.579911721956258],[107.18276858458198,16.579837324881744],[107.18277046923119,16.579729738612428],[107.18276871700867,16.579574383958708],[107.1827670995774,16.579430978618444],[107.18274069842019,16.579287834133268],[107.1827112323375,16.579147709468192],[107.18266883534967,16.578959912976678],[107.18264549839992,16.578813747734745],[107.18263138823266,16.57866151034921],[107.18261805301937,16.578577987860694],[107.18257414207578,16.578530640942727],[107.18253961925761,16.578519943966675],[107.18251817529425,16.578513299987247],[107.18250698583677,16.578515876503786],[107.18245018821959,16.578528953200895],[107.18232714391866,16.57860793052463],[107.18215726310392,16.578728233591036],[107.18206874131977,16.578791311388947],[107.18205942085973,16.578843996686821],[107.18206529325326,16.578925207879234],[107.18205624227075,16.579001794531461],[107.18204686790634,16.579049699377883],[107.18199331247352,16.579136314703554],[107.18183086936983,16.579238412916204],[107.18169698147727,16.579235035592379],[107.18157257583201,16.579193313345286],[107.1814365318223,16.5789987294661],[107.18132947560746,16.578736911879361],[107.18120846515212,16.578556512359569],[107.18119236713297,16.57853493882925],[107.18101503055742,16.578321402174986],[107.18098228491968,16.578281600861015],[107.18064748563771,16.578046072639381],[107.18049507446366,16.577969336517512],[107.18022368136144,16.577830599395398],[107.17980968259508,16.577605461336837],[107.17963399494892,16.577447046738335],[107.17958431285305,16.577402249407768],[107.17935488788093,16.577203346608407],[107.17877325848008,16.576669036640023],[107.17858003977811,16.576530916947203],[107.17837385066338,16.576481416134445],[107.17799596592778,16.576443152864467],[107.17762878756471,16.576509675841439],[107.17745366465655,16.576615587575571],[107.17723779529791,16.576746141368492],[107.17650219925814,16.577134589386038],[107.17609869204452,16.577363229986087],[107.17608337211627,16.577377977197738],[107.17594052776023,16.577515477185077],[107.17584275567404,16.577684714617931],[107.17582382171028,16.577717488103016],[107.17576554920899,16.577825664255116],[107.17572925937749,16.577904926186612],[107.1757373801718,16.577965795858439],[107.1757567341467,16.578033718739192],[107.17577269272925,16.578130362413376],[107.1757844901535,16.578187607866337],[107.17578525590676,16.578255725074097],[107.17575603898493,16.578302642898002],[107.17569704087265,16.578346286290905],[107.17554826501413,16.578360150146068],[107.17525973102319,16.578327019330857],[107.17471165238555,16.578202468563873],[107.17455214984612,16.578149799278137],[107.17451133954698,16.578146204453912],[107.17438130404679,16.578154734658906],[107.1742848471269,16.578173670404947],[107.17418127760678,16.578221363931746],[107.17411500450197,16.578279425124574],[107.174067440478,16.578348048191422],[107.17402759401351,16.578441689274296],[107.17397655368897,16.578531861508289],[107.17393630444957,16.578589650806556],[107.17389569276368,16.578615173681648],[107.1738362511332,16.57861938037377],[107.17367538770262,16.578594701672909],[107.1734528209023,16.578534081289778],[107.17309411436356,16.578399091202932],[107.17266359552137,16.578308006019089],[107.17239674293508,16.578244511234505],[107.17221753195345,16.578178256499662],[107.17207545838261,16.578108028218857],[107.17187406308815,16.578052761140157],[107.17174382523625,16.57804336289394],[107.17154327476972,16.578063383604356],[107.17140616524644,16.578104255113416],[107.17108673071667,16.578132379248739],[107.17100464810382,16.578132527225392],[107.17056054026473,16.578180160083452],[107.17039359337896,16.578267831785602],[107.17019261400328,16.578470719971861],[107.17005095547734,16.578658646302774],[107.16991781754967,16.578722184573184],[107.16989530136516,16.578726922131555],[107.169888357633,16.57873428355402],[107.16968611688294,16.578771346583366],[107.16951455654629,16.578749496422763],[107.16949550784098,16.578747070484496],[107.16939221920437,16.578661596836657],[107.16919569651708,16.578311873091952],[107.16915859714115,16.57824585267489],[107.16887822169916,16.578039364367836],[107.16854264203191,16.577956030822044],[107.1683441928589,16.577956869835099],[107.16830774997736,16.577965808803132],[107.16824045392357,16.577982316677144],[107.16798949989671,16.578059013909705],[107.16788693561296,16.578082284587666],[107.16774780010884,16.578107811709838],[107.16763968656259,16.578100855537532],[107.16757682698893,16.578065896257495],[107.16755679253671,16.578033665654996],[107.16749683991598,16.577937212578892],[107.16742159653769,16.577834749966833],[107.16733520384842,16.577780212183328],[107.16704385579911,16.577678063688804],[107.16660646368479,16.577467969520065],[107.16639139681631,16.577353677663403],[107.16623306283221,16.577325445903604],[107.16603435518097,16.57728867016932],[107.1658429169036,16.57722313403184],[107.16573842261778,16.577188365264849],[107.16564196481218,16.577207297046446],[107.16550485413157,16.57724816474315],[107.16534919518645,16.577292811129968],[107.16525653533472,16.577318874821085],[107.16521572200601,16.577326470113832],[107.165174668053,16.577312554928461],[107.16513329234159,16.577269958513522],[107.16512113715547,16.577180445461689],[107.16509069867851,16.57680607296939],[107.16506841606686,16.576673055674508],[107.16502701008122,16.576596160014187],[107.16494235118861,16.576527673653171],[107.16405486228484,16.576080667319996],[107.16385644628211,16.576044539479362],[107.16377461866173,16.576041804358884],[107.16370746198299,16.576020988598167],[107.16365489424898,16.575974922365212],[107.16360960190663,16.575914438191223],[107.16355299678267,16.575839730201587],[107.16342855210588,16.575683257522442],[107.16323142698043,16.575518230948379],[107.16309234043942,16.575476299870335],[107.16290523753439,16.575519848171613],[107.16284204242672,16.57554585842319],[107.1625680509993,16.575650974299485],[107.16255057823219,16.575657677859606],[107.16232456545173,16.575684166191603],[107.1622113233274,16.575689308747314],[107.16200465999836,16.57567506684931],[107.1618964376388,16.575632420458792],[107.16165915357151,16.575584392711431],[107.16152487994644,16.575546346009421],[107.16144253205547,16.575497002595476],[107.16137505549615,16.575447504721865],[107.16127639635828,16.575269249753394],[107.16113936402692,16.575021156879483],[107.16106302957894,16.574926550177626],[107.16106199992184,16.574925954650588],[107.1606057174442,16.574661905812665],[107.15957004890723,16.574140880256156],[107.15905147796489,16.574073287536919],[107.15877249815713,16.574058590669324],[107.15864522433733,16.574032419326045],[107.15844890630666,16.573976605955803],[107.15838844005039,16.573942551109283],[107.15796977085208,16.573740717045172],[107.15769271953809,16.573624069079251],[107.15763935480912,16.573561874549387],[107.15744893825357,16.573375820136068],[107.15721323621177,16.573191596296368],[107.15708857174212,16.573125956532635],[107.15702408056133,16.573121844599978],[107.15694008162684,16.573146618578569],[107.15678032255522,16.573234897142019],[107.15650057814412,16.573377118968612],[107.1561373730508,16.573475418827591],[107.15592427423024,16.57363163533039],[107.15587714330779,16.573739691612388],[107.15582377532918,16.573955379745431],[107.15572880575192,16.574117128730325],[107.15560001070752,16.574212200571274],[107.15525789488558,16.574464731053059],[107.15491483229542,16.57477351191946],[107.15483823397345,16.574842456211435],[107.15418780836195,16.575058185123421],[107.154174168399,16.57505382707102],[107.15405944724397,16.575017177532303],[107.15385388541675,16.574897292850345],[107.15348812674378,16.574873072744388],[107.15320646966977,16.574786015711261],[107.1530223078298,16.574705416034877],[107.15295669894336,16.574684165925746],[107.15248820785801,16.574459531904878],[107.15219885378039,16.574295195322886],[107.15196503404265,16.574221120535579],[107.15170496174829,16.574238151394418],[107.15154887563571,16.574244544956358],[107.15126159415259,16.574266637600719],[107.15082162219328,16.574215849070796],[107.15076884321637,16.574204698230542],[107.1504532964033,16.574120162001698],[107.15023307825878,16.574018770426523],[107.14980231354727,16.573754242713598],[107.14964498864859,16.573642049639766],[107.14945183827693,16.57349629513336],[107.14931210444597,16.573359797764578],[107.14908009888521,16.573127433657962],[107.14898240683637,16.573035215997105],[107.14877288622046,16.572922173235977],[107.14853224400134,16.572877359976527],[107.14839984046759,16.572877931393858],[107.14823903278283,16.57284761744523],[107.14775691471075,16.572759742533741],[107.14746701857231,16.572705292086265],[107.14740177754118,16.572683997438038],[107.14717784927547,16.572580535474653],[107.14677348876944,16.572326540944434],[107.14637087796744,16.572230295202196],[107.14578998336492,16.572150228755422],[107.14565543498666,16.572087074071369],[107.14536379616878,16.571939483491079],[107.14514635005276,16.571776785544003],[107.14477852243222,16.57158678637602],[107.14454325122668,16.571501375460699],[107.14437091413853,16.571474481049403],[107.14420696077219,16.571453775590822],[107.14413602884558,16.571454099560984],[107.14409490452259,16.571454261085428],[107.14390356994566,16.5714788180323],[107.14351198434105,16.571556059454419],[107.1432857585003,16.571585327966162],[107.14310339391804,16.571588329203177],[107.14293424959087,16.571572195290887],[107.14268476377389,16.571563317160631],[107.14247623040399,16.57163288868535],[107.14234023798103,16.571662132854613],[107.14233996355536,16.571662138388927],[107.14194368849471,16.571670755706521],[107.14193170668489,16.571671015402863],[107.14172775540848,16.571688214107319],[107.14154735831171,16.571724544190079],[107.14154418761694,16.571725514600274],[107.14131672693901,16.571794484670789],[107.14120052169419,16.571807218896726],[107.14112456108897,16.571815543146577],[107.14094245924373,16.571846923922411],[107.14089673044265,16.571854807999568],[107.14089669399084,16.571854815602137],[107.14083890407787,16.57186866820221],[107.14083884988848,16.571868681407945],[107.14073362915509,16.571814514784645],[107.14047717656051,16.571564527837069],[107.14016571031691,16.571254458303354],[107.13995508514297,16.571085834320538],[107.13990282518031,16.571061183795965],[107.13949730304419,16.570806330978506],[107.13945070240922,16.570769887071769],[107.13945065992809,16.570769857693978],[107.13931075109289,16.570684332379926],[107.13922383086766,16.570645835341359],[107.13915661232512,16.570616033157773],[107.13910336043593,16.57059222559251],[107.13903461731392,16.57056145244589],[107.13894815401353,16.570506980042879],[107.13884445090397,16.570441591962709],[107.13856824662089,16.570284281020975],[107.13841040345132,16.570185030386906],[107.13830913112866,16.570156410641957],[107.1381683066458,16.570116585694009],[107.13805551618275,16.570062839482194],[107.13787680181188,16.569910173928854],[107.13773522449159,16.569685101753244],[107.13761240605608,16.569459936238299],[107.13728621446123,16.568847577591043],[107.13721549015003,16.568744073419243],[107.1372154730502,16.56874405191158],[107.13710239488697,16.568600127694523],[107.13707039772565,16.56857859041855],[107.1370224972807,16.568546344951546],[107.13690504982797,16.568497060105329],[107.13675489172709,16.568443751633115],[107.13655797836199,16.568408319026801],[107.13634201179552,16.568327994236213],[107.13610250438197,16.568202728354898],[107.13577851174253,16.56803710356159],[107.13561420584374,16.567983550811615],[107.13549036616287,16.567968749104978],[107.13543793447838,16.567962473763316],[107.13530065832084,16.567963140656296],[107.13513476032972,16.567930860594839],[107.13513473213926,16.567930852752689],[107.13511695713781,16.567924381881888],[107.13486560048803,16.567832867479236],[107.13479879961579,16.567812261231122],[107.13463655594161,16.567762188353946],[107.13424715637133,16.567768423087674],[107.13416772308219,16.567769690746289],[107.1341676949714,16.567769690130923],[107.13389333791736,16.567759831580535],[107.13341845695786,16.567690291444279],[107.13292617742583,16.567571194305529],[107.13270833035708,16.567487758736519],[107.13251385741222,16.567413244716743],[107.13203417295659,16.567219569662097],[107.13180548155162,16.567065516070262],[107.13147632971364,16.566873284455557],[107.13104925192249,16.566564964827485],[107.13096175801589,16.566481354201883],[107.13096172869025,16.566481328301375],[107.13081356393008,16.566330417441112],[107.13070892821682,16.566146777434817],[107.13070890913522,16.566146746008638],[107.1306345674822,16.566011548082344],[107.13044617148863,16.565854218259204],[107.13044613753932,16.565854197826717],[107.13027495703574,16.565783900871498],[107.13015404369246,16.565742453265592],[107.12972778064798,16.565582806947564],[107.12958019281068,16.565557590647973],[107.12949698098065,16.56555406873192],[107.12938800011791,16.565570340567763],[107.12911573952833,16.565655518812552],[107.12894689217852,16.565698158578936],[107.12885940959899,16.56570104501662],[107.12876157736434,16.565704276629369],[107.12847270533825,16.565715997391244],[107.12832118216676,16.565713305977138],[107.12823283000769,16.565711741510643],[107.1282327925302,16.565711740990171],[107.12823054901205,16.565711750365139],[107.12683077280674,16.564725197846229],[107.12682969558929,16.564724438185984],[107.12682848907174,16.564723249793968],[107.12669999400843,16.564596677421232],[107.12669865466734,16.564595592476799],[107.12669516605156,16.564591922061709],[107.12647924384693,16.564364765270046],[107.12643570911186,16.564329148609367],[107.12619787577232,16.564134570277872],[107.12605432342208,16.564040417704771],[107.12585415720044,16.563869154262019],[107.12562229129837,16.563632476602979],[107.1253397453179,16.563294722172504],[107.12518809792901,16.563027344796286],[107.12506690535979,16.562711848425266],[107.12500311287566,16.562545168100947],[107.12496050192217,16.562387872854366],[107.12495790788621,16.56237829812029],[107.12495555538108,16.562374944037725],[107.12486183689532,16.562241327929616],[107.12476308767188,16.562129289208883],[107.12456358665835,16.561879232790311],[107.12437840330153,16.561702261058421],[107.12407005340221,16.561496269717086],[107.12385397512379,16.561304687085492],[107.12332919000328,16.560825621020992],[107.12315953449135,16.560685721813318],[107.12308971785998,16.560537903303896],[107.12307351759917,16.560352909723093],[107.12319903677843,16.559973519734609],[107.12327916974908,16.559822104890031],[107.12336298093012,16.55966706665108],[107.12349800974184,16.559436208179822],[107.12363034217869,16.559298603799725],[107.12376650990504,16.559171717004279],[107.12381845571981,16.559075932499731],[107.12392685193927,16.55887605799359],[107.12420900287297,16.55850027206067],[107.12447268276581,16.558135431848047],[107.12449014965729,16.558046312278666],[107.12449732929053,16.558009681854845],[107.12449290427251,16.557945185603398],[107.12443643599423,16.557881219125054],[107.12435022996269,16.557817555843563],[107.12423068558991,16.557764990079558],[107.12400634755211,16.557648950296301],[107.12379803348192,16.557496710978221],[107.12362407495026,16.557369579312819],[107.12344458230093,16.55727459614932],[107.12338052324171,16.557196364047957],[107.12333493328617,16.557107186950148],[107.12332905539543,16.556910034899865],[107.12333796828,16.556705561248037],[107.12334398938896,16.55657641614199],[107.12332529051213,16.556519092489978],[107.12330551958465,16.55645848117852],[107.12323359469933,16.556340887115386],[107.12309886713642,16.556259790001675],[107.12289077511933,16.556097001014656],[107.12284701930251,16.556007773442321],[107.12281598409277,16.555889762595015],[107.12278364936672,16.555830999418315],[107.12275908602015,16.55578635786199],[107.12269142802789,16.555718918879148],[107.12259087059584,16.555618207590467],[107.12256738259526,16.555594684589597],[107.12244689781411,16.555456070389418],[107.12231439793491,16.555238694362536],[107.12227166200918,16.555070602829005],[107.12221789324015,16.554913381304775],[107.12218243553924,16.554730872957997],[107.12214991044438,16.554476622381955],[107.12216165785551,16.554336355854776],[107.12215906028331,16.554293659730941],[107.12210979344665,16.55420810554477],[107.1220261691867,16.554040430284303],[107.12198250842961,16.553931644854156],[107.12198030602298,16.553926156088412],[107.12197979464359,16.553919916482251],[107.12195885451958,16.553664619983113],[107.12192390761339,16.553528721074859],[107.12190068602948,16.553439132307105],[107.12186180212997,16.553289113311735],[107.12185858430877,16.552995121212419],[107.12185975111909,16.552762040067446],[107.12182496148097,16.552640482161788],[107.12170147030622,16.552227093462662],[107.12169753698011,16.552142440909314],[107.12167613194018,16.552071329513449],[107.12160899017159,16.551993718830705],[107.12152795254492,16.551953389604581],[107.1214153463,16.55193353006824],[107.1213309413797,16.551937308333205],[107.12119742346542,16.551954767231081],[107.12107434193172,16.551962064157234],[107.12090907959079,16.551983080386261],[107.12062817914064,16.55204190726749],[107.12041870332271,16.552097819792071],[107.12022736384115,16.552165504201199],[107.12001776538955,16.552263253920369],[107.11989810469501,16.552327795711811],[107.11988225031179,16.552336346652204],[107.11987093114899,16.552336461788499],[107.1197087781611,16.552338111109368],[107.11950413380072,16.552322263878573],[107.1192562513376,16.552318808206344],[107.11879185532449,16.552347435113511],[107.11859399347443,16.552385302851661],[107.11830900312414,16.552388199774736],[107.11757311718985,16.552521177445207],[107.11731330034219,16.552559673515233],[107.11731047750378,16.55255997504409],[107.11706574450045,16.55258609352952],[107.11665045401018,16.552572383223875],[107.11639037584412,16.552586976626625],[107.11596915029006,16.55259723033101],[107.11575824446021,16.55257546648247],[107.11540807126633,16.552564180679234],[107.11519419714659,16.552557287804238],[107.11500187789649,16.552535334530937],[107.11487579929668,16.552468148456686],[107.11483310163059,16.552399596695679],[107.11475693136451,16.55223303740226],[107.1146680855953,16.552022787097549],[107.11464880546927,16.551977160132093],[107.11450435604934,16.551799342276457],[107.11436049244277,16.551675302396934],[107.11420404288275,16.551533462354051],[107.11406474657504,16.551259972215004],[107.11402135479918,16.551175559473837],[107.11397612172429,16.551087563226947],[107.11387491004031,16.550897353215948],[107.11383031533626,16.550864031670155],[107.11375134557753,16.550805025905209],[107.11372498297736,16.550785327290964],[107.11354185112059,16.550737768668185],[107.11349536245271,16.550751798584837],[107.11340882166077,16.550770604745772],[107.11321180634781,16.550886148859533],[107.1130637030376,16.550941435422207],[107.11275383885862,16.551079196861391],[107.11238224885793,16.551119771044082],[107.11205808414061,16.551160234421388],[107.11182397267433,16.551228714270181],[107.11106734146765,16.551421872002017],[107.11096214253507,16.551410942938155],[107.1108937331033,16.55138773154264],[107.11079395525626,16.551328980505492],[107.11065002905079,16.551198962785804],[107.11050016834844,16.551092909312345],[107.11032526540325,16.550963204995298],[107.11014488318074,16.550899293198455],[107.10996050018457,16.550832789895583],[107.10979031390785,16.550771407289805],[107.109473828053,16.550726801202682],[107.10941080341061,16.550731494788028],[107.10938096180328,16.550733717602718],[107.10933557309448,16.550769160628146],[107.10921552042086,16.55086290824875],[107.10908745023349,16.550934188774612],[107.10874897641429,16.551122574198281],[107.10848035587685,16.551204996038411],[107.10832355127397,16.551232124600084],[107.10816673043051,16.551256903257904],[107.10809970413266,16.551269552342418],[107.10795318512048,16.551335487730263],[107.10779555531406,16.55145216738801],[107.10768216262903,16.551489138071439],[107.10763344129566,16.551488979363771],[107.1075810390827,16.551480248592458],[107.10745441704873,16.551427357146746],[107.10727829896284,16.551327152014252],[107.10712088960614,16.551283153797737],[107.10701301748283,16.551274740629985],[107.10676624714023,16.551276746412697],[107.10627748102301,16.551374672791489],[107.10612937476738,16.551429954691105],[107.10601256930566,16.551514801978833],[107.10588343883174,16.55160574847384],[107.10568622267358,16.551703360241444],[107.10559937859664,16.551710856547778],[107.10545098952571,16.551723665447589],[107.10517858405667,16.551744345869817],[107.1050240866395,16.551781762890219],[107.1048939675342,16.551846164561631],[107.10485152155007,16.551867172773392],[107.10454839780404,16.551912066981469],[107.10444240763124,16.551902571909633],[107.10436853481858,16.551895954437075],[107.1041704094946,16.551909907008557],[107.10404721330833,16.551976889112574],[107.10396330747827,16.552048602681431],[107.10384425043311,16.552150359523701],[107.10369035181458,16.552265038167111],[107.10363428036412,16.552339455773232],[107.10357796338661,16.552380888767704],[107.10333236298389,16.552336699070342],[107.10326826733198,16.55233453700599],[107.10322766157623,16.552333166934442],[107.10319599654801,16.552332098739871],[107.10317423220683,16.552333386295214],[107.10308294442711,16.552338787888626],[107.10301332735862,16.552342906464752],[107.10284650287396,16.552386422894042],[107.10265238155367,16.552484000794916],[107.10247965257521,16.552554469621711],[107.10228798129178,16.552592259750568],[107.10218904721013,16.552611186457398],[107.10207168930306,16.552645238962718],[107.10194559830987,16.552686915447683],[107.1018541625151,16.552717137627749],[107.10174038051419,16.552719697285529],[107.10161735964948,16.55268866634993],[107.1015241169963,16.552660920990025],[107.10122447844455,16.552455971005458],[107.10095566672325,16.552351110388283],[107.10070939254865,16.552267535096284],[107.10034447599566,16.552213841740421],[107.10010610328106,16.55217321543439],[107.09997142549086,16.552095686514452],[107.09975403599947,16.551932934769933],[107.09943318995251,16.551751630143407],[107.09934257159037,16.551700422683432],[107.09896060215823,16.551480876709302],[107.09890113603909,16.551446696800909],[107.09877358465525,16.551340409558915],[107.09858647843573,16.55122755092],[107.09841439673441,16.55112888366051],[107.09822791169751,16.551073389761555],[107.09816901248165,16.551006483258526],[107.09798334612582,16.550795575840983],[107.09783696943714,16.550675724544522],[107.09764196482503,16.550519914982765],[107.09742527701397,16.550421695693931],[107.0970796290141,16.55039371153056],[107.09668205476612,16.550450688106981],[107.09663550700149,16.550443112600849],[107.09639156479008,16.550403409612247],[107.09613793796062,16.550327074262547],[107.09575078628464,16.55023947754518],[107.09571308321601,16.550230946447197],[107.09563648846472,16.550222040215107],[107.09525895652986,16.550178140567656],[107.09499435853704,16.550153497754913],[107.09494132529281,16.550148558367336],[107.09469400780644,16.550190990786621],[107.09461607807556,16.550212333712203],[107.09453091283822,16.550235658389564],[107.09430857382822,16.550302435014874],[107.0935524880077,16.550502080729014],[107.09298472450087,16.550629897411255],[107.09266570651647,16.550692180693972],[107.09248549296197,16.550703124274957],[107.09230872322112,16.550686847149599],[107.09212824199462,16.550636525713145],[107.09200057255354,16.550534828390902],[107.09186920635656,16.550382202254124],[107.0916634972062,16.550216208662977],[107.09145074948974,16.550070685341645],[107.09118840504985,16.549874207443015],[107.09107936034691,16.549766564649861],[107.0909766638252,16.549532683967794],[107.09083370637292,16.549376345200148],[107.09051836430926,16.549092650032147],[107.09014354620824,16.548809549761451],[107.08982990520157,16.548683608268458],[107.08972080635105,16.54866173258052],[107.08964155536984,16.548645842300509],[107.08959146037429,16.548635798034329],[107.08938329350738,16.548637884672448],[107.08920624577794,16.548567720582366],[107.08918914675711,16.548560944113699],[107.08889665194101,16.548327216850737],[107.0887095535103,16.548214348318538],[107.08852284141021,16.548137332568942],[107.0884033491318,16.548088329957437],[107.08839778512368,16.548058074479741],[107.08839545085549,16.5480453803257],[107.08841705976458,16.547980620249291],[107.08846058550951,16.547879783750822],[107.0886281802795,16.547790039562472],[107.08863800887967,16.547784776732545],[107.08904551469919,16.547651607158901],[107.08922309296122,16.547570941053269],[107.08929859107714,16.547556671789458],[107.08942343750189,16.54753307626806],[107.08949003809653,16.547503722897314],[107.08948198603467,16.547446431053089],[107.08938456514434,16.547375692935276],[107.08918403822253,16.547301659463617],[107.08910089738187,16.547270964447147],[107.08905278538565,16.547218530939055],[107.08880747801322,16.546951187674317],[107.08858089177858,16.546623570720296],[107.08834679517771,16.546288855847109],[107.08821016444512,16.546168463647305],[107.08808656966936,16.546180533544753],[107.08804825970842,16.546184274621051],[107.08784776171571,16.546207796579708],[107.08773562849726,16.546151547821367],[107.08752622918084,16.54603890123737],[107.0874209126689,16.545925211409937],[107.08726126259488,16.545791649289413],[107.08715831596926,16.545705525498999],[107.08692777203811,16.54570066145569],[107.08666013277815,16.545703340355608],[107.08632635566704,16.545778395464829],[107.08563773053039,16.546043459400881],[107.08517872302079,16.546227338094354],[107.08477865045718,16.546360425742009],[107.08450403836729,16.546406200549811],[107.08414726246886,16.546416939487138],[107.0838481365726,16.546456053118046],[107.08361198097226,16.546422290033004],[107.08335913293861,16.546417645031674],[107.08309792576564,16.546327025471143],[107.08285855960126,16.546193158455768],[107.08255205334891,16.546038447816493],[107.08231066976455,16.546008980015518],[107.08132941078509,16.545862708874523],[107.0812545438725,16.545884147204553],[107.08120091746507,16.545919149960877],[107.08116697913781,16.545956604313059],[107.08110073102849,16.546043612611928],[107.08092316421872,16.546276563157814],[107.08084440467151,16.546348173334376],[107.08075157368417,16.546395169979117],[107.08064579311782,16.546416472136524],[107.08002856962497,16.546458073566829],[107.08002761473612,16.546457952087213],[107.07992433338615,16.546444769645923],[107.07976000540607,16.546374694105506],[107.07965476966714,16.546268171940319],[107.07949626229632,16.546047436250355],[107.07938244583677,16.54581398609643],[107.07929230306124,16.545748266803528],[107.07909900773191,16.54575019452156],[107.07877227583926,16.545789310526697],[107.07840791095478,16.545785771304502],[107.07814080794357,16.545838634880432],[107.07800775620591,16.545911676095255],[107.0778531687528,16.546056646889806],[107.07774977776037,16.546122221293761],[107.07722366935678,16.546266899637406],[107.07720859686947,16.54627104417327],[107.07700824979044,16.546308898241204],[107.07679211225833,16.546260850455084],[107.07662755587478,16.546169259611151],[107.07638688938361,16.545913482446473],[107.07625045835907,16.545671009018175],[107.07623382399392,16.545506229537736],[107.07627520672274,16.545204614083488],[107.07627252017475,16.544953637598685],[107.0762696033995,16.544681148423496],[107.07622897788734,16.544358834636945],[107.07615406842558,16.544008655018139],[107.07603000351496,16.543830123292562],[107.07599125390524,16.543787971549367],[107.0758469007196,16.543630944340254],[107.07578175269684,16.543560076584718],[107.07566924016658,16.543467966556591],[107.07545118806993,16.543240648705329],[107.07527858641008,16.543091764414559],[107.0750597681641,16.542792737634777],[107.07487183836453,16.54260097637464],[107.0746344163457,16.542418960946577],[107.07447544099325,16.542382602875907],[107.07429824940479,16.542406593448554],[107.07366809476254,16.542535149567222],[107.07343746745825,16.542658273247241],[107.07321566325413,16.542775223912003],[107.07283819559599,16.542936750088394],[107.07239619413836,16.543321234745605],[107.0722249730045,16.543433809340225],[107.0721746939203,16.54346686751569],[107.07194232540304,16.543537237266033],[107.07094305853715,16.543645355957306],[107.07046079164824,16.543806612586685],[107.06992704398449,16.543955342654531],[107.06958590167973,16.544037616384529],[107.06945982214712,16.544067553935214],[107.06925165844699,16.544069619915078],[107.06899122385404,16.544050689318066],[107.06864832195156,16.543968033204791],[107.06863714772234,16.543965387486658],[107.06835761457529,16.543899201816352],[107.0681049963717,16.543916050691703],[107.06778546877622,16.543933562827782],[107.06766690022882,16.54397059681958],[107.06748836782789,16.544109869253337],[107.0672311717947,16.54424743596584],[107.06721998345202,16.544253750335766],[107.0669724943161,16.544393432296904],[107.06663863152771,16.54446128524058],[107.06632653755018,16.544478721560001],[107.06606617862764,16.544466958579353],[107.06597140506108,16.544455724804749],[107.06573116880207,16.544427248698355],[107.06559734871975,16.54442857448802],[107.06550836440184,16.544450971131578],[107.06535292762413,16.54451705441139],[107.06513816776922,16.544598069183504],[107.06504887793395,16.544591782464508],[107.06493023194557,16.544621643753725],[107.06473853796882,16.544774144320627],[107.06458854407244,16.544892340524385],[107.06451733571053,16.544948452948187],[107.06436227972158,16.545050390010655],[107.06409631630602,16.545210797435804],[107.06394793178511,16.545240952631524],[107.06369615006102,16.545336675659815],[107.0634890395349,16.545482483800441],[107.06343784945896,16.545518521609548],[107.06300712584692,16.54568754698462],[107.06291949256757,16.545717283758385],[107.06268204574177,16.545762662460838],[107.06259960335561,16.545779415904054],[107.06234817832728,16.545830509859194],[107.06210067533262,16.545854124416103],[107.06176071134185,16.545886559641904],[107.06175068879412,16.545886604547274],[107.06166068756937,16.545886949758621],[107.06155432048966,16.545887362797753],[107.06139992413904,16.545861401246462],[107.06139989598242,16.545861396103849],[107.06125690988718,16.545812508140159],[107.06122711164193,16.545786075284905],[107.06114373393308,16.545669699727132],[107.06109775522246,16.545541066093797],[107.06108734848264,16.545261477451412],[107.06109939815951,16.544996009936412],[107.06110447101088,16.544773640785419],[107.06097927006554,16.544451853893005],[107.06095159088521,16.544380715401093],[107.06080114834344,16.544217255904474],[107.06053896112874,16.544033385454263],[107.06039709661994,16.543977414819032],[107.06030428507778,16.543907290254289],[107.06028466629253,16.543892466957143],[107.06022336284258,16.543720955013157],[107.06019900277924,16.543527562856688],[107.06022625433988,16.543359235353918],[107.06022691275138,16.543355168497271],[107.06026187680494,16.543146847037701],[107.06022954981498,16.54290333304678],[107.06013687444948,16.542344865237002],[107.06014649332046,16.542267570217042],[107.06017112782166,16.542069615536832],[107.06025595835875,16.54188948769503],[107.06025890688271,16.541886729978547],[107.06058422465861,16.54158249126111],[107.06099972181003,16.541212790119395],[107.06111684400902,16.541039514908398],[107.06118308207843,16.540742434802379],[107.06136786368843,16.540405934915608],[107.06142459549172,16.540147196802113],[107.06142236072306,16.539936852299974],[107.06142050149208,16.539933601797866],[107.06135165284711,16.539813244320225],[107.06126091777159,16.539670708860196],[107.06097981596426,16.539338813408982],[107.06093864353484,16.539195788871442],[107.06089371300369,16.538699002468128],[107.06090031202839,16.538624035796062],[107.06090586294032,16.538560980448015],[107.06091140553097,16.538498023664097],[107.06092042966863,16.538479150625431],[107.06099836173351,16.538316161647884],[107.06099868702907,16.538315480804741],[107.06099883200595,16.538315372758543],[107.06144128876302,16.53798599498537],[107.06170729638156,16.537830371656014],[107.06198250437059,16.537607722748515],[107.06215970607988,16.537491225797865],[107.06225054088738,16.537344924041051],[107.06234541197891,16.537192120484864],[107.06237057120819,16.536899470599408],[107.06223624674388,16.536412563840472],[107.0619088230725,16.535583302430503],[107.06133306854902,16.534938883811012],[107.06133305046615,16.534938856884544],[107.06094766445543,16.534109118764562],[107.0606869509311,16.533697668293296],[107.06055100641554,16.533498206967174],[107.06037834816034,16.53334213665952],[107.06022071049335,16.533200261904099],[107.0601219374774,16.533000432226057],[107.05999099254113,16.532571429656301],[107.05998142739105,16.532370719921357],[107.05998770501863,16.531905552984608],[107.05998975231316,16.531753881110919],[107.05997336156905,16.531610610471564],[107.05991229183773,16.531460609810949],[107.05988289678596,16.531384536597098],[107.05981291157228,16.531203414099043],[107.05976587317082,16.530974387019178],[107.05971822537111,16.53068799419329],[107.05964442267702,16.530448144324975],[107.05961042253223,16.530337650445155],[107.0594071195798,16.530095822429306],[107.05913714047965,16.529876167343158],[107.05854590558728,16.529509077630301],[107.05830665114063,16.529382349239359],[107.05825589496321,16.529360006525994],[107.05806762594126,16.529277132588355],[107.05793225223589,16.529113182829594],[107.05790847336834,16.528991837805407],[107.05787683779658,16.528812860542672],[107.05786689310371,16.528705368077738],[107.05782645872415,16.528268314836208],[107.05778754108189,16.52810375251515],[107.05782326696868,16.527967139589531],[107.05785057057697,16.527737378608776],[107.05775931269345,16.527544645118645],[107.05764499320621,16.527280423052105],[107.05732100767706,16.526874836056884],[107.0571177114585,16.526633005004857],[107.0570042290055,16.526447662143116],[107.05688247799976,16.52618351270749],[107.05682077941164,16.525957172242315],[107.05680351519942,16.525893840233778],[107.05676022340008,16.525550030352829],[107.05674737467477,16.525272854120491],[107.05661730821538,16.525159390280745],[107.05644658223238,16.524950705078371],[107.0562368818197,16.524696399730463],[107.05602438100941,16.524494786293491],[107.05566657520816,16.524405079301143],[107.0555170648725,16.524327663682861],[107.05549211290688,16.524231182483899],[107.05558546578021,16.524085328621865],[107.05559610419174,16.524068707715969],[107.05579484161402,16.523880287947776],[107.05597916668589,16.523735040478947],[107.05627804146755,16.523287801605601],[107.05641417203108,16.523037843970055],[107.05656142827119,16.522902523112759],[107.05678828073758,16.522795105193847],[107.05687917384961,16.522743319491173],[107.05704446347256,16.522649148011261],[107.05724026433589,16.522417727411529],[107.05730792324884,16.522254504177212],[107.05749259699063,16.521908446667204],[107.05755934411719,16.521659173250036],[107.05763681338522,16.521486290533268],[107.05762023141071,16.521368140528669],[107.05759392713117,16.521180724951236],[107.05761010467417,16.520836328103119],[107.05771426889635,16.520376318534783],[107.05781954768734,16.520021481633457],[107.05782682662672,16.519772794345513],[107.05789357290858,16.51952352090494],[107.05805963586147,16.519292392114266],[107.05854134334713,16.51891471949288],[107.05868808861224,16.518731592594218],[107.0588472888129,16.518569617691909],[107.05898228849746,16.518432265203767],[107.05909019774651,16.518326017420222],[107.05920741176469,16.518162305110884],[107.05928508113922,16.518008544590511],[107.05945002651033,16.51767224329129],[107.05958726445519,16.517527456963208],[107.05994265086137,16.517390081255162],[107.06019983785313,16.5173397338495],[107.06067665142116,16.517230941146504],[107.06106566971543,16.517166887400798],[107.06131545207337,16.517040862695353],[107.06150022134351,16.516888335548018],[107.06177732079055,16.516646078350185],[107.06188090857704,16.516548101168709],[107.06212813913747,16.516314216773544],[107.06241223760732,16.515963733782755],[107.06246942605399,16.515893182477313],[107.0625706255381,16.515723091800105],[107.06271761673786,16.515392004821503],[107.06287432766034,16.515194974305697],[107.0630000860202,16.515091896042065],[107.06316992075055,16.514952652224736],[107.06354358194275,16.514684508703567],[107.06377072922872,16.514521480763406],[107.06388173855564,16.514458548701676],[107.0642240623511,16.514314353109206],[107.06449222833194,16.51416151172975],[107.06449225623435,16.514161493383817],[107.06470474813024,16.513990947716941],[107.06497214607252,16.513668405362683],[107.06515657955508,16.51344439448096],[107.0653588957608,16.513187619021252],[107.06564558209737,16.51281907396454],[107.06566201744089,16.512724642450259],[107.0658570871387,16.512426287651753],[107.06605225790364,16.512137494416809],[107.06629852377222,16.51165359157006],[107.06629854222302,16.511653565185892],[107.06650023366556,16.511387217963478],[107.06677509660686,16.51113588382038],[107.06701300097218,16.511014173133876],[107.06706098775317,16.510989623481478],[107.0672476683142,16.510834782020957],[107.06744425912586,16.510679842331694],[107.06771032793871,16.510533777414846],[107.06792755372308,16.510455130017231],[107.06814844827556,16.510396246367566],[107.06841186347177,16.510326028029144],[107.06883453661455,16.51028473436627],[107.06884753373247,16.510283464513332],[107.06906465688596,16.510195255248085],[107.06921321851055,16.510184221860179],[107.0694712057074,16.510210352273045],[107.06975872182518,16.510217065322387],[107.0699864675348,16.510195684084408],[107.07009507967109,16.510156359751122],[107.0702422147105,16.510011470504288],[107.07035600399625,16.509941283495326],[107.07039977008264,16.509914287633819],[107.0705286112062,16.509913010566748],[107.0706583679307,16.50999778295029],[107.07084871092889,16.510187137634219],[107.07114899051392,16.510461461542008],[107.07175681242468,16.510761420045895],[107.07244048095971,16.510981843224435],[107.07256244661718,16.511021165928085],[107.07302927740459,16.511112153476336],[107.07338606805337,16.511108612066955],[107.07370260449737,16.511048097394251],[107.07395998073402,16.511016855836495],[107.0741883384747,16.511052837077884],[107.07427712795086,16.511013706549079],[107.07447320235843,16.510810956289284],[107.07457146307374,16.510704167820503],[107.07475735214337,16.510502147348721],[107.07498844915834,16.510246076604545],[107.07499245610333,16.510241636753726],[107.07500277678506,16.510219601759484],[107.07511843940674,16.509972647371111],[107.07523491925193,16.509742000232489],[107.07533708697051,16.509601847073217],[107.07545960090714,16.509433782279459],[107.07571125852894,16.50898305627905],[107.07577452702134,16.508869739456877],[107.07596689602155,16.508673338620039],[107.07616317060068,16.508489708648696],[107.07635075973876,16.508420910234353],[107.07664695718915,16.508312783290673],[107.07690453321175,16.508300660904244],[107.07716251868764,16.508326781972485],[107.07763874325667,16.508369855795976],[107.07791614081812,16.508357535022395],[107.0782332829002,16.508354380223931],[107.0785078473904,16.508308167702907],[107.07858423847345,16.508295310680907],[107.07862934728968,16.508306114016428],[107.07877829411414,16.50834178648438],[107.07900269100949,16.508471031409776],[107.07925148113505,16.50856417522413],[107.07940154745465,16.508694159487504],[107.07960180695473,16.508883406737596],[107.0797083683471,16.508902892323292],[107.07982377575169,16.50878557696559],[107.0799346312596,16.508724710455315],[107.08006911322926,16.508556035457175],[107.08031368379224,16.50825478620764],[107.08033443441208,16.508210907189032],[107.08049541673348,16.507870495036382],[107.08050627024548,16.507726956664758],[107.08049337761474,16.507394781257105],[107.08064853605863,16.507127912151415],[107.08084329508334,16.50680325385407],[107.08100024888232,16.506419209241013],[107.08108338562661,16.506083709333094],[107.08110470817141,16.505760778409698],[107.0812495286809,16.505400759311772],[107.08138362464294,16.505196230512901],[107.08170341355779,16.504977899277129],[107.08184874427482,16.504665685205946],[107.08193149436674,16.504294331892446],[107.08190364793757,16.504007748010082],[107.08185038529068,16.503661654591678],[107.08178416949438,16.503343777206823],[107.08183288015049,16.503183727923076],[107.08194360491936,16.503110909648569],[107.08241332520785,16.503010608417515],[107.08317946090247,16.502823683956446],[107.08390868662454,16.50266103053449],[107.08405089236327,16.502635706726597],[107.08430626744345,16.502627292368985],[107.08431097549224,16.50262713698951],[107.08452169863895,16.502636987398787],[107.08479436254328,16.502646219636166],[107.0852902004636,16.502671153529658],[107.0856682258914,16.502685309798412],[107.08600282859133,16.502693922226765],[107.08634981902408,16.502702410433848],[107.08680165896332,16.502668017386949],[107.08740260251182,16.50267396762364],[107.08772500960468,16.502700628056598],[107.08802877047388,16.502721498587455],[107.08820259143603,16.502751949546077],[107.08835149843082,16.502778036099158],[107.0886378974765,16.502912626779334],[107.08873528215051,16.50295786438846],[107.08894540458168,16.503055470847062],[107.08899692238587,16.503076341530999],[107.08901139639586,16.503082205068146],[107.0892540534166,16.503181375134478],[107.0897161316648,16.503523376340336],[107.0899038136079,16.503694811048113],[107.08999858586283,16.503867173978374],[107.09008141909973,16.504081490727952],[107.0901826430195,16.504277693626083],[107.09038910106472,16.504466867957266],[107.09053878492936,16.504560990693143],[107.09061624807431,16.504583210444242],[107.09069357119056,16.504553465350764],[107.09069881025744,16.504547907944854],[107.09077319420621,16.504469001551509],[107.09079519599452,16.504447330659747],[107.09095095706175,16.50429391197639],[107.09111671729491,16.504154799326322],[107.09126492323468,16.504111482527613],[107.09141319429004,16.504074140680157],[107.09178307731217,16.503930576555188],[107.09193102820757,16.503843036809929],[107.09197414802865,16.503817523251811],[107.09215893920815,16.503720053767498],[107.09227643172451,16.50370094842776],[107.0924560569434,16.5036991497401],[107.09260484174588,16.503709612057197],[107.09276633491301,16.50374982818385],[107.09298434629227,16.503861192751664],[107.09339371456012,16.503968719195196],[107.09355359407839,16.504027258292467],[107.0937473849512,16.504156702292121],[107.09388269339091,16.504235942370887],[107.09402425482135,16.504327077394002],[107.09406034517806,16.504343854029866],[107.09415036990923,16.50438572397087],[107.09428862694828,16.504426540331231],[107.09440307411673,16.504450577095717],[107.09468154670502,16.504423880105239],[107.0949664701069,16.504421023542953],[107.09524666137642,16.504382975187738],[107.09524667981269,16.504382947898126],[107.09531191791972,16.504286082757808],[107.095329663093,16.504208213625276],[107.09532153724363,16.504029009082661],[107.09526334529289,16.503802495644749],[107.095162374354,16.503630197745217],[107.09498681869552,16.503434742101906],[107.0948673314393,16.503268605340946],[107.09485965890194,16.503250373010893],[107.09478468576727,16.503072217994269],[107.0946579105381,16.502804559235695],[107.09451733225676,16.502405560828066],[107.09448340248125,16.502130993752242],[107.0945034541169,16.501840022112912],[107.09450483259465,16.501820014933447],[107.09453432214906,16.50168226578322],[107.09455910740144,16.501566932424684],[107.09460510965316,16.501352864275216],[107.09468396444316,16.501029941247371],[107.09468712167505,16.501017011357565],[107.09469980622384,16.500965065367765],[107.09471190236961,16.50091552856269],[107.09476096912707,16.500794992549011],[107.09477175776978,16.500768488003182],[107.09481449541502,16.500663498555209],[107.0948985707863,16.500417630736017],[107.09503174655887,16.500129436342064],[107.09545116988166,16.499537022553397],[107.0959758898895,16.49905417116036],[107.09601859665381,16.49899568545181],[107.09601998925946,16.498993777768948],[107.09602401885653,16.498988378753069],[107.09636067619414,16.498537291880584],[107.09681479839118,16.497974424544161],[107.09689983789005,16.497750897130338],[107.09722913135231,16.497055763598546],[107.09733502677925,16.496775025615854],[107.09743877832598,16.49632844633669],[107.09762392241862,16.495877038821931],[107.0976397591687,16.495503602838856],[107.0976601509864,16.494695298283784],[107.09775302062724,16.493665216660307],[107.09777632381675,16.493441720391164],[107.09786693741169,16.493101783580478],[107.09801066235684,16.492918423566447],[107.09813715886193,16.492726967628087],[107.09820366668421,16.492536114564885],[107.0982685698461,16.492196434784489],[107.09832347713275,16.49172455270044],[107.0983981082933,16.491492272566479],[107.09849880518621,16.491292806697647],[107.09864722544962,16.49113505480755],[107.09937276212784,16.490889792184483],[107.09961358047202,16.490770411096811],[107.09988613626666,16.490657691400333],[107.10009002039669,16.49060902914297],[107.10015690997621,16.490608357327197],[107.10019469055881,16.490665349449216],[107.10023800489066,16.490890815686228],[107.10026603022601,16.491076992735252],[107.10027818426487,16.491170099021041],[107.10026784859588,16.491245503266175],[107.10020033656259,16.491533040210218],[107.10018314845109,16.491662298916189],[107.10019925103069,16.491776880335671],[107.10022646407121,16.491887765102245],[107.10048670705025,16.492584368431967],[107.10068087547936,16.4930127052498],[107.10095673649727,16.493498002588662],[107.10118255856877,16.493818886700801],[107.10139697096581,16.49414838609335],[107.1015447427659,16.494430294350998],[107.10204977591364,16.494884441942236],[107.10308945080742,16.495257262833803],[107.10354614577892,16.495344688026787],[107.10365994325315,16.495333252175005],[107.10397262308152,16.495167260839487],[107.10419989173583,16.495018120541083],[107.10441032425261,16.494951412018455],[107.10472365405151,16.494939141458484],[107.10493473431066,16.495020642941299],[107.10512325645456,16.495118697359835],[107.10534016522489,16.49522214863542],[107.10554542013679,16.495254224146233],[107.10580739311844,16.495220198238929],[107.10597242424372,16.495181077210862],[107.10634737574655,16.494974376562755],[107.1065192830154,16.494786386201316],[107.10652622054175,16.494780437310663],[107.10671330070757,16.494606177803487],[107.10691033237606,16.494496620400479],[107.10708294460086,16.494420178679761],[107.10736401035186,16.494348619265295],[107.10749668807583,16.494302459861093],[107.10786333200529,16.494125454115618],[107.10796781422646,16.494049698648766],[107.10806594053901,16.493959066288621],[107.10828586826629,16.493675967585681],[107.1086215308726,16.493212415658114],[107.10880784493142,16.492971488743063],[107.10894271124333,16.492841640139503],[107.10917031901919,16.492695915873906],[107.10980699342986,16.492572956102066],[107.11013483031009,16.4925308023018],[107.11025498946778,16.492472816388457],[107.11030459898073,16.492417821999947],[107.11031946435092,16.492407993832153],[107.11041535135598,16.492305341519675],[107.11045287550068,16.492261620799585],[107.11059117231386,16.492059071223881],[107.11080886306782,16.49185466571269],[107.11116653168983,16.491707626470902],[107.1115108089452,16.491468090408286],[107.11187291947806,16.491159648441386],[107.11202055826666,16.491065526636241],[107.11218410262106,16.491010088446526],[107.11234761445532,16.490951663550032],[107.1125972510398,16.490838582212962],[107.11263708726804,16.490799334453591],[107.11267956592357,16.490718226899745],[107.11266623865494,16.490631706651708],[107.11265522956008,16.490473448979454],[107.11266974085299,16.490383659637875],[107.11273637679678,16.490245534912891],[107.11311902764054,16.489811593121587],[107.11341937776324,16.489502476622224],[107.11361361438189,16.489294790345959],[107.11386228212517,16.489053093222378],[107.11449843518136,16.488518538081191],[107.11484651207003,16.488344697358055],[107.1152601066189,16.488215015190459],[107.11540858647795,16.488198572405995],[107.11600386674026,16.488258288247923],[107.11653721315028,16.488318628289665],[107.11666130262668,16.48832172532067],[107.11694317293211,16.488341412216659],[107.11703574899455,16.488310594212344],[107.11754622614815,16.487976736663882],[107.11782023843901,16.487827545597629],[107.11794955216492,16.48775751092322],[107.11815047882385,16.487722606414778],[107.11847233900899,16.48770141847703],[107.11903867239761,16.48778079048029],[107.11951981551472,16.487905527949707],[107.11970870248767,16.487936689899115],[107.11977705158466,16.487780828002755],[107.11988703583253,16.487642261302604],[107.12004969500306,16.487506149294315],[107.12008649762163,16.487472906703314],[107.12010423192241,16.487395037577354],[107.1201448520696,16.487143627291427],[107.12015313351955,16.487050912240839],[107.12017999425433,16.486958009743674],[107.12026869167696,16.486855516022683],[107.12046235009609,16.486722077318603],[107.12052030840661,16.486640811635148],[107.12055952284648,16.486544795143711],[107.12056329296033,16.486514714405086],[107.12056731624028,16.486289074688219],[107.12057293263086,16.486200931164852],[107.12058571277048,16.486145475187506],[107.1206312430553,16.486075666043043],[107.12073704951007,16.48601559597574],[107.12086967504746,16.485995097363389],[107.12099059863121,16.485994666171315],[107.12119404744597,16.486007916871756],[107.1212530484909,16.486007706970639],[107.12130906345119,16.485990406402237],[107.12135437310936,16.48595486473242],[107.12138073101994,16.485861855217877],[107.12139554020335,16.485582954476421],[107.12141002160445,16.485221542270271],[107.12146251120204,16.484983837471809],[107.12147468850839,16.484967446811378],[107.12180189847342,16.484682616210186],[107.1219762766807,16.484542200180087],[107.12238474694608,16.484284667019452],[107.12256895504424,16.484136979917935],[107.12287230917485,16.483782504109744],[107.12323522120859,16.483436984957645],[107.12369620607227,16.482997241504012],[107.12412593241505,16.48268716474259],[107.12419278537547,16.482628789763876],[107.12431510980913,16.482498522749673],[107.12462609819406,16.482163091353115],[107.12491256252468,16.481819689763199],[107.12498430166056,16.481758196740966],[107.12517020874446,16.481622102018424],[107.12537960265301,16.481512403972566],[107.12544233182437,16.481451017715226],[107.12549144301374,16.481317640651518],[107.12562263025268,16.480625466174477],[107.12566492418259,16.480187582441147],[107.12564544365597,16.479764669949148],[107.12559248171365,16.479452058075292],[107.1256258578464,16.478878009612572],[107.12566351068118,16.478695952128078],[107.12575075961728,16.478291078281391],[107.12585326279905,16.477921906673437],[107.12596828122774,16.4773374672207],[107.1260562414015,16.476977254956477],[107.12607881333966,16.476939408412935],[107.12610424481818,16.476903267490783],[107.12614049262976,16.476872652560047],[107.12620758609184,16.476843745283851],[107.12636182155386,16.476817680243251],[107.1267775372974,16.476788822130462],[107.12679632620481,16.476787518080716],[107.12682817124559,16.47678530704788],[107.12683007817901,16.476784837734133],[107.12689780233683,16.476768171380186],[107.12689804176317,16.476768145456187],[107.12691946240891,16.476765863284232],[107.12693738792611,16.476763953633263],[107.1271659349259,16.476739603678958],[107.127452324025,16.476740305194156],[107.12762048148078,16.476762897215274],[107.12792243773058,16.476735921698079],[107.12819471982978,16.476714029656716],[107.12848645401095,16.476658471918228],[107.1287135196815,16.47657966747942],[107.12878999657879,16.47653205957922],[107.12911729642178,16.476328310574822],[107.12915840474196,16.476290457668821],[107.12919863188206,16.476224670102027],[107.12931413956005,16.476035770476404],[107.12936565949995,16.475951514761032],[107.12937767911518,16.475936311627493],[107.12959047794445,16.475667153575486],[107.12980682419655,16.475461563978591],[107.12986539767205,16.475331854783942],[107.1299003493902,16.475254456938377],[107.12990182182526,16.475239083762293],[107.12990744352525,16.475180395465323],[107.12996508843518,16.474578612286447],[107.13000264613433,16.474375928182255],[107.13000267368653,16.474375793283883],[107.13005476309549,16.474094701273238],[107.13005145553925,16.47389235629025],[107.12994634223593,16.473579820467698],[107.12977287361876,16.473288480026284],[107.1296266284487,16.473089116348522],[107.12949317590557,16.472957608977815],[107.12931110159475,16.472772767937354],[107.12923141393971,16.472669845063745],[107.12921561204098,16.472649435463033],[107.12918020059607,16.472582863444106],[107.12917768128013,16.472552305485038],[107.12916877763732,16.472444333025141],[107.1291853556878,16.472147748144643],[107.12924261393108,16.471946367983019],[107.12931056281813,16.471816592516625],[107.12940745448255,16.471614808231593],[107.12945068452666,16.471490065410627],[107.12948786301372,16.471264984413711],[107.12954960425326,16.471020529631499],[107.12974397220147,16.470677259321835],[107.12977715731897,16.470569604931999],[107.12982463147959,16.47041214285715],[107.1298373613904,16.470404902972955],[107.12994208129882,16.470413513671904],[107.13006881646052,16.470430880847466],[107.13035616916311,16.470453299070865],[107.13060269549128,16.470474650747498],[107.13071893802062,16.470478644454996],[107.13075938081184,16.47045747090166],[107.13088394263944,16.47025156741859],[107.13101989030901,16.469996795511175],[107.1311162044604,16.469742427044046],[107.13119807309629,16.469526453369291],[107.13132051655023,16.469396122648156],[107.1314927632918,16.46928918893521],[107.13170975423277,16.469196142144735],[107.13190572533797,16.469139472633113],[107.13190675901582,16.469110279846078],[107.13191073210261,16.468998078315877],[107.13191324805946,16.468928487786386],[107.13191833947263,16.468787641015311],[107.13195671754474,16.468672508779047],[107.13213203526402,16.468393431284973],[107.13215143200848,16.468354989617119],[107.13221447755633,16.468230041026086],[107.13221582247263,16.46822433904665],[107.13225844528161,16.468043701330938],[107.13226168043573,16.46796762375541],[107.13230269743792,16.467688900317903],[107.13235504946657,16.467492349972467],[107.13243253683967,16.467329010142976],[107.13253458706788,16.467146297141976],[107.1326858638143,16.466934396420786],[107.13269463535303,16.466919946328773],[107.13278806958758,16.466766023519774],[107.13287536059183,16.466593022239085],[107.1329121696315,16.466334478298819],[107.13297734232222,16.465951342570886],[107.13306938362973,16.46572485139934],[107.13309189900474,16.465553361063492],[107.13306952042764,16.465319325147711],[107.13304360056907,16.46507071700346],[107.13300226560528,16.464855922139087],[107.13300235775856,16.464847314694495],[107.13300376015808,16.464716103143303],[107.13300313376675,16.464664155175612],[107.13300055192978,16.46444990332698],[107.13303180590056,16.464251458229441],[107.13303298169575,16.464243994387296],[107.13309581554522,16.464099927599325],[107.13317372061636,16.46397483022508],[107.13336108536019,16.463891646585751],[107.13348889601036,16.463799507199688],[107.13358187203903,16.463693380015286],[107.1336054910124,16.46358795949763],[107.13363577535513,16.463186055335537],[107.13366309314404,16.46296585578898],[107.13368034628012,16.462731416122789],[107.13368565073658,16.462310642610337],[107.13368682338479,16.462205092114299],[107.13370829419773,16.462025470288783],[107.13375530503851,16.461884433154751],[107.1337983748071,16.461745347924943],[107.13385208357494,16.461673087340195],[107.13394104586742,16.461653057909665],[107.13414353157526,16.46159362298765],[107.1341907740414,16.461571225961567],[107.13459699506338,16.461378642695756],[107.13467167785151,16.461348268276211],[107.1348140281064,16.461290373577981],[107.13491701459547,16.461193706316283],[107.13495811861178,16.461125131880543],[107.13499486515484,16.461063828754533],[107.13499861567851,16.460953829529235],[107.1349763921291,16.460734134997818],[107.13494457509053,16.460543223570063],[107.13485554301234,16.460104288009912],[107.13486377694882,16.459951215990412],[107.13495648048985,16.459668519729728],[107.13506283238898,16.45946121390331],[107.13506918156492,16.459448838434827],[107.13561581523028,16.459021107965256],[107.13567060038639,16.458927736332889],[107.13570328983656,16.458795241873787],[107.1357069353879,16.458675682263369],[107.1356949864482,16.458489349562104],[107.13562901530177,16.458346595638535],[107.13547799116833,16.458128213437817],[107.13540690913143,16.457971168855448],[107.13538468589104,16.457751474323622],[107.13542300907915,16.457631561170473],[107.13546675649344,16.457554620695372],[107.13555614547514,16.457499953548446],[107.13557010724034,16.457491415217198],[107.13564331603433,16.457390270220017],[107.13566203263906,16.457289680785731],[107.1356306346365,16.457137011937597],[107.13562395330226,16.456979310805242],[107.13566070609266,16.456715987052018],[107.13571022585779,16.45626129647399],[107.13562878521392,16.456048446870778],[107.13539700572275,16.45571892541572],[107.13537114521988,16.455671361773074],[107.13522943289045,16.455410711774057],[107.13513572162422,16.455141395972941],[107.13512239565466,16.455062503024298],[107.13509965029208,16.454795004473922],[107.13513155429395,16.454541291626391],[107.13519907584707,16.45437327177396],[107.13530027998458,16.454114072341351],[107.13538187871102,16.453874195658099],[107.13543438161106,16.453691986176096],[107.13542791112108,16.453553405765117],[107.13538671077252,16.45341039903624],[107.13529602586911,16.453272676906415],[107.13520617815634,16.453211441618485],[107.13503633863039,16.45317263436803],[107.13496523357736,16.45315638715126],[107.13448739459639,16.453199006547774],[107.13438388901389,16.4531661716325],[107.13423069751674,16.453052945583899],[107.13394918122647,16.452785357550475],[107.13350439646341,16.452450351829803],[107.13298612353184,16.451889736156826],[107.13277196221593,16.451639990794366],[107.13243085494528,16.451043111338812],[107.1322655170481,16.450808680154385],[107.13198540159323,16.450411506014635],[107.13192647969935,16.450306705868723],[107.13179121699655,16.4500661217862],[107.13176622218732,16.449968916184023],[107.13172303658185,16.449903952796664],[107.13160921597901,16.449792703609884],[107.13144522147009,16.44974656239593],[107.13083382997237,16.449561543713688],[107.12962266511042,16.449265662899744],[107.13032652584219,16.448634110886847],[107.13082378697656,16.448187930765421],[107.13130590347004,16.447877050371027],[107.13189511861505,16.447392966325516],[107.13229598967804,16.446901235659233],[107.13269894709967,16.446600719420086],[107.13356388395459,16.445960836426437],[107.13504993244008,16.445037333555099],[107.13640051068313,16.444411617128313],[107.13756682254626,16.444151120522957],[107.1381393377869,16.443954045902085],[107.13857126809616,16.443586291400184],[107.1387867080025,16.443354611003741],[107.13885385793759,16.443153127878858],[107.13884227449299,16.443000258097729],[107.13871138954397,16.442810357800454],[107.13833083997133,16.442441329931984],[107.13817815240073,16.442069977333606],[107.13800219660973,16.441383322452303],[107.13786995192594,16.441069132513018],[107.13759869826879,16.440727673540142],[107.13743715285277,16.440452028728831],[107.13742757779428,16.440361050650655],[107.13742609512848,16.4403469616188],[107.1374751063782,16.440298652781596],[107.13749906400656,16.440284176096878],[107.13751678241229,16.440265121868148],[107.13760442637351,16.440125581974094],[107.13772194769419,16.440000080999365],[107.13782977169298,16.439893801797055],[107.13800235653486,16.439820328700936],[107.13819986497015,16.439760943966657],[107.13839294395858,16.439749412490059],[107.13850713368087,16.439772152881048],[107.13855605713918,16.439800324740091],[107.13865962420972,16.439798119142903],[107.13881201779039,16.439789247406594],[107.13892516944615,16.439761229223933],[107.1390785068389,16.439668023716766],[107.13936461895061,16.439472898607203],[107.13997931687693,16.438983225705304],[107.14013015490458,16.438863066422069],[107.14068444685856,16.438438029389388],[107.14097362373897,16.438181972519679],[107.14105282955283,16.438145771123942],[107.14114226660953,16.438129537694202],[107.14131412644019,16.438126915408503],[107.14148946743636,16.438114349944197],[107.14155480297313,16.438097971281312],[107.14159285918778,16.43804836320394],[107.14163085759724,16.438005351968354],[107.14171044297836,16.437882816914577],[107.14180394330724,16.437723814679295],[107.14188015005861,16.437587982445191],[107.14189882651449,16.437556901034622],[107.14195977935806,16.437455480669655],[107.1419699857439,16.437441080763413],[107.14202548700197,16.437362772699387],[107.14216685743875,16.437260416979029],[107.14227017019206,16.437214346029634],[107.14228796249205,16.437209266537074],[107.14275844313184,16.437074948564703],[107.14281814265946,16.437057905270429],[107.14329547442107,16.436966173602052],[107.14361871093905,16.436927651386089],[107.14398642648305,16.436935794512614],[107.14414442397148,16.436959680476882],[107.14427828494972,16.437000077424443],[107.14438797543988,16.437066933873751],[107.14445372972271,16.437091398750614],[107.14463160128336,16.437157578582323],[107.14483332710635,16.437211031902002],[107.14489230582366,16.43722665951011],[107.14496208970193,16.437252168970012],[107.14517148093417,16.437328713958841],[107.14519103825329,16.437335862723703],[107.14535235658752,16.437386329109881],[107.14558932811147,16.437427136560945],[107.14582631381256,16.437464626945864],[107.14584849954996,16.437466800437878],[107.14595620438941,16.437477354824527],[107.14608860448797,16.437515098437991],[107.14625550182117,16.437562675511007],[107.14634192962386,16.437575027635219],[107.14647410672308,16.437593918743499],[107.14650323433654,16.437590061812543],[107.14654998314428,16.437575874908195],[107.1465627902204,16.437571986272438],[107.14665334353846,16.437540203058024],[107.14670407527841,16.437531598548418],[107.14681205135537,16.437530204022551],[107.14691272526682,16.43754813535061],[107.14708108347861,16.43760110495656],[107.14722384917691,16.437626770702433],[107.14729526465777,16.437633332216453],[107.14737993069814,16.437577234262779],[107.14754908727622,16.437408821638485],[107.14772891719346,16.437300635124426],[107.14777831348722,16.437222534676582],[107.14782034962811,16.437105701054023],[107.14783443184967,16.437049473015122],[107.14788726595424,16.436838519124127],[107.1480883556731,16.436486234667615],[107.14810286978052,16.436453452661482],[107.1481789215014,16.436281682009596],[107.14829827675877,16.435738449721633],[107.14847676752969,16.435255911129307],[107.14850129787318,16.435176530328565],[107.14856800770784,16.434960652150348],[107.14862626635059,16.434788905599184],[107.14867893199873,16.434643595850936],[107.14871215392411,16.434561706500286],[107.14871505870379,16.434524676944459],[107.1487182189654,16.43442678885722],[107.14871578454476,16.434357983860263],[107.14869411650574,16.434302330765618],[107.14863432618182,16.434196252565211],[107.14857719718604,16.434108709767166],[107.14849320059406,16.433901984488575],[107.14844447558855,16.433774779047354],[107.14838790099678,16.433560230625133],[107.14834452955481,16.433412045034828],[107.14831498577814,16.43332445175967],[107.14829342219636,16.433244988378558],[107.14826349755124,16.433199882862876],[107.14822528159895,16.433170621490902],[107.1481652008458,16.433133336270021],[107.14804761389384,16.433093170649993],[107.14787798180892,16.433058089614548],[107.14771650407336,16.43303625202805],[107.14765624095463,16.433038654352277],[107.14751109107971,16.433040712446481],[107.14730288656877,16.433058382878265],[107.1471165366262,16.43308673156637],[107.14705281489374,16.433109109625534],[107.14700423938919,16.43309157088067],[107.14695239339713,16.433049024102782],[107.1469286665539,16.432982726351412],[107.14690167182707,16.43284335499818],[107.14686248919048,16.432686150095783],[107.1468352186119,16.432611966963247],[107.14678358005614,16.432496188979293],[107.14669528375643,16.432350640940204],[107.14661935925631,16.432178476467325],[107.14655861725984,16.432041931319674],[107.14649155668528,16.431949803099329],[107.14643518253425,16.431889317987267],[107.14616825350366,16.43154253151253],[107.14603777403887,16.431401763084295],[107.14589967732194,16.43124513162881],[107.14577777890742,16.43106686064937],[107.14559532164115,16.430710541175156],[107.14547390014613,16.43042559578414],[107.14519429475915,16.429843690375133],[107.14489534129046,16.429209574502035],[107.14468968060464,16.428822326683495],[107.14460435740058,16.428697527741765],[107.14435391634127,16.428459461405374],[107.1441643291105,16.428334238075809],[107.14403677771344,16.428233304679857],[107.14406127368703,16.428055277151422],[107.14409864994748,16.427925050822676],[107.14426572947292,16.427587938159395],[107.14435232261359,16.427422363671049],[107.14438358222232,16.427286184514273],[107.14440261239804,16.427144036427311],[107.14440978198863,16.426907020277781],[107.14440460024895,16.426723901427341],[107.14444336647519,16.426237498475309],[107.14448770372921,16.425917660588262],[107.14454753847522,16.425670366737176],[107.14455121729749,16.425420125087076],[107.14461190978311,16.425192833477947],[107.14468141140031,16.425100637503945],[107.14480454835861,16.424994472211853],[107.14516160715891,16.424693691053584],[107.1454879241993,16.424410568569524],[107.14574681533981,16.424115306739509],[107.14588855594377,16.423961801213601],[107.14600223254905,16.423811155697631],[107.14605526655033,16.423707659112711],[107.14611121909861,16.423536021737689],[107.14611776546803,16.423441228477902],[107.14612462266349,16.423275327901543],[107.14612516602791,16.423150879035468],[107.14610751933493,16.422978950820081],[107.14604716745669,16.422753506675335],[107.14601668027863,16.422666063303087],[107.14580975669969,16.42234363032285],[107.14572471109392,16.42215364409472],[107.14562148427432,16.421916178302933],[107.14557914289404,16.421779698997021],[107.14554337504926,16.421493033329138],[107.14549573808067,16.421216376571259],[107.145423365724,16.42093754951706],[107.14522941273138,16.420409326489168],[107.14511417198749,16.420112550806213],[107.14503521864448,16.419934444827188],[107.14498037927966,16.419851256957337],[107.14488256238825,16.41977974112876],[107.14471236246685,16.419733856447792],[107.1444109308794,16.419635594602962],[107.14416037568667,16.419558857324645],[107.14398274251299,16.41949366663636],[107.14381258730997,16.419414174220915],[107.14369457038617,16.41927759445198],[107.14365052827343,16.419177137110367],[107.14359970699003,16.418933386726021],[107.14354137796998,16.418711103616783],[107.14351950864884,16.418625050644998],[107.14345313724176,16.418545990537051],[107.14335169194035,16.418499201031921],[107.14317187944702,16.418444564465961],[107.14280885569875,16.41839294006105],[107.14243125326547,16.418283954064417],[107.1420982680868,16.418146495304459],[107.14184666193719,16.418045189359987],[107.14163202831601,16.417965522651123],[107.14150120793202,16.417879683736363],[107.14137340821226,16.417704928272538],[107.14116536722906,16.417377615489727],[107.14108505335362,16.417200994015285],[107.14085962496287,16.416718562542364],[107.14077752069521,16.416448875012495],[107.14070439767399,16.416174345367136],[107.14070534357862,16.415958883115596],[107.14070628961836,16.415570850788534],[107.14071533443183,16.415221120915909],[107.14074287913344,16.415103713539789],[107.14084487534109,16.414960486405299],[107.14094666030948,16.414862965482126],[107.14108892753076,16.414778666930367],[107.1415968799151,16.414513028001881],[107.1417189439066,16.414415589025975],[107.1419293874069,16.414194458054055],[107.14221450123041,16.413895276447615],[107.14254809621484,16.413471335063775],[107.14280557565735,16.413166410466495],[107.14305669903318,16.412912794654019],[107.14330774437499,16.412678770333159],[107.1435043513443,16.412529394143064],[107.14358746683695,16.412495746847693],[107.14351803745116,16.411680361130525],[107.14341577663757,16.411151362933666],[107.14334938193697,16.410883394393124],[107.14332266746632,16.410811463208162],[107.14327565631899,16.410745974045465],[107.14320830971714,16.410693468439018],[107.14314083021263,16.410673602170935],[107.14296526490705,16.410646769957953],[107.14265701766416,16.410671528209051],[107.14258013948016,16.410638674435031],[107.14249946384477,16.410546932049911],[107.14245295862185,16.410363924365406],[107.14241652894657,16.409966783431358],[107.14230303746663,16.409303067805162],[107.14224887205188,16.409135589370415],[107.1421884660665,16.409043930027138],[107.14202695659409,16.408893101522004],[107.14183830447659,16.408768277931848],[107.14164179133985,16.40861929497045],[107.14154211300094,16.408512428318652],[107.14144153379932,16.408335724021612],[107.14136110877615,16.408185226368158],[107.14129708333513,16.408022605781326],[107.14122731573975,16.407877799704281],[107.14118740905258,16.407733992888758],[107.14112773944527,16.407472584259306],[107.14110861654747,16.407211333260509],[107.14110357649164,16.406819561748346],[107.14108453991763,16.406538719781857],[107.14102341309044,16.406121037258274],[107.14122305740901,16.405768842179601],[107.141400087127,16.405462685535735],[107.14166566404897,16.404993663612021],[107.14173480695466,16.404889882060758],[107.1419987744264,16.404531450806445],[107.14218246578797,16.404244911618875],[107.14228478832669,16.404023338011456],[107.14229873522376,16.403925457839147],[107.14229904985643,16.403853636484847],[107.14227245182941,16.403755590648071],[107.14218544049999,16.403565884407492],[107.14214536127066,16.403461249635622],[107.14214579077958,16.403363313051489],[107.14215299794567,16.40325888093701],[107.14218062600003,16.403121873593125],[107.1422080254589,16.403037104810171],[107.14229629427301,16.402939527454208],[107.14245212755266,16.402842225975483],[107.14254028232591,16.402770762842998],[107.14260816049233,16.402699218265042],[107.14268293936497,16.402595061021472],[107.14272272296623,16.4025405795763],[107.14281268843537,16.402282185162875],[107.14287450199107,16.402053913323741],[107.14291541838932,16.401969199967546],[107.14300871051577,16.401861847056402],[107.14319655273457,16.401676234655056],[107.14343124472816,16.401468212322069],[107.14349597605364,16.401366815401552],[107.14379286299119,16.400739968707885],[107.14395269283906,16.400511607316179],[107.1440556552775,16.400382542471281],[107.14411433738371,16.40031129285396],[107.14476619001354,16.399714201570394],[107.14500064258353,16.399435736446232],[107.14532200502255,16.399037927546438],[107.14591124174918,16.398360694057942],[107.14622621800098,16.397999066605713],[107.14721423041367,16.397100878318344],[107.14773645217288,16.3966285692456],[107.14815265772799,16.396342216814951],[107.14840477392153,16.396156859005949],[107.14851838646634,16.396096314112018],[107.14882628898096,16.39599477892104],[107.14900188818318,16.395933363289558],[107.14914831901424,16.395860534087316],[107.1492538898393,16.39577624379594],[107.14940063026225,16.395629994216094],[107.14963548928674,16.395382430494369],[107.14984116197304,16.395123470571658],[107.14996475582272,16.394926295636857],[107.15102550395899,16.392908646692632],[107.15113172351322,16.392671865641194],[107.15148421987487,16.392249700493156],[107.15169078390103,16.392032075750606],[107.15177762732276,16.391974130787784],[107.15194758499619,16.391867507904742],[107.15243394803166,16.391570141699024],[107.15254533163346,16.391491520421127],[107.15259232537115,16.391435231813119],[107.15263957259839,16.391322465537133],[107.15268126306167,16.391141902781186],[107.15270384513587,16.390926914690805],[107.15277740777317,16.390532314023076],[107.15283702110736,16.390261466375666],[107.1529260302204,16.38995119378885],[107.15298752668107,16.389734112271501],[107.15301516115942,16.389612681957516],[107.15301577144764,16.389471488507123],[107.15299875108332,16.389352815730607],[107.15295226085483,16.389290501491683],[107.15284736373171,16.389222296599062],[107.15267829695124,16.389125601811582],[107.1524333046866,16.389017305734772],[107.15198977818329,16.388868674170247],[107.15154648941653,16.388732007449477],[107.151307037587,16.38862871087019],[107.15111461272691,16.388526273601769],[107.15100976580108,16.388446780986758],[107.15092258959048,16.388333472174882],[107.15079504376384,16.388095739026415],[107.15070219710728,16.387942871744315],[107.1506265418285,16.38786914438597],[107.15058001899848,16.387849121361718],[107.15041124243834,16.387653657538003],[107.15034724504729,16.38758562466775],[107.15027724496346,16.387557102379315],[107.15011952005685,16.387539521961841],[107.14982154067522,16.387521374316119],[107.14957140589836,16.387533438925693],[107.1494651697496,16.387491694957749],[107.14926126097524,16.387344017003976],[107.14903342185428,16.387093596508521],[107.1488945564346,16.38700367280504],[107.14873111427501,16.386957828535785],[107.14864370392378,16.386900996150963],[107.14849229711267,16.386776131078737],[107.14834707506635,16.38657222103792],[107.1482825439399,16.386431251841579],[107.14828305869914,16.38611223641885],[107.14835245260504,16.385776087623526],[107.14858752412167,16.385406070674989],[107.14874077622125,16.385239270335891],[107.14904309113524,16.384866127437014],[107.14916895202354,16.384481535464438],[107.149501248512,16.383376570663913],[107.14964820342225,16.383036034952191],[107.14974445226697,16.382802892918736],[107.14998735648528,16.382693285136074],[107.15024471608324,16.382693104296575],[107.15078981116731,16.382600159388602],[107.15128819126069,16.382304551547218],[107.15159319347298,16.382054357239152],[107.1517056331809,16.381340959238294],[107.15168814939541,16.380849246294737],[107.15186569874042,16.380346463688298],[107.15245045364412,16.379747562796904],[107.15246649404885,16.379731136165177],[107.15247893407933,16.379724680047818],[107.15288076665222,16.379515963050121],[107.15288344028453,16.379514582285772],[107.15312564954276,16.379388773922766],[107.154631086959,16.37899254628066],[107.15518117144116,16.378868414717235],[107.1556138188278,16.378780435977689],[107.15607556999214,16.378744308196339],[107.15649371411027,16.378341616188418],[107.15721220091409,16.378152810320763],[107.1577507269681,16.378166741708181],[107.15794355006123,16.378026704680856],[107.15828106499242,16.377715741983813],[107.15839456279699,16.377639385423059],[107.15895500036721,16.377673181297698],[107.15922393135199,16.377924505493926],[107.15955527051761,16.378346481705883],[107.15984457024214,16.378539320294664],[107.16026999568219,16.378607310663771],[107.16104403803855,16.378352421857748],[107.16159356958082,16.378391471310021],[107.1621396688666,16.378591963490685],[107.16262407178318,16.378439808482501],[107.16324154278463,16.378663461506818],[107.16389248213592,16.378706450883463],[107.16445622762676,16.378540546994309],[107.16521899139316,16.378251475654043],[107.16529400760287,16.378223045732938],[107.16545089164713,16.378203398597297],[107.1655675793557,16.378362633889729],[107.16582034509209,16.378512721810552],[107.16634521335203,16.378771954814791],[107.16652371638455,16.378669915878426],[107.16676071708645,16.378531908152787],[107.16686518620534,16.378498082384933],[107.16709242255295,16.37848165837454],[107.16728944159819,16.378540172513691],[107.16754455537641,16.37868014681569],[107.16767333729551,16.378716052476548],[107.16785395646005,16.378796740711554],[107.16814199844431,16.378924337101562],[107.16839385988001,16.378890921160448],[107.16875547182408,16.378695235266367],[107.16952513196964,16.378549006620343],[107.16999395321702,16.37847429895692],[107.17033636430351,16.378386755315272],[107.17060634806084,16.378169459607065],[107.17066868249066,16.378040807478257],[107.17071279869357,16.377963411561741],[107.17085482406942,16.377867225162291],[107.17114738310529,16.377778697743199],[107.17152171262441,16.37771564195014],[107.17219853959276,16.377830711227297],[107.17253378625007,16.377732464421843],[107.17376526118262,16.377068305078215],[107.17409024650971,16.376947938698855],[107.17430638144253,16.376888584592926],[107.1744689183416,16.376768791617589],[107.17486847237569,16.376609995339841],[107.17508604499494,16.376493525111155],[107.17544395717808,16.376389244931417],[107.17563441242378,16.376277051503735],[107.1759938402822,16.376012412271965],[107.17631398500437,16.375581697374034],[107.1763450887845,16.375180910602893],[107.1764227710544,16.374637066073483],[107.17656516794852,16.374343906468276],[107.17673643415111,16.374193294218021],[107.17684535735988,16.374042727848536],[107.17685538707984,16.373985845238348],[107.17692843415318,16.373571630088428],[107.17695233705335,16.373501030365414],[107.17723366451176,16.372898991111182],[107.17771594552738,16.372266695008676],[107.17799563826502,16.371423903678163],[107.17824441663818,16.370957274931442],[107.178384382403,16.370671306003157],[107.17844621354112,16.370204833255706],[107.178569053172,16.370027237137787],[107.17885752214056,16.369771777330193],[107.17938111086193,16.369393566283087],[107.17980388129487,16.369213992909909],[107.18035968429641,16.368903164870435],[107.1805924895984,16.368841257552312],[107.18079569822615,16.368810890118311],[107.18096774969244,16.368810746211569],[107.18131599899762,16.36892540172779],[107.18162929220003,16.369000774326757],[107.18189054008739,16.368989074971438],[107.18210439239897,16.368989823950631],[107.18282958030171,16.368970020681367],[107.18241739501769,16.369236049384586],[107.18229434351341,16.369346279596051],[107.18195461352016,16.369576966461715],[107.18173193891384,16.369774815705345],[107.18149274712304,16.37001226377528],[107.18149115637097,16.370014380803848],[107.18124293896415,16.370474084339182],[107.18097713715194,16.370840868570959],[107.18076206544492,16.371252823787415],[107.180643647602,16.371866789812088],[107.18059606231688,16.37267969240737],[107.18063191486092,16.373351713269621],[107.18060778921409,16.373682079655744],[107.18061060136938,16.373985811191126],[107.18067104259787,16.37424137568415],[107.18074964643034,16.374404160098333],[107.18080490466797,16.374533526307143],[107.18086030729478,16.374718025417184],[107.18097265507215,16.374941784847799],[107.18100720680086,16.375053458167333],[107.18105032248732,16.375207953329781],[107.18108132906387,16.3753302040164],[107.18108532396541,16.375366528584003],[107.18108954594315,16.375404842018092],[107.18103451548274,16.375626485890592],[107.18095486340732,16.375950003211369],[107.18092634186675,16.376084410852769],[107.18088105762072,16.376310475487756],[107.18084094459836,16.376465505451566],[107.18081689461444,16.376580574299325],[107.18081892315874,16.376744777501955],[107.18085226319225,16.376857449038308],[107.18091504294586,16.377028376599977],[107.18099364752054,16.377191251078631],[107.18110395784242,16.37742820465888],[107.18118455701082,16.377633468449019],[107.18132810023258,16.378067405023998],[107.18138728539897,16.378298981664145],[107.18142801330183,16.37850319602806],[107.18143481744031,16.378675983959017],[107.18143054536102,16.378912582295236],[107.18144429388791,16.379103805525364],[107.18149608069871,16.37942612614442],[107.18156200706989,16.379648475288157],[107.18164408673509,16.379927835751268],[107.18167857316622,16.380174344099657],[107.18172386311994,16.380550985446323],[107.18173357286082,16.380929277826105],[107.18176807495097,16.381185644467973],[107.18180441687329,16.381406929743662],[107.18184045387436,16.381602830120983],[107.18187462557376,16.381709260621836],[107.18194381696368,16.38181837607496],[107.18219199124889,16.382112867801617],[107.18245332925147,16.382373550720963],[107.18256083019153,16.382496910678299],[107.1827117584383,16.382725508901519],[107.18281386546279,16.382894511265622],[107.18293358761564,16.383077686639286],[107.18307561715226,16.383285421194188],[107.18308789854208,16.383307915345437],[107.18333230156077,16.38369761900978],[107.18336526173016,16.383722236595123],[107.18342909871312,16.383775411666047],[107.18346978082614,16.38381346024233],[107.18352124984035,16.383866948899129],[107.18354563203683,16.383894704677939],[107.18359678375148,16.383959189856345],[107.18364213255556,16.384025820449299],[107.18366238906248,16.384059678527592],[107.18369488271568,16.384122210800925],[107.18371409095474,16.384165299522977],[107.1837475600605,16.384254223341621],[107.18376223532542,16.384299788519975],[107.18378851891185,16.384392426062668],[107.18385786957651,16.384672603795487],[107.1838606601281,16.384686015525286],[107.18386273484096,16.384713630687479],[107.18386155975801,16.384741884010619],[107.18385630748055,16.384798315091036],[107.18385412246629,16.384821436432805],[107.18384988306747,16.384866299989838],[107.18383543673691,16.385001856332519],[107.18382904017767,16.385135410137639],[107.18382822584962,16.385202585099528],[107.18383101594256,16.385283474126489],[107.18383332964727,16.385330853510741],[107.18383630398722,16.385391743536566],[107.1838358464625,16.385445501186123],[107.1838296059191,16.38551201334862],[107.18381193701977,16.385625123374787],[107.18380897648203,16.385644076094927],[107.18379898148052,16.385715408335436],[107.18378560178776,16.385810547450554],[107.18377913049757,16.385858371319692],[107.18377429794994,16.385901575063716],[107.18377185590873,16.385926239466084],[107.18376567878823,16.385988618563612],[107.18375842288356,16.386032298299142],[107.18375497432962,16.386053062095069],[107.18373766394761,16.38611848310682],[107.18370842681018,16.386204343985487],[107.18369223498128,16.38624651830802],[107.18365308913438,16.386337979612815],[107.18364653112462,16.386352242812137],[107.1835976936778,16.386458457904421],[107.18357153897173,16.38651900988123],[107.18354619834575,16.386584336296696],[107.18349954683772,16.386715810076662],[107.18345627331678,16.386838665944712],[107.18343568199172,16.386900686077841],[107.18337343218464,16.38710922577728],[107.18333843192363,16.387223766146644],[107.18332835201099,16.387256754797196],[107.18330393584374,16.387338369037444],[107.18329212007309,16.387363317790442],[107.18328455682074,16.387374638928822],[107.18327184315521,16.387390484750007],[107.18324354929189,16.387420846454688],[107.18321226818281,16.387449208205858],[107.1831902606063,16.387466870705861],[107.18314489411577,16.387498847068866],[107.18313124034883,16.387506926600601],[107.18310235114114,16.38752031492302],[107.18301041371201,16.387552192071627],[107.1829941358871,16.387557772777249],[107.1829367574405,16.387577443164957],[107.18290072987327,16.38759241253862],[107.18281560925837,16.38763686721968],[107.18272286079826,16.38768853293881],[107.18270343583396,16.387699352912247],[107.18264695607084,16.387729550906649],[107.18261901862094,16.387743864366431],[107.1825626161569,16.387771090071393],[107.18251941342743,16.387789130632413],[107.18246480502212,16.387808202068531],[107.18243697812977,16.387816227207789],[107.18239474816637,16.38782547966807],[107.18233719332503,16.387833108666609],[107.1822206242137,16.387840354556385],[107.18215059075142,16.387840913376682],[107.18208863077366,16.387840409941287],[107.18205692585029,16.387840151736633],[107.18201036289771,16.387842708402758],[107.181928092527,16.387852437741326],[107.1818873312176,16.387860032378114],[107.18184768878224,16.387870442311709],[107.18182848979622,16.387876936827162],[107.18177125241958,16.38790240564548],[107.18173443261134,16.387923063990279],[107.18166502001655,16.387969802713688],[107.18162912567486,16.387999863649711],[107.18160699647795,16.388022088819465],[107.18156699393289,16.388069926323006],[107.18153050795352,16.388122503908519],[107.18150801973412,16.388158969464474],[107.18146585486954,16.388233592484646],[107.18143923756855,16.38828579301526],[107.18139054302401,16.388392714589585],[107.18133724244458,16.388513389383153],[107.18131169544672,16.388573799351903],[107.18130074645717,16.388603663775804],[107.18128666827943,16.388642063998745],[107.18126531419354,16.388702814432349],[107.18125322711275,16.388732425949815],[107.18123146330463,16.388775039222416],[107.18121878008027,16.388794735162296],[107.18118984715653,16.38883230472743],[107.18112513203911,16.388903893851346],[107.18109362124488,16.388940088888987],[107.18104720705354,16.388998573222345],[107.18100412383298,16.389052860767848],[107.18095288138943,16.389110857616579],[107.18090684512229,16.38916218624253],[107.18088582933096,16.389188771635339],[107.18085917948868,16.389230841995683],[107.18085125470432,16.389247790837203],[107.18083935638241,16.38928377336665],[107.18083156787389,16.389321624075212],[107.18082272776168,16.389398518641755],[107.18082173680655,16.389416190598986],[107.18082288888942,16.38945183537939],[107.18082861851174,16.389523544748812],[107.18082802891662,16.389559110925742],[107.18082030040325,16.389623285937279],[107.18081340888789,16.389654950406889],[107.18080336879078,16.389685256213969],[107.18079688788087,16.38969966220543],[107.18078661993027,16.389719168645758],[107.18076326226746,16.389757428402241],[107.18073673844525,16.389794348648657],[107.18071766380768,16.389818003863091],[107.18067711279583,16.389862441814561],[107.18066123603657,16.38987776018211],[107.1806273598224,16.389906545162489],[107.18059139310083,16.389933343437228],[107.18051694002841,16.389983315235519],[107.18045950914151,16.390018965938594],[107.18042973970914,16.390034971361104],[107.18038359901338,16.390054916700578],[107.18033554435384,16.390068807939397],[107.18030245319653,16.390075384083435],[107.1802354247672,16.390084412718679],[107.18021966628535,16.390085471471743],[107.18018756894293,16.39008480421413],[107.18012335985712,16.390082512168881],[107.18009256321295,16.39008670194568],[107.18003362876374,16.390105584611536],[107.17999519714384,16.390122162248947],[107.17997021520864,16.39013458002875],[107.17992242458183,16.39016177455866],[107.17987496618925,16.390194772153965],[107.17984512059206,16.39021941624631],[107.17978986140949,16.390272949888399],[107.17974629886626,16.390323159485568],[107.17971915320116,16.390358386675555],[107.17966839989631,16.390431304231281],[107.17962393404892,16.390500685506336],[107.17960366577833,16.390536526200979],[107.17957857012645,16.390591976796827],[107.17956387951178,16.390642162578153],[107.179557470425,16.390676829638075],[107.1795545358934,16.39070017739483],[107.17955147756923,16.390746803111337],[107.17955337888539,16.390806651002567],[107.17955763878184,16.390846735702802],[107.17956877163711,16.390926816574531],[107.17958751796762,16.391044302048378],[107.17959982933354,16.391102021871227],[107.17961500534082,16.391162075434895],[107.17963874464282,16.391240677628073],[107.17965279217987,16.391279471887817],[107.17967399794686,16.391328297996996],[107.17968999268381,16.391360404547623],[107.17972407456537,16.391423829815118],[107.17976472243672,16.391495115730244],[107.17976667533482,16.391498445499387],[107.17978581885984,16.391531083145459],[107.17984794142345,16.391636998120376],[107.1799076496806,16.391744034902324],[107.17993366972662,16.391799060258826],[107.17995362319554,16.39185367420836],[107.17998568512023,16.391965753454709],[107.18002711855794,16.39212929669765],[107.18004390524706,16.392180157084656],[107.18008212072546,16.392280350747519],[107.18012157319717,16.392375803778421],[107.18014479288529,16.392421728701436],[107.18017895383475,16.39247776185168],[107.18019805931979,16.39250461138537],[107.18023000375308,16.392542039135172],[107.18027825425547,16.39258629863399],[107.18038300498512,16.392667702219409],[107.18040990842491,16.392686034360679],[107.18044598029012,16.392710085136247],[107.18046132886288,16.392724395684972],[107.18048508734419,16.392755989756079],[107.18049886620719,16.392778861478696],[107.18052340068404,16.392826100785673],[107.18054301267884,16.392868594701419],[107.1805765102534,16.392955648507478],[107.18061435649606,16.39308358287451],[107.1806390963076,16.393146736225379],[107.180655260506,16.393176547932843],[107.18068598433344,16.393219492110482],[107.18073101566056,16.393274610088067],[107.18075302056643,16.393302528074464],[107.18081996017274,16.393388564488486],[107.18084901698039,16.393433761081408],[107.18086866797452,16.393478063265444],[107.18087939288104,16.393510424020949],[107.18088915513727,16.393539881116489],[107.18090016714656,16.39357053948941],[107.18093214983186,16.393650204192131],[107.1809501763717,16.39368906905214],[107.18097337712132,16.393730989917522],[107.18098377715032,16.39374812537282],[107.18100658706425,16.393785709180079],[107.18102265806567,16.393813360745035],[107.18105541301632,16.393874033074663],[107.18107040207305,16.393904960952739],[107.18109090686856,16.393951542698719],[107.18112885603007,16.394045888039713],[107.18114441532072,16.394092802975987],[107.18114954030966,16.394108582864369],[107.18116475831533,16.394155442614792],[107.18117818949948,16.394185316051267],[107.18121299016431,16.394249232203727],[107.18125376795827,16.394317030807112],[107.18126820449386,16.394341033080416],[107.18128362846171,16.394369069878167],[107.18132210509262,16.394422354830017],[107.18134614572142,16.394460592560332],[107.18134949490151,16.394465584631106],[107.18134959337408,16.394466778881668],[107.18146535310112,16.394638246874138],[107.18149236542676,16.394649095278904],[107.18150626738785,16.394654677993827],[107.1815695203745,16.394663009941329],[107.18162281501863,16.394657485937071],[107.18169676081847,16.39463831587485],[107.18183017679033,16.394603728929866],[107.18197976833243,16.394557527191445],[107.18229683015053,16.394482147710359],[107.18250273386199,16.394482948640075],[107.18254038929118,16.394494681995344],[107.18268740259907,16.394540488262709],[107.18288448521513,16.394642735466636],[107.18300584389023,16.394764974642275],[107.18321464825269,16.395078334799308],[107.18344438455549,16.395412072367023],[107.18347687396563,16.395453452771076],[107.18356444355265,16.395564987885955],[107.18360741282125,16.395619716342388],[107.18363071443443,16.395634852849078],[107.18366899917032,16.395675214434537],[107.18372204548101,16.395716315244325],[107.18374128963211,16.395722960764068],[107.1838141563678,16.395737192839256],[107.18400472396702,16.395755456277396],[107.18411719157183,16.395761384130807],[107.18440183311816,16.395776387395518],[107.18473775697707,16.395753888723945],[107.18479518143489,16.395755607319398],[107.18488826898785,16.395767628553525],[107.1849137165828,16.395770915474454],[107.18516957867215,16.395885560705246],[107.18536456482697,16.396000591072017],[107.18564747738908,16.39616749201797],[107.18567275925275,16.396178901710091],[107.18597012898159,16.396313106689853],[107.18603757435578,16.3963435453819],[107.18633556326245,16.396433998126081],[107.18657499428187,16.396459278348885],[107.18664688825946,16.396457859949848],[107.1867471642034,16.396455880588174],[107.18674729988999,16.396455878272857],[107.1867473996717,16.39645584561373],[107.18687329693785,16.396414790853271],[107.1869072063582,16.396403732070144],[107.18707135093183,16.396343478329975],[107.18721053655092,16.396353197384094],[107.18734191347338,16.396417287013737],[107.18734288873624,16.396417874045483],[107.1874229798924,16.396475207439543],[107.18748099936862,16.396494904117823],[107.18754269294749,16.396495040723906],[107.18771012443965,16.396450960226961],[107.18771788601136,16.39644901199226],[107.18771820597176,16.396448832488172],[107.18790009302012,16.396346780390878],[107.18798805373052,16.396269337671022],[107.18801648976273,16.39624430237189],[107.18803253526603,16.396213613071605],[107.18805752446664,16.396165818640156],[107.18810494710267,16.396075117860171],[107.18825007899305,16.395842569532778],[107.18837479787406,16.395747982198724],[107.18840100400411,16.395728107110568],[107.18842417883869,16.395721652750677],[107.18852965893484,16.395692276304274],[107.18865493945376,16.395713950979289],[107.18882061075016,16.395820544118493],[107.18893073978522,16.395908486534459],[107.18896249529921,16.395933844544416],[107.18897680728702,16.395945273215798],[107.18899211643709,16.395949032935437],[107.18907406994808,16.395969159276472],[107.18907699625422,16.395969877757388],[107.18908180386317,16.395968591757807],[107.18914637996323,16.395951317273262],[107.18917739799227,16.395943020303033],[107.1891978355508,16.395930152757487],[107.18931829437935,16.395854308933497],[107.18931833898634,16.395854280461819],[107.18932795085253,16.395848228390079],[107.18938406544471,16.39581617477852],[107.18955074733661,16.395736964579132],[107.18964965261165,16.395689962883672],[107.1900989479859,16.395541577377628],[107.19042772058492,16.395443567800147],[107.1904702803824,16.39543141278207],[107.19069268317567,16.39536789577345],[107.1907288726823,16.395357559802989],[107.1907520712988,16.395353328344857],[107.19084682255851,16.395336046005713],[107.19087185747513,16.395331479184836],[107.1908833513255,16.395334117605056],[107.19094697800908,16.395348720842588],[107.19100442555771,16.395399791237576],[107.19102117991928,16.39541954128493],[107.19105181675947,16.395455657172615],[107.19109685954679,16.395475204447081],[107.19118708433972,16.395477973356709],[107.19137507145821,16.395478696575687],[107.19146104328449,16.395473767136931],[107.19157314384272,16.395467340120511],[107.19164717363314,16.395457277954538],[107.1917637586032,16.395441432578352],[107.19179342936847,16.395444322268446],[107.19184142897444,16.395448996649328],[107.19187299250453,16.395473151888364],[107.19187641554468,16.395475771430494],[107.19187772607904,16.395480055477915],[107.19189866723163,16.395548493009652],[107.19189834768072,16.39562597176154],[107.1918678601884,16.395725130853588],[107.19183232374239,16.395833948992575],[107.19183229568756,16.395840724262474],[107.19183218596592,16.395867295893805],[107.19183215362979,16.395875110176711],[107.191834219472,16.395879143318528],[107.19184701164427,16.395904119511947],[107.19184706809199,16.395904229144229],[107.19184730757431,16.395904218515536],[107.19188923191192,16.395902354719187],[107.19189720872849,16.395902000489237],[107.19206027522088,16.395871152585656],[107.19216811369371,16.395857036146236],[107.19218399013417,16.3958608032613],[107.19224073541116,16.395874267231601],[107.19226836849728,16.395885248625493],[107.19236242423409,16.395922626177871],[107.19238837920396,16.395932940244734],[107.19239684972837,16.395937978058516],[107.19249180151449,16.395994442431121],[107.19253591230498,16.396020673780576],[107.1926908732861,16.396130232948117],[107.19280838793917,16.396200897976779],[107.19281426362248,16.396203640978822],[107.19299409285475,16.396286200088834],[107.19314728061828,16.396336589645212],[107.19322395965257,16.396368256708787],[107.19329848109116,16.396397727386216],[107.19361027695317,16.396487805775756],[107.19375217522035,16.396554450114142],[107.19434400361158,16.396663009387815],[107.19493526889764,16.396721375359071],[107.19550034749035,16.396866299793999],[107.19560233961526,16.396901384826805],[107.19560404822488,16.396901847610319],[107.19561150041723,16.396904536111251],[107.19576636878166,16.396960400839621],[107.19597842836545,16.397036895250423],[107.19617836464732,16.397100943736078],[107.19632769291584,16.397080414303094],[107.19644016031822,16.397046742703932],[107.19645525230374,16.397042224922366],[107.1964667892593,16.397037095621059],[107.19661206556837,16.396972501098684],[107.1966293808988,16.396965690603839],[107.19672594862566,16.396927706665462],[107.19673602733417,16.396923742683668],[107.19676213252744,16.396926813460688],[107.19678822741673,16.396929883438638],[107.19679787757458,16.396931018477936],[107.1968299641963,16.396956012129571],[107.19686196867863,16.396980941585756],[107.19687045134329,16.396987549266534],[107.19689349971952,16.397021232796138],[107.19690652544995,16.397040268696408],[107.19691387330087,16.39705100705817],[107.19691688181553,16.397080238290005],[107.19692693397555,16.397119037483684],[107.19694870861512,16.39741482279122],[107.19694944522305,16.397424834329044],[107.19695014804419,16.397426913042917],[107.19696952700085,16.397484234786965],[107.19697931427764,16.397513186449],[107.19699744806182,16.397540778794465],[107.19704431641821,16.397576048164201],[107.19720241336033,16.397619788029925],[107.19720989481996,16.39762066023215],[107.19721366330347,16.397621776339232],[107.19721842966193,16.397621655130337],[107.19733379628373,16.39761871963757],[107.19746653150544,16.397594538573141],[107.19770087377867,16.397532890406378],[107.19775086602596,16.397522845236193],[107.19786536333756,16.397499840331292],[107.19792642547208,16.397495589695605],[107.19800286960685,16.39750315335047],[107.19805839383153,16.39751850397613],[107.19814253684473,16.397558895121389],[107.19817848368008,16.397580480104093],[107.19848955677294,16.397767267840564],[107.19865071113551,16.397887712469704],[107.19866820496689,16.397903800515863],[107.19866822672448,16.39790382106748],[107.19882932558249,16.398051973930965],[107.19884819733457,16.398073411305251],[107.19891818893394,16.398139365942299],[107.19895855626869,16.398198353291018],[107.19898900078061,16.39828251602426],[107.19900975462497,16.398397357321958],[107.19900685818565,16.398485636326711],[107.19899552674032,16.398553229744714],[107.19898754988785,16.398592836313334],[107.19889268409683,16.398926965173047],[107.19887533206344,16.398980681406414],[107.19883993443501,16.399086280807619],[107.19877452995341,16.399266540664087],[107.19876919702966,16.399297305534926],[107.19875590381939,16.399373990989321],[107.19874387810843,16.399443362425206],[107.19873914620554,16.399521476082953],[107.19874131091285,16.399573547989743],[107.1987449867373,16.399661997637015],[107.19874691815562,16.399708464288828],[107.19876503241265,16.399826361572398],[107.19877163427701,16.399847411462314],[107.19886099211789,16.400132327845803],[107.19887548643815,16.400161498431103],[107.19893183486755,16.400266069030199],[107.19903197470539,16.400408019442946],[107.19903728948364,16.400415553673916],[107.19919548247545,16.400555922468921],[107.1993485278212,16.400666792361587],[107.19943785376505,16.400696669342683],[107.19944216884636,16.400698112147857],[107.19951923098598,16.400734743347762],[107.19962842534277,16.400800584432648],[107.19963444583962,16.400803867768417],[107.19974862848531,16.400852426029264],[107.19982751519434,16.400865177078884],[107.19998529976699,16.401063566954974],[107.2000744708333,16.401195065782602],[107.20015146832687,16.401308611372247],[107.20023879040738,16.401437383892663],[107.20033983547646,16.401616260501495],[107.20043917727743,16.401871237673145],[107.20050006317412,16.402083161811067],[107.20057729338367,16.402351972738558],[107.20063366026797,16.4024903404041],[107.20065809802313,16.40253692446807],[107.2006912875089,16.402600193838737],[107.20069938019203,16.402615620325442],[107.20076336854595,16.402679704488346],[107.20086453829875,16.402711734245006],[107.20107754851097,16.402779172715157],[107.20119800121233,16.402833340666003],[107.20124953617506,16.402856514321929],[107.20128397785177,16.402879551769686],[107.20135392660347,16.402978743490326],[107.20135910557447,16.402986088439292],[107.20142140524574,16.403133344972339],[107.20149320827836,16.40324218496341],[107.201541387169,16.403290089376856],[107.20162705302525,16.403359737125548],[107.20184295835745,16.403535269576793],[107.20198627332466,16.403667097817095],[107.2021578153861,16.403794579892292],[107.20223920332731,16.403820472274138],[107.20235678115165,16.403857878160984],[107.20257947511087,16.403896157694465],[107.20276747125993,16.403962350461612],[107.2027916281065,16.403970856048282],[107.20292877080533,16.40406655627006],[107.20293442498843,16.404072123628179],[107.20294858061337,16.404081430630562],[107.20307297136375,16.404208529968649],[107.20324915691047,16.404388550903921],[107.20344954762164,16.404593302502068],[107.20363417604415,16.404800557327274],[107.20370560491105,16.404880739407957],[107.20387098547857,16.40506638584862],[107.20388724315764,16.405111823834886],[107.20389134646062,16.405123290658828],[107.20390545778179,16.405162729708309],[107.20390597320923,16.405183564944419],[107.20390974377239,16.40533595082389],[107.20386222455546,16.405632552233619],[107.2038535108852,16.405686937925921],[107.20379322543042,16.405979694509806],[107.2037932148103,16.40597974882785],[107.20377728679549,16.40605709625309],[107.20374627859266,16.406331213878104],[107.20374473312484,16.406711279123652],[107.20374896461277,16.406795212544289],[107.20374976994583,16.406811204085432],[107.2037539508343,16.406894134309592],[107.20379811094365,16.407057873686924],[107.20383699705246,16.407293768619027],[107.20385356103674,16.40746037324438],[107.20385613660294,16.407486276861594],[107.20385081031237,16.407574240539226],[107.20384011834501,16.407750826014148],[107.20385298374842,16.407791147225431],[107.20385635728876,16.407801720965747],[107.20386470816784,16.407827893736336],[107.2039441245729,16.407895553153555],[107.20398126966307,16.407906372383913],[107.20412820198568,16.407949169636471],[107.20445661919695,16.408027386805088],[107.20458189767943,16.408060899550172],[107.20471691742706,16.408097017575667],[107.20473026938465,16.408100589660595],[107.20473891722219,16.408103596785558],[107.20492055280808,16.408166751415653],[107.20495408515296,16.408178410647789],[107.20506443504783,16.408235959622566],[107.20513066591013,16.408270499416865],[107.20516781204299,16.408289872209018],[107.20537141273159,16.40843979191343],[107.20541760946165,16.408488763072679],[107.20559459355427,16.408676374487463],[107.20570653394007,16.408816932751829],[107.20578290191946,16.408912825234431],[107.20587908037839,16.40903686233877],[107.20596623861748,16.409149265642554],[107.20605487643832,16.409272596754562],[107.20607024706928,16.409293983298433],[107.20610426685006,16.409385457241804],[107.20613324893374,16.409463384577826],[107.2061490879892,16.409505973599909],[107.20621784196908,16.409746779411226],[107.20621988814159,16.409758157550822],[107.20625680978554,16.409963434699474],[107.20628032845066,16.410119535534772],[107.20633441269155,16.410478509332254],[107.20639269892297,16.410844369237804],[107.20644737921778,16.411136635542107],[107.2064755665905,16.411287296411768],[107.20648069053939,16.411302338185152],[107.20656909803904,16.411561875164676],[107.20662822295472,16.411720863147938],[107.20674390828408,16.411924735962923],[107.20675680457212,16.411947463835652],[107.20683812315923,16.412048916772093],[107.20707398220661,16.412343173227999],[107.20708278350521,16.412356526639062],[107.20749463553484,16.412981382732521],[107.20779416646131,16.413282347086099],[107.20803677737631,16.413526118184002],[107.2218724125963,16.427426300501068],[107.22320192425109,16.428761864590665],[107.2232838969633,16.428844210105709],[107.22334651718182,16.428876538890691],[107.23194728896119,16.433316553621086],[107.23791648910185,16.436397736038803],[107.2518282174297,16.443577683530503],[107.25182879378728,16.443577981790146],[107.25950429937521,16.447550510910794],[107.26200154175329,16.448842879965088],[107.26817249513176,16.452036250948531],[107.28451028174517,16.460489329841469],[107.28906883631714,16.46284756516674],[107.28916443205023,16.462897013569883],[107.29224830398927,16.464492284980679],[107.29434221795928,16.465575413121758],[107.29897598390747,16.467972217597925],[107.29944867593409,16.468102880228564],[107.30468892378525,16.469310012621339],[107.30781368687677,16.469925122607449],[107.31199345964792,16.470747829477737],[107.31254344087139,16.470860354087804],[107.3130498106824,16.470963959456483],[107.31431875342656,16.471229470719379],[107.31432826199767,16.471231453291125],[107.33305083325105,16.475192155798581],[107.33419207623427,16.475493948369127],[107.33400913246935,16.478748654083603],[107.33379078048556,16.482632816102168],[107.33340413580393,16.48951072523726],[107.33338570686502,16.489838556801626],[107.33530332552287,16.497198059043395],[107.33581660135317,16.498994867643571],[107.33589419744357,16.499221609172377],[107.33597518768173,16.499364113450028],[107.33602376440916,16.499485288357352],[107.33607132169008,16.499652087461783],[107.33613442924769,16.499903629225802],[107.33621765480616,16.500134511869533],[107.33627059815043,16.500277275303461],[107.33628978990915,16.500329661095357],[107.33635054448824,16.500495493170909],[107.336426170664,16.500594921356285],[107.33662701244796,16.500778118816289],[107.33674208796307,16.500926637329101],[107.33677322786126,16.500985168741405],[107.33684055160225,16.501111711076597],[107.33686493806081,16.501274089536331],[107.33686439778361,16.501359033731664],[107.33686389437085,16.501438161639268],[107.33688862159103,16.50154083276907],[107.33697576340155,16.501656419578929],[107.33720418444118,16.501839499335205],[107.33730010054707,16.501916376135561],[107.33746523000299,16.502076872911648],[107.33748510661538,16.502132748700731],[107.33748628022221,16.502136048215988],[107.33748686846801,16.502137701119263],[107.33749490441005,16.502160292039715],[107.33751088542989,16.502237956334536],[107.33750952832119,16.502250941146791],[107.33749175517701,16.502421020721886],[107.33748980380874,16.502447199523548],[107.33746737050603,16.502748095311293],[107.3374694661798,16.502780508136691],[107.33747660298096,16.502890873857485],[107.33747726770805,16.502901148535951],[107.33747981532512,16.502940544745925],[107.33746893526163,16.502978770455019],[107.33744463815191,16.5030139844826],[107.33734920110281,16.503085541817043],[107.33729171590194,16.503150127869688],[107.3372723861571,16.503176064750821],[107.33727172462261,16.503176260954682],[107.33713633852622,16.503397551820999],[107.33705846084507,16.503503601906583],[107.33701509507965,16.50358758514372],[107.33697099061595,16.503727757000838],[107.33720993035263,16.50398005214667],[107.33731036734012,16.504091265772477],[107.33738623495907,16.504219485457973],[107.33746215920968,16.504352485083114],[107.33749337931638,16.504476424515349],[107.33748922903452,16.504543395025465],[107.33747565537132,16.504570361510531],[107.33743115550845,16.504658772273149],[107.33737525842217,16.504803311116905],[107.33734945944678,16.504870020658824],[107.33737091074239,16.505524072521457],[107.33740273770047,16.505595421111959],[107.33741958444664,16.505708764962591],[107.3374179965616,16.505834266604978],[107.33741884179456,16.50590457426166],[107.33742015135508,16.506013504656575],[107.33743050044286,16.506101525772401],[107.33744084954546,16.50618954688586],[107.33744890957459,16.506344817594872],[107.33743831921259,16.50640691513485],[107.33743155229496,16.506446593516113],[107.33742938890158,16.506524298169584],[107.33743619287414,16.506575012890032],[107.33745276624025,16.50659612881477],[107.33748965974578,16.506643131867875],[107.33753697008076,16.506714307149888],[107.33756468145735,16.50678959162606],[107.33756939967962,16.506790736691787],[107.33759839804814,16.506823294713946],[107.33766478873865,16.506920657307735],[107.33771629563162,16.506991166763918],[107.3377550367547,16.507041904367433],[107.33931252113344,16.506138737134822],[107.33940436011416,16.506442047840782],[107.33951838938775,16.50641379635044],[107.34005680366607,16.506280400437515],[107.34150431134809,16.510608409830684],[107.34305192983228,16.514960626939477],[107.34265287522149,16.515050543614649],[107.34196450332911,16.515187939791701],[107.34187188761389,16.515198233526878],[107.34095992008234,16.515299591308899],[107.3401096784557,16.51547165260147],[107.33973286276387,16.515596311041463],[107.33961611205443,16.515634934559543],[107.33928040370185,16.515739082358362],[107.33902909730628,16.515856625066633],[107.33898080017804,16.515877917300443],[107.33863969165853,16.516028298328756],[107.33842738867781,16.516092820461242],[107.33812544139339,16.516120103235316],[107.33796147899214,16.516107573074365],[107.33779808741882,16.516095086978851],[107.33702953744108,16.516055887488072],[107.33647985560526,16.516085941575334],[107.3361480658334,16.516126286601818],[107.33613348708019,16.516128059520323],[107.33592613779905,16.516192523785953],[107.33555119078045,16.516330567406904],[107.33465772218591,16.516617818647667],[107.3342236327907,16.51674712548558],[107.33350723713615,16.516960523235515],[107.33315170281811,16.517064883384492],[107.33268584513728,16.51706052854178],[107.33192256047703,16.51704740240903],[107.3318432559121,16.517046038777249],[107.33175344946102,16.517038387523005],[107.33134720986084,16.517003774892338],[107.33096102801713,16.517031989046167],[107.33068419404509,16.51708766290405],[107.33051204452747,16.517139730606782],[107.33006741998207,16.517274208411003],[107.3295619236351,16.517477038681516],[107.32943715879502,16.517528480176001],[107.32902567469868,16.517698136480906],[107.32842036429086,16.517842323395325],[107.32802244564725,16.517912560653421],[107.3277729852301,16.517985409467059],[107.32769768981696,16.518010916423634],[107.32750076349171,16.518088933670196],[107.32746426134972,16.518103394353076],[107.32736321517065,16.518151181741473],[107.32725968862592,16.518217214110397],[107.32718455011138,16.518317280662306],[107.32718137339066,16.518323044347973],[107.32712786620662,16.518417260726604],[107.3270368656018,16.518575553761714],[107.32698680914179,16.518653039167678],[107.32696932857691,16.51869536271365],[107.32663170408334,16.519512789303231],[107.32659752829656,16.519626438467775],[107.32901537165267,16.52448424885549],[107.33289527725609,16.532278902387713],[107.33400668041197,16.534936150987289],[107.33401064949275,16.534952196422907],[107.33417216454336,16.535605114182523],[107.33428997991881,16.536129631254472],[107.33430912401026,16.536214516743716],[107.33428260349423,16.536299882601053],[107.33429768324326,16.536372407657339],[107.33431397099353,16.536423120978711],[107.3343838633366,16.536509158463993],[107.33438446888465,16.536509904189785],[107.33443637193307,16.53661343612438],[107.33446184262142,16.536679336102502],[107.33448731332973,16.536745236074939],[107.33450535232488,16.536871600175914],[107.33451444652384,16.536935307598512],[107.33452144769255,16.537029152135247],[107.3344963865888,16.537081376172591],[107.33444119451484,16.537149755406055],[107.33441997664595,16.537173850786374],[107.33439873382545,16.537197974448741],[107.33437222002338,16.537228084089037],[107.33433011781554,16.537288276832378],[107.33430628247633,16.5373223538794],[107.33429879018365,16.537399431583555],[107.33428855271244,16.537496503488814],[107.33428266645808,16.537552316962874],[107.33426354827779,16.537613625559853],[107.33425304369355,16.537647312198487],[107.33422195377071,16.537729342490994],[107.33417519306073,16.537892146452592],[107.33416745900655,16.537981828812672],[107.33413959126771,16.53802575521134],[107.33410674414448,16.538048137867172],[107.33403750559162,16.538055968078563],[107.33397626326654,16.538078433636837],[107.3339463274192,16.538104595891486],[107.33393854836871,16.538166409927481],[107.33396196888144,16.538325022731993],[107.33394898619503,16.538393363103729],[107.33390157064269,16.538485404703049],[107.33381583118236,16.53858132604725],[107.33367931013404,16.5387207164888],[107.3335799341742,16.538831893733402],[107.33353646347541,16.538909636925595],[107.33353267932971,16.538996032010608],[107.33355946792176,16.539114651317792],[107.33356934487463,16.539153354806654],[107.33358726380793,16.539223575263257],[107.33363445458386,16.539393909768858],[107.33371221898389,16.539558373497549],[107.33373725766741,16.539640968048186],[107.33374343688152,16.539661351092445],[107.33376839910561,16.53975269107076],[107.333790810823,16.540003377149365],[107.33377690982407,16.540123225059673],[107.3337674501494,16.540204781989477],[107.33375187335272,16.540283577137167],[107.33386885585993,16.540424218192097],[107.33388015940899,16.540435600553131],[107.33388339602712,16.540438858900963],[107.33412925404913,16.54087449572555],[107.33413791553498,16.540889842702338],[107.33415684908381,16.54092339042359],[107.3346090404133,16.541434602047211],[107.3348888075855,16.541825845982459],[107.33499442298495,16.541953731493368],[107.33521205197462,16.542123385154387],[107.33557116805152,16.542312965489906],[107.33575923850461,16.54249729139234],[107.3358725464072,16.542646601072953],[107.3358807569449,16.542711043624429],[107.33584428202728,16.542768815905085],[107.33575534466189,16.542791324107039],[107.33551117633064,16.54288727486232],[107.33520883812488,16.543091435106597],[107.33503363844626,16.543358704750013],[107.33477857180607,16.543784618811252],[107.33452695695844,16.544497314187847],[107.33438900758684,16.54477133637879],[107.33403047811211,16.545248602074402],[107.33389213772405,16.545514275023411],[107.33343577817134,16.547574406255915],[107.3339480118928,16.548954963387089],[107.33436344439622,16.550527814100313],[107.33427354140896,16.551293670961641],[107.33299659239165,16.552264034094012],[107.33182621735899,16.553854638842466],[107.33065524922837,16.555397443138233],[107.33056418219805,16.55606770712847],[107.33091798068341,16.556637387534234],[107.33140456085562,16.556865268874517],[107.33142770370607,16.556876427530561],[107.33145177998034,16.55689440337569],[107.33152862485031,16.556951777063677],[107.3315910067916,16.557057784468149],[107.33169983673726,16.557147426965347],[107.33175221929305,16.557210157572325],[107.33182268646581,16.557370023371142],[107.33206814449805,16.557668523779792],[107.33213013411573,16.557743908555253],[107.33213523213418,16.557850755727348],[107.33201008753863,16.558003912074767],[107.33214275580904,16.55812802269223],[107.33236739911487,16.558362071932333],[107.33252143299227,16.55858711900952],[107.33260280929358,16.558642379057254],[107.33264439747452,16.558742828266922],[107.33267050121383,16.558966073602573],[107.33271115900314,16.559065476265786],[107.33275200425329,16.559115092381568],[107.33280966220791,16.559312509423606],[107.33285280916355,16.559501949627482],[107.3329615506409,16.559699986935392],[107.33302441224536,16.559848012842185],[107.33306472675699,16.560076781038745],[107.33314136199709,16.560241518425105],[107.33321250419057,16.560375557735494],[107.33327164721028,16.560448094865297],[107.33334451772312,16.560531968991729],[107.33336170620858,16.560591922444313],[107.3333678609648,16.560674439067853],[107.33329363148903,16.56069005866938],[107.33323869267916,16.560716971021677],[107.33316810292831,16.560838830639547],[107.33306961891265,16.560919429854021],[107.33294898199736,16.561004631371961],[107.33271894601616,16.561096315647962],[107.33255009413794,16.561135226510252],[107.332428644262,16.561212062678798],[107.33228492584078,16.561330585487234],[107.33219327488926,16.561438091352318],[107.33204349689814,16.561622058403888],[107.33193620156347,16.561806453108083],[107.33195282576551,16.561884913942496],[107.33202053117414,16.561934202309175],[107.33211594969787,16.561937343608854],[107.33221905113143,16.561981131558017],[107.33225215394529,16.562032568860705],[107.33221628132605,16.562115185787949],[107.33220710180424,16.562169635008047],[107.33225644047894,16.562238469982219],[107.33233160978166,16.562324974575652],[107.33239210043361,16.562363927787683],[107.33247815115384,16.5623521779473],[107.33254991692232,16.562317805197647],[107.33262434706425,16.562293899683233],[107.33270917785683,16.562308415190529],[107.3327638433263,16.562380108225295],[107.33276091453973,16.562468255208731],[107.33271630320621,16.562534555946833],[107.33267190714797,16.5626638549147],[107.33266369046711,16.562772585569036],[107.33262081550353,16.562878081907137],[107.3326207220246,16.562885020794329],[107.33263603488359,16.56305531418872],[107.33272939967391,16.563269784140743],[107.33277439464536,16.563402562555247],[107.3327658913487,16.563455594960271],[107.33272800104061,16.563532444005521],[107.33263538877745,16.563807681374374],[107.33259503094564,16.564070808326917],[107.33252353044162,16.56400972326924],[107.33245547537234,16.563989813797203],[107.33239057396612,16.563970826548175],[107.33196137218846,16.563727055863485],[107.33141162010475,16.563350785692347],[107.33105053855182,16.56300108404761],[107.33074120263041,16.562832454919562],[107.33037389152942,16.562788761745178],[107.32965171009596,16.562911568603472],[107.32894093385939,16.563158534307195],[107.32879397971431,16.563303587024837],[107.32868782239377,16.56354379040955],[107.32863386737668,16.564003304888889],[107.32847570775363,16.564865531920219],[107.32843812396808,16.564998201426384],[107.32824747454156,16.565671178627849],[107.32813150343947,16.565967068570892],[107.32790618177444,16.566441326716454],[107.32752984339865,16.566998571358827],[107.32717691574061,16.567327578333892],[107.3264481327025,16.567727708865071],[107.32585501500783,16.567868184376028],[107.32544120405333,16.567870208338778],[107.3253196258355,16.567870802800581],[107.32493097141247,16.567860322226444],[107.3245885738109,16.567828292269709],[107.32426411626562,16.567742283028849],[107.32393516739296,16.567591789406933],[107.32344090676347,16.567296143673367],[107.32312384737213,16.567068624738404],[107.32282594032732,16.566854847737318],[107.32231825416206,16.566369331126459],[107.321904912874,16.566001073595881],[107.32129809724306,16.5653087132488],[107.32122203919907,16.565224700229418],[107.32109138684069,16.565080381401319],[107.32078359669109,16.565146969138077],[107.32075955253593,16.565152493810828],[107.32072847181334,16.565168558836014],[107.3207071159392,16.565177209922219],[107.32068554695512,16.5651875409411],[107.3206280867776,16.565209981417208],[107.32058424912314,16.565222046627092],[107.32049564231268,16.565239262158862],[107.32038044168978,16.565235579088682],[107.3202891144692,16.565224391242214],[107.32014672326373,16.565233813576437],[107.32005483469919,16.565248957020341],[107.31994882775628,16.565293143911795],[107.31985305089859,16.565340192495775],[107.31975205710347,16.565386655051899],[107.31959133329623,16.565416140958302],[107.31948168382706,16.565453954269504],[107.31942003099846,16.56549636047821],[107.31934137334677,16.565591323615358],[107.31927666210798,16.565687858649177],[107.31920964862312,16.565810538494507],[107.31917171313496,16.56589733867715],[107.31911780377436,16.565970413866943],[107.31904497958951,16.566031977544078],[107.31897337895289,16.566054525403121],[107.31889721484532,16.566063783063417],[107.31880962992931,16.566072596942597],[107.31873131838231,16.566085019480632],[107.31864256521101,16.56612519511248],[107.31857522547467,16.566206973763521],[107.31852054205457,16.566279107103878],[107.31843522634612,16.566327336794647],[107.31837448382308,16.566347705692678],[107.31829802736324,16.566402904681993],[107.31822720276945,16.56648428300543],[107.31818062237211,16.566591386843491],[107.31813107477819,16.566708376788952],[107.31804945727725,16.566813224685582],[107.31798590583347,16.566878396791893],[107.31794387667391,16.566940892002727],[107.31789748867124,16.567046325133852],[107.31790622169822,16.567134154044286],[107.31793771617777,16.567296068073126],[107.31792253052434,16.567399073400161],[107.31789080829371,16.567514675146583],[107.31784330624262,16.567643807101746],[107.31783135796147,16.567785490407488],[107.31785883975679,16.567878848824613],[107.31791223187946,16.567976836751615],[107.31798114572254,16.56804168329322],[107.31803345833498,16.568097837190781],[107.31818655212791,16.568261604298026],[107.31823359328806,16.568353769220142],[107.31826844885225,16.568625896831325],[107.31829340297445,16.568870511363244],[107.31822622942882,16.56917117698595],[107.31820461029893,16.569288945489365],[107.31783207417327,16.569186884611064],[107.31750976891198,16.56908024479813],[107.31738187356869,16.569088861924023],[107.31728450001117,16.569101790732237],[107.31712751936678,16.569065202349783],[107.31700405817421,16.569081162193015],[107.3167893081704,16.569132989026713],[107.31664848785424,16.56917158341847],[107.31660984799012,16.569184062545954],[107.31647147891027,16.569237295809923],[107.31620258929753,16.569325759079135],[107.31598097925576,16.569353704897711],[107.31575757184888,16.569360055467438],[107.3154845974298,16.569387326326673],[107.31519317797027,16.569500610689772],[107.31483973704557,16.569635098089829],[107.31472071997015,16.56971657861159],[107.31448219455146,16.569832430383151],[107.31432920051849,16.569881294502157],[107.31418082850345,16.56992195870701],[107.31405962286891,16.569988711128268],[107.3139401897604,16.570108089723451],[107.3138741812753,16.570167586952731],[107.31379665381678,16.57021743135352],[107.3137244364344,16.570254722146483],[107.31364837838682,16.570291612946193],[107.31355357131166,16.570331197258742],[107.31346856820166,16.570369946274052],[107.3133799364638,16.570406442815337],[107.31327362538343,16.570453236397523],[107.31312043306822,16.570510982090436],[107.31303242291739,16.570533499999797],[107.31295697836306,16.570547980968964],[107.31289261253886,16.570558947561906],[107.31281994688773,16.570574656915056],[107.31274174163198,16.57059634037169],[107.31264244738082,16.570632637990865],[107.31256554021361,16.570668504405369],[107.31251933024825,16.570699194045691],[107.31245394966658,16.570753125453525],[107.31241032843108,16.570812181199614],[107.31235931949585,16.570927573962319],[107.31229530934021,16.571054697812794],[107.31223222401955,16.571224993608148],[107.31219351120068,16.571292062850912],[107.31215841900809,16.571352953442748],[107.31212777206458,16.571391845356153],[107.31205432615222,16.571473953990616],[107.31198851804993,16.571685168550069],[107.31188179102185,16.571914519299224],[107.31179435095225,16.57204290330073],[107.31169450621799,16.572152188558867],[107.31155890790055,16.572302625676247],[107.31141182957484,16.572477134162444],[107.3113126476084,16.572597717667513],[107.31117124807761,16.572713832022917],[107.31106243483518,16.572799690921826],[107.31092207260487,16.572898123597106],[107.31079664724099,16.57300188380523],[107.31066695740539,16.573100514947409],[107.31061819534077,16.573144976548015],[107.3105385811257,16.573230181370878],[107.31051495880261,16.57326700951845],[107.3104871281016,16.573340836962775],[107.31048480155175,16.573523189312947],[107.31050018864187,16.573720528978082],[107.31051355195865,16.573833378493791],[107.31053669540287,16.573928538847891],[107.31057306568327,16.574035400142293],[107.31060030098148,16.574162826096416],[107.31061360120265,16.57422509628946],[107.3106285842516,16.574272570380508],[107.31069271673314,16.574417017340565],[107.31072309167855,16.574499830433819],[107.31074408657091,16.574579775549093],[107.3107350384018,16.574676202935127],[107.31070826265947,16.574740789817685],[107.31065505477673,16.574807250140367],[107.31056306279088,16.57488177814033],[107.3104433225428,16.574935583544445],[107.31023444544658,16.574962136953467],[107.30996360988637,16.575046744882595],[107.30977606022176,16.575244117209667],[107.30959907628582,16.57537425493144],[107.30939696569241,16.575528880007258],[107.30927878568252,16.575628731567004],[107.30917188740273,16.575723217417252],[107.30909163423847,16.575813968455478],[107.30904080253821,16.575902223149782],[107.30899892488398,16.575997050836254],[107.3089896627198,16.576095320794547],[107.30885137673968,16.576141535927043],[107.30875145093586,16.576183387624777],[107.30865980968807,16.57620364159877],[107.30857881567221,16.57621566330339],[107.30851532284265,16.576236082869475],[107.30843051196774,16.576264555789439],[107.30837340722141,16.57628846737876],[107.3083073725287,16.576322677120345],[107.30828969148017,16.576332974780602],[107.30816616529643,16.576428506449933],[107.30804777872606,16.576538632026782],[107.30798239756786,16.576584140194768],[107.30791229254248,16.576611360372056],[107.30783494222163,16.576634065392572],[107.30779701403499,16.576651578771141],[107.30769366427424,16.576680893877224],[107.30750983482167,16.576696571351231],[107.3074169747959,16.576703576754753],[107.30729366341579,16.57668713469771],[107.30729285276968,16.57668702624585],[107.30721200927314,16.576669976003082],[107.30705059090752,16.576635932966642],[107.30695516167336,16.57657804632645],[107.30685710841955,16.57651856806164],[107.30663856007089,16.576377578289271],[107.30653152559641,16.576345704526549],[107.30646444762273,16.576325728944255],[107.30639866948168,16.576327103817935],[107.30627497484814,16.576346401184924],[107.30619913758514,16.576361904275497],[107.30618225724112,16.576365355229846],[107.30610837518255,16.576405014629742],[107.30605325654049,16.576459404360143],[107.30601376925324,16.576525572571786],[107.30598678029391,16.576600564709075],[107.3059740654062,16.57664967680677],[107.30595419963393,16.576726411226918],[107.30593661064034,16.576810262526074],[107.30590976305859,16.576897204783741],[107.30587672057548,16.576984214775088],[107.30584649080072,16.577047292928338],[107.30579464823158,16.577116584577642],[107.30571579012403,16.57721737188308],[107.30563961762644,16.577366284886022],[107.3056257642498,16.577391395088696],[107.30553347527203,16.577558676137617],[107.30548828998651,16.57766673562984],[107.30547365586345,16.577738603391659],[107.30548704299567,16.57782211151347],[107.30552652928954,16.578015877772199],[107.30560030403562,16.578227189856317],[107.30562493064758,16.578285230966703],[107.30566086868822,16.578369930097807],[107.30571445552515,16.578447017842834],[107.30572886539815,16.578455482732004],[107.30576305369267,16.578486090690998],[107.30578018599211,16.578498188608599],[107.30421816277639,16.581710601478171],[107.30419387215815,16.581760555402429],[107.30315019088535,16.583906970038658],[107.30315015169593,16.5839069831198],[107.30293220330032,16.585368117176259],[107.30271425399327,16.586829250316143],[107.30271485550726,16.586853022398206],[107.30270777915358,16.586850604700185],[107.30262579949347,16.586822589647753],[107.3023937168538,16.586707375190695],[107.30216827492453,16.58658739298582],[107.30209653592384,16.586557593110339],[107.30202698466209,16.586544977469259],[107.30189804437344,16.586540667942486],[107.30164624912807,16.586543454232313],[107.3015588759594,16.586532948085139],[107.30145919844628,16.58648815927295],[107.30136517223636,16.586418449583718],[107.30123456589146,16.586274092643123],[107.30102582573166,16.586020650449804],[107.30092045826919,16.585914256845559],[107.30085801761632,16.585874314376397],[107.30078836905768,16.585853573454667],[107.30055523866596,16.585841810715348],[107.30035860099682,16.58577227860804],[107.30025368871148,16.585704123276379],[107.30013305426633,16.585564435905958],[107.29986977710652,16.585191319203282],[107.29979015290381,16.585102099920704],[107.29977546405837,16.585085641009165],[107.29964519049891,16.584912046638056],[107.29945092494667,16.584624979385151],[107.29931539374395,16.584483065696247],[107.29916028338526,16.584355623633734],[107.29863456434774,16.58396582076367],[107.29818211471006,16.5836016525312],[107.29808404250433,16.583483225712726],[107.29782601674754,16.583046712375854],[107.29774596277703,16.582962560287339],[107.2976582053503,16.582897549173332],[107.29738413188525,16.582789818436698],[107.29731463903845,16.582753356509389],[107.29730638053688,16.582671637412421],[107.29743248439372,16.58225707772193],[107.29742619384599,16.582144807100249],[107.29737441293412,16.582057687562685],[107.29703676559276,16.581894442491642],[107.29627737827242,16.581722328092074],[107.29579359490198,16.581613764617824],[107.29542013734107,16.581487724661994],[107.29461239544618,16.581210045690355],[107.29360730560298,16.580864518375765],[107.29295730868525,16.580671994571627],[107.29276048973816,16.580637773245343],[107.29252646612365,16.580639798914714],[107.29223309834354,16.580719867462676],[107.29216478960832,16.580747491153211],[107.29190059325897,16.580854332236381],[107.29174597721963,16.580874779591174],[107.29165912386293,16.580866098871606],[107.29152015435342,16.580838174512742],[107.29133722095493,16.580765562212676],[107.2910593382111,16.580596003170971],[107.29059953809482,16.580234367479147],[107.29036224677981,16.579975250498354],[107.29029393486,16.579857686819853],[107.29028552387788,16.579775317409432],[107.29030638588527,16.579653186679742],[107.29040754389756,16.579404686413156],[107.29053797360854,16.579116424798823],[107.29059165518068,16.578940153334703],[107.29059359066767,16.578789548424631],[107.29048731294841,16.578499846889262],[107.29043906513085,16.578498622651971],[107.28953567186095,16.578475692299431],[107.28926073389363,16.578417192754713],[107.28908054987478,16.578270981445677],[107.2888295623964,16.578006037817133],[107.2886308924777,16.577554081937816],[107.28862550429419,16.577465204535173],[107.28858984089914,16.57712765403744],[107.28853551027318,16.576934643863314],[107.28842913722994,16.576742205910577],[107.28816000548855,16.576534520377852],[107.28799505892489,16.576387854815547],[107.28743006454056,16.575799823958242],[107.28706353488107,16.575418347318671],[107.28695941191758,16.575285171163973],[107.28693247818056,16.575271125817231],[107.28690262145072,16.575261414517698],[107.28684608510788,16.575259167446536],[107.28671149818916,16.575284668141567],[107.28655963848871,16.57528036059594],[107.28654008363515,16.575277658381154],[107.28645556129001,16.575263164260665],[107.28629725969755,16.575238012938883],[107.28622539289449,16.575213282530161],[107.28617759418773,16.575197912434323],[107.2860717423036,16.575154257972311],[107.28595752521518,16.575065466264668],[107.28583945910239,16.575036885157015],[107.285616282056,16.575027385097101],[107.28558149991269,16.575040440687143],[107.28550828533292,16.575067922626051],[107.28528844576194,16.575146726180286],[107.28506997345782,16.575220831341223],[107.28468384168373,16.57526450856864],[107.2844155803579,16.575235668202701],[107.28435117645138,16.57523876542944],[107.28416601732877,16.575300553125164],[107.28404281283476,16.575361660798922],[107.28391431319488,16.575394143887149],[107.28380532913579,16.575400120504334],[107.28346826707927,16.575401428343799],[107.28333416311946,16.575378996767718],[107.28326696973538,16.575355832000593],[107.28320954877559,16.575320608156552],[107.28312709167307,16.575264147398613],[107.28309214402707,16.575243019220697],[107.28301236262634,16.575203259847115],[107.28273689865557,16.574986076133936],[107.28210872700474,16.574150841701819],[107.28198069168214,16.574012416765342],[107.28170259310062,16.573815217031218],[107.2815880104454,16.573746374380413],[107.28153132242632,16.573668117940134],[107.28151543947119,16.573582244017494],[107.28152649052301,16.573227591529793],[107.28151821758712,16.57305140257132],[107.28149625149759,16.572764816602028],[107.28144087853626,16.57256107637275],[107.28137468960932,16.572364770310351],[107.28134461386993,16.572336417239157],[107.28130347803658,16.572330804482785],[107.28120365450533,16.57236305999724],[107.28098185773824,16.572492589482383],[107.28091719348105,16.572526163412096],[107.28077547335077,16.572593447890856],[107.28057907351713,16.57267824283274],[107.28051985112839,16.572700403206106],[107.28046409190554,16.572701014058953],[107.28039342246041,16.572698203575786],[107.28021766145122,16.572625101308365],[107.28021197367202,16.572623523051448],[107.2801738231432,16.572603827822153],[107.28013545529096,16.572575541900665],[107.28002858562346,16.57244524994351],[107.27991523889332,16.572291125999254],[107.27982033801797,16.572124849887402],[107.27970086719,16.571976768790197],[107.27961948280061,16.571905953246304],[107.27928817253566,16.571773627661091],[107.27900377935897,16.571676312892276],[107.27863385975276,16.571622996787518],[107.2784877899135,16.571636546547051],[107.27815163307949,16.571714322695236],[107.27806557198551,16.571772629940206],[107.27791809211389,16.57187702370793],[107.2777026289716,16.572101672938107],[107.27758313916983,16.572267906497881],[107.27748859912435,16.572448208416713],[107.2773522958001,16.572660040328042],[107.27724125688563,16.572701888808862],[107.27709994494793,16.572698653892076],[107.27694094843243,16.572666930469222],[107.27674393684075,16.572563914912259],[107.2766786331191,16.572490531868972],[107.27663231195021,16.572345234309875],[107.27665723898485,16.572146571886606],[107.27665040042534,16.571986501139484],[107.27656237701021,16.571667171772368],[107.27651152109944,16.571557777635341],[107.2764514835426,16.571510629258675],[107.27619249147325,16.57140590037298],[107.27591792847724,16.571241586341952],[107.27564545003078,16.571043784665118],[107.27555266315512,16.570951579414494],[107.27553686744258,16.570872874882554],[107.27553205796251,16.570674537488287],[107.27551956181182,16.570454772472885],[107.27549892193466,16.570385681500209],[107.27528017842631,16.570120365638736],[107.2751323962636,16.569988127340093],[107.27505498437721,16.569938777940415],[107.27490798772983,16.56987345797581],[107.27468862116275,16.569765903498428],[107.27429871988332,16.569488114884209],[107.27405637592794,16.569323445028822],[107.27385379614825,16.569167902111793],[107.27359554601831,16.568914966511667],[107.27339179958545,16.568669313018979],[107.27308637134239,16.568399454393298],[107.27294909312862,16.568317294027668],[107.27269689567402,16.568157510611286],[107.27248924944128,16.567992459840372],[107.27237315257982,16.567814459605366],[107.27217556275413,16.567543059259553],[107.27183445333895,16.567105655300839],[107.271571813672,16.56690056947982],[107.27136083517451,16.566664203354769],[107.27125563354855,16.566356652816051],[107.27111223672168,16.565940144442859],[107.27127845772945,16.56554929620097],[107.27087015792927,16.566048436771002],[107.27083557441063,16.56610046474491],[107.27072933236485,16.566234281770075],[107.27065242802759,16.566333718059962],[107.27031058373355,16.566802329205604],[107.27015832887803,16.567133842229108],[107.27007793763671,16.567253035752803],[107.269981585209,16.567279184354803],[107.2698702389971,16.567294739604698],[107.26952895019664,16.567322162154493],[107.26944848135658,16.567329015173947],[107.26937396312758,16.567314888741112],[107.26932212052621,16.567299106757417],[107.26907829249549,16.567268814289818],[107.26897663427081,16.567265141265295],[107.26886033045125,16.567280750003381],[107.26879159263741,16.56729675555782],[107.26878516618018,16.567300390388958],[107.26855694070248,16.567392728965434],[107.26840894601804,16.56745349942296],[107.26822802225826,16.567559446097718],[107.26810243577435,16.567628936687946],[107.26803987339414,16.567683398379593],[107.26801105964337,16.567762590683298],[107.26801311036969,16.567864354282538],[107.2680026727769,16.567925418478705],[107.26798893761119,16.568022373585709],[107.26795670026709,16.568126700499512],[107.26790596071136,16.56823839921551],[107.26785146264942,16.568346554175488],[107.26771212843265,16.56847647543222],[107.26743243506175,16.568735233063155],[107.26729514257379,16.568863411792815],[107.26721813743616,16.569060249982762],[107.26718024945951,16.569211248337229],[107.26716739526252,16.569383486736182],[107.26714435136921,16.569625667033502],[107.26706408319286,16.569755614222565],[107.26696535544372,16.569896518259554],[107.26675620163418,16.570131845430922],[107.26667914689766,16.570218733141765],[107.2666020081724,16.570298451465316],[107.26646176021744,16.570386027087611],[107.26618029892167,16.570478725386831],[107.2660584691931,16.570551758818038],[107.26598103639171,16.57060638190557],[107.2657778892666,16.570719739971707],[107.26551119226819,16.570874024146889],[107.26529529456444,16.571062813519056],[107.26509415451672,16.571241880558222],[107.2649701587296,16.571332986044617],[107.26481901878253,16.571393431768133],[107.26463350914955,16.571468113048791],[107.26435281623283,16.571541917905492],[107.26424598248676,16.571573541658335],[107.26400213510944,16.571645722117868],[107.26357488264647,16.571765080194915],[107.26225401711319,16.572136657558797],[107.26168260426586,16.572289003385201],[107.25968030111842,16.572822828087748],[107.25787064898856,16.573256032591519],[107.25698834680699,16.573467237000475],[107.25538782351815,16.573850357996058],[107.25529714792538,16.573900181241378],[107.25524045445034,16.573927088190949],[107.25511712799954,16.57397862022626],[107.25491978899608,16.574059636195887],[107.25482595044254,16.574089335843226],[107.2547335634124,16.574142483872777],[107.25472008278133,16.574150239279078],[107.25465425689177,16.574244172885653],[107.25460630657483,16.574383327944435],[107.25458946778825,16.574458985332353],[107.25462323975323,16.574741905736101],[107.25446106734174,16.574787390751958],[107.2543724173271,16.574840836966874],[107.25404597340533,16.575040951607598],[107.25385770884418,16.575219933143021],[107.25375216370229,16.575403399545745],[107.25364215060131,16.575621680958015],[107.25356838498355,16.575875452240716],[107.25355448103871,16.575935452512695],[107.25345507269056,16.576262519195431],[107.25341125268062,16.57640669026722],[107.25338255593296,16.576656186481472],[107.25337903221833,16.576951213717368],[107.25333973153467,16.57714265534791],[107.25309053299632,16.577070057146159],[107.25297582226293,16.577047784212791],[107.2528249937663,16.577007311888529],[107.25236529905453,16.576883958543391],[107.25183043975822,16.576740434864639],[107.25182821450723,16.576739837397426],[107.25133208182804,16.57678078006133],[107.2510732817165,16.576905482449437],[107.25092955347314,16.577014599336962],[107.25060547610015,16.577376029558717],[107.2500569085547,16.578038107763003],[107.24908241440563,16.578962920216821],[107.24916060286225,16.579032309696988],[107.24927775219206,16.579162189388601],[107.24931651040262,16.579298016081729],[107.24935639278627,16.579530636160769],[107.24937463779013,16.579820857398566],[107.24932835246651,16.579997042504868],[107.24924772224723,16.580116417664147],[107.24904570483616,16.580321295205703],[107.24858373180913,16.580449254342639],[107.24844227829789,16.580506484303157],[107.24822833072982,16.580652212066276],[107.2481072366112,16.58078976611278],[107.24772494536636,16.581242986725524],[107.2476421689652,16.581341121077894],[107.24757048871061,16.58143294268157],[107.2474738390961,16.581536491905375],[107.24712811635663,16.58195843007616],[107.24754893960049,16.582547234335745],[107.24810667269332,16.583247868053181],[107.24817238750607,16.583357110844641],[107.2481091446015,16.584313902541204]]]},"properties":{"OBJECTID":13,"maNhanDang":"025NAD03000001","ngayThuNhan":1734652800000,"ngayCapNhat":1737331200000,"maDoiTuong":"AD03","maDonViHanhChinh":"19855","ten":"xã Phong Mỹ","dienTich":392.303,"soLuongMoLietSiChonCatBanDauTrenDiaBan":159,"soLuongMoLietSiDaTimKiemTrenDiaBan":124,"soMoLietSiDoGiaDinhChamSocQuanLy":23,"soMoChuyenDenTuDiaPhuongKhac":0,"soMoDaBanGiaoDiaPhuongKhac":0,"thongTinChung":null,"nguonCungCapThongTin":"BCĐ 515 tỉnh Thừa Thiên Huế","thoiGianCapNhat":"20/01/2025","donViCapNhat":"Cục Tác chiến/BTTM","soLuongMoLietSiChuaTimKiemQuyTapTrenDiaBan":0,"danSo":5214,"soMoLietSiTrongNghiaTrangLietSiDiaPhuong":101,"soMoCoHaiCot":124,"soMoKhongCoHaiCot":0,"soMoCoDuThongTin":0,"soMoCoMotPhanThongTin":71,"SHAPE_Length":109297.78082348319,"SHAPE_Area":390966393.68547267,"soMoChuaXacDinhDuocThongTin":53}},{"type":"Feature","id":14,"geometry":{"type":"Polygon","coordinates":[[[107.44224387720867,16.531695365836594],[107.44178557820646,16.53188466388514],[107.44132689995358,16.532074117224145],[107.44131079014377,16.532080973970309],[107.44128288883456,16.532092850181385],[107.44123992157502,16.532018939530882],[107.44105522827886,16.531651529192995],[107.44104281356518,16.531655318405512],[107.4410223815883,16.531661544609772],[107.44094262836762,16.531690447823991],[107.44064948462621,16.53189928252927],[107.44053006944551,16.531695596427646],[107.44052263678618,16.531612255751408],[107.44055596498565,16.531600985504461],[107.4404814470099,16.531337893805208],[107.44076361618386,16.531208247041999],[107.44077817464749,16.531198517912912],[107.44078832205989,16.531191740008218],[107.44079500975013,16.531186117263232],[107.44078312291403,16.531168732186423],[107.44074194352524,16.53110850453136],[107.44068618498945,16.530944346722801],[107.44060930497125,16.530718006629797],[107.44061136292837,16.530710157204673],[107.44061313138491,16.530703414104316],[107.44061531984345,16.530695069946788],[107.44064511064684,16.530669330364109],[107.44074429212289,16.530619575700335],[107.44066887563152,16.530452499825714],[107.44035041521964,16.530568665356409],[107.4405016003298,16.530969947009062],[107.44050833109912,16.53100409728426],[107.44042387068231,16.531024972553183],[107.4403750296583,16.531051915957068],[107.44030040341062,16.53103119265819],[107.44026078716723,16.530913163842293],[107.4402317691321,16.530758510202144],[107.44020199296482,16.530600158245115],[107.44014975803805,16.530371266835314],[107.4401246622334,16.530250222702907],[107.44007927765986,16.530066327066415],[107.44002926309916,16.529909004858023],[107.43995889438536,16.529705223289255],[107.43990730092705,16.529624322144628],[107.43981623694054,16.529378437267116],[107.43981348115325,16.529278309842603],[107.43977425695887,16.52912494789145],[107.43978773182111,16.529075127365143],[107.43978075634699,16.529018655554115],[107.43976601743788,16.528837497928052],[107.43975059453668,16.528646841883116],[107.43966006435629,16.528466023081233],[107.43955187462896,16.528360073608948],[107.43951710046838,16.528262272570874],[107.43950174571927,16.528138941009491],[107.43950223928471,16.527987212937244],[107.43950684226303,16.527797947732239],[107.43945223903457,16.527715040995144],[107.43937955535755,16.527690437355687],[107.43933501375534,16.527688880486956],[107.43932760067074,16.52768312275024],[107.43932375883749,16.527401269621784],[107.43950251750773,16.5273812445446],[107.4396246309208,16.527713407493703],[107.4396296763925,16.527724581132965],[107.43965438172762,16.527707830384809],[107.43979282971637,16.52763243658277],[107.43982373901336,16.527621430575504],[107.44026330435247,16.527474170075291],[107.44026988846619,16.52748810427444],[107.44034310122626,16.527670501993509],[107.44036908437587,16.527727106465203],[107.44042628523397,16.527711717141152],[107.44051759011212,16.527691998612031],[107.44051248913344,16.527674029165269],[107.44048829860176,16.527625643717858],[107.44040854252427,16.527444710074544],[107.44040072429527,16.527426985584061],[107.44060923562586,16.527351941615681],[107.44072784439741,16.527581127915699],[107.44080320435638,16.527681549561482],[107.44091855919248,16.527856713540071],[107.44091685886262,16.527890696875023],[107.4409804092848,16.52807130675119],[107.44109739408505,16.528057684740929],[107.44112966581233,16.528055313571567],[107.44113029712076,16.528046462810241],[107.44113654826242,16.527958763478161],[107.44114155641192,16.527888315592193],[107.44114992543854,16.52777005428592],[107.44115269997629,16.527730869790691],[107.44115314776724,16.527724553145859],[107.44115567157104,16.527700654634728],[107.44116507064928,16.52761166016575],[107.4411644243982,16.527611651467186],[107.44112279288149,16.527611104253086],[107.44105590799812,16.527612605794967],[107.44103302543289,16.527562497873792],[107.44100301269619,16.527463517733583],[107.44109586514679,16.527426805921365],[107.44115120434657,16.527413588066107],[107.44118468811648,16.527405588668067],[107.44118573098659,16.527405339800378],[107.44119132947914,16.527338051098234],[107.44119160201849,16.527334777035065],[107.44116105493696,16.527337117182288],[107.44111412837299,16.527340552261158],[107.44108993355883,16.527290269097673],[107.44108091270341,16.527280349732276],[107.44107386534951,16.52722912795285],[107.44103534477546,16.527137118800695],[107.44102758558665,16.527118581575056],[107.44120663460299,16.527026739687955],[107.4412041441829,16.526889218655615],[107.44115217982011,16.526787794460986],[107.44107657275381,16.52662650916702],[107.44102754570223,16.526480955622699],[107.44101312467137,16.526423677603656],[107.44100094436568,16.526427241818887],[107.44075055198441,16.526524016301124],[107.44072822910509,16.526552531057032],[107.44069021161373,16.526520257951383],[107.44057967026679,16.526356195059947],[107.44056496518429,16.52633210782826],[107.44077689896032,16.526242840076602],[107.44084101604692,16.526216443390346],[107.440916453133,16.526185910812067],[107.44096477418962,16.526169845716936],[107.44094688330482,16.52609100568483],[107.4409129349978,16.525989258625387],[107.44087759967671,16.525897402734405],[107.44089264872869,16.525892834821427],[107.44093582539809,16.525890211509932],[107.44110011227939,16.52582986017589],[107.44113939941845,16.525804924570693],[107.44111109073285,16.525755281173051],[107.44099091343506,16.52543327321678],[107.44104358209472,16.525400817346039],[107.44109023547927,16.525400716931998],[107.44101742221984,16.525268384167468],[107.44093309119982,16.52513427649653],[107.44092478203045,16.52512106977947],[107.44091992406749,16.525113339190877],[107.44088361978714,16.525055604396822],[107.4404551742826,16.525347894277974],[107.44003369191732,16.525609801452195],[107.43966354285064,16.52576419041813],[107.43950366167617,16.5257660595834],[107.43930628882048,16.525720906179984],[107.43921915544801,16.525638867333544],[107.43919336684634,16.525544246439836],[107.43921677097754,16.525449050530749],[107.43928418926161,16.52538242123638],[107.43932840037776,16.525354433027161],[107.43934182173999,16.525345973832621],[107.43938625285136,16.525271990204125],[107.43933056078959,16.525157795522308],[107.43932841785337,16.525153813496761],[107.43928946124851,16.5250834919628],[107.43932839764599,16.524998198121345],[107.43933103790241,16.524992421315282],[107.43935785357641,16.524887032340278],[107.43934335976719,16.524812800783117],[107.43932836438057,16.524782577035751],[107.43926903478749,16.524662588556541],[107.43922047326957,16.524609773365594],[107.43919265205588,16.524544090201204],[107.43918332561411,16.524494913806752],[107.43917980582557,16.524464664309168],[107.43921535992736,16.524357460538312],[107.43932515154275,16.524284985700916],[107.43940975077453,16.524165344578073],[107.43938351436003,16.524035132251637],[107.43928333865924,16.523893920107209],[107.43920612106439,16.523621921443567],[107.43912539419668,16.523081377616194],[107.43912709269803,16.523012249249685],[107.43908184952885,16.522848198812252],[107.43904458003506,16.522745439499964],[107.439024326241,16.522622031323174],[107.43903779448006,16.522532240429904],[107.43906383797248,16.522467515725225],[107.4389869694176,16.522257743499452],[107.43894019547187,16.522137156405368],[107.43892739891251,16.521961805720192],[107.43896784723522,16.521299108466039],[107.43842791447932,16.521400339413333],[107.43838759419657,16.521127909069723],[107.43821512091837,16.521106193053793],[107.43812813922129,16.521036017510074],[107.43799062483892,16.520859643850894],[107.43776255687236,16.520328369566084],[107.43768698024162,16.520186868045332],[107.43757495682817,16.520081388820564],[107.43749923251598,16.519928023953721],[107.43748529711087,16.519797668380541],[107.43751861867516,16.51951251182982],[107.43771300725089,16.51932039689104],[107.43790799100267,16.519175736546813],[107.43800652408321,16.519186450743689],[107.43817914546324,16.51922003038333],[107.43832672268528,16.519218306610171],[107.43855979149927,16.519168123281336],[107.43875566800278,16.519094643391814],[107.43886501028166,16.518986577665427],[107.43887611742235,16.51889152549062],[107.43887447903478,16.518761026434699],[107.43894737375079,16.518688983202882],[107.43908190795766,16.518628084720888],[107.43920444225786,16.518591057200144],[107.43920339952051,16.518508011954061],[107.43916501579828,16.518389808134827],[107.4390780351729,16.518319632854272],[107.43894186277386,16.518250031348142],[107.43880598834583,16.51820415799288],[107.43859632577207,16.518159145604368],[107.43849674988645,16.518065386337497],[107.43829968302562,16.518043958234184],[107.43800527382727,16.518106723371034],[107.43777295037323,16.518216223903224],[107.43733583625641,16.518469622437756],[107.43721261095087,16.518519824508239],[107.43715265946555,16.51855104818074],[107.43693834942816,16.518606291655757],[107.43688121866293,16.518656356089643],[107.43687090672304,16.518688128449842],[107.43683321500083,16.51880593190284],[107.43673696149247,16.519018735367709],[107.43663470757534,16.519178105792609],[107.43661486115207,16.51927034591359],[107.43660409563256,16.51931627843269],[107.43656344204764,16.519483369424467],[107.43653181166658,16.519584922013678],[107.43654410431431,16.519716650066457],[107.43623882338569,16.519938703252052],[107.43568693516755,16.519593219360932],[107.4355870621506,16.519475731222926],[107.43541310297172,16.519335377418869],[107.43506771255534,16.519256349139987],[107.43480826212658,16.519164452880577],[107.4345239170481,16.519049116614074],[107.43444184383179,16.519370437669295],[107.43483761625477,16.519543801069741],[107.4352005323221,16.519891384604961],[107.43549187794609,16.520177393594317],[107.43567923928141,16.520302617561292],[107.43619638710057,16.520439350610179],[107.43645219474425,16.520505151892088],[107.43670190955316,16.520705179951683],[107.43698995412312,16.520935900833379],[107.437023415203,16.520952429148181],[107.43724216399022,16.521025061071043],[107.43736650730347,16.521095621849671],[107.43747507131212,16.521206254251624],[107.43749666947349,16.521269371898399],[107.4374973392999,16.521393929551383],[107.43747982397579,16.521447968634323],[107.43745461179664,16.52148801500627],[107.43737305081559,16.521573031258423],[107.43729684874636,16.521683709358744],[107.43728038968726,16.521696488273548],[107.43729376755468,16.521770834318794],[107.43728716989293,16.521804063727512],[107.43720392515881,16.521839688562334],[107.43686013416706,16.522031229874088],[107.43657816550036,16.522195682258612],[107.43638887800358,16.522323486397063],[107.43618462184699,16.52248616848534],[107.43597255647359,16.522676690347488],[107.43576573693792,16.522899053933429],[107.43558754495773,16.523093254093823],[107.43541263637552,16.523301470435346],[107.43531484331854,16.523239944427893],[107.43526965486696,16.523164698414799],[107.43520506911221,16.523017059770329],[107.43517459265176,16.522949192835021],[107.43514676436502,16.522887222518651],[107.43512709918249,16.522832821542735],[107.43508395636776,16.522772537524119],[107.43487584883076,16.522590666610895],[107.43483610409844,16.522554184868621],[107.43473192658594,16.522458555323578],[107.43456976204865,16.522385668210163],[107.43449761759346,16.522340757943446],[107.43445481910544,16.522284685491776],[107.43442243779181,16.522180240253157],[107.43438201908941,16.522088405933552],[107.43432824065094,16.522006810181121],[107.43432205903763,16.522000357662581],[107.43429253526514,16.521969535962086],[107.43423788327414,16.521962582847621],[107.43420369202248,16.52195518874866],[107.43406281625229,16.521938694113608],[107.43394385092996,16.521871480377929],[107.43378703359399,16.521792877276003],[107.43362399116819,16.521735204993078],[107.43348172270731,16.521675853196026],[107.43333656767516,16.521610845885835],[107.43312072642993,16.521508368382534],[107.43299010015635,16.521437164536149],[107.43291134254245,16.521408629175728],[107.43286648640782,16.521409068016322],[107.43281545379553,16.521414224573252],[107.4327663408307,16.521403382764635],[107.43270564677266,16.521364241463086],[107.43255442318628,16.521215111053934],[107.43241334888098,16.521090524463979],[107.43233585811222,16.520996384578769],[107.43223717145322,16.520876494311267],[107.43219254214847,16.52082227723108],[107.43211971944096,16.520733808038571],[107.43204090611222,16.520666539804349],[107.43189514267013,16.520534222655971],[107.4318264568071,16.520444669935465],[107.43180104658617,16.520391427528871],[107.43179825996992,16.520367653185374],[107.43179687880767,16.520355838588738],[107.4317965569049,16.520280162793849],[107.43178836644046,16.520223415449841],[107.43174158001581,16.520138087980801],[107.43167360611905,16.520073823260926],[107.43159604796892,16.520029366898896],[107.43136335568163,16.519943109209674],[107.43124014662668,16.519901995540568],[107.43122696973316,16.519897598123453],[107.43119254213491,16.519910565095291],[107.43068375194461,16.520466066266522],[107.43033870336974,16.520794638305382],[107.42996317759655,16.521152287388311],[107.42971350246627,16.521400780597194],[107.42962097391904,16.521417055947907],[107.42907762418676,16.521418174277386],[107.42922793055735,16.521607645746872],[107.42901272818359,16.521725567675212],[107.42898524366491,16.52200577132534],[107.42860112130771,16.521997518115167],[107.42851175091961,16.521876224826681],[107.4284835156558,16.521729478388657],[107.42845161341467,16.521428372848913],[107.42840300202187,16.521202317564956],[107.42839514345638,16.5210715322524],[107.42837313985345,16.520949690818476],[107.42830475305128,16.520928371480519],[107.42828280135075,16.520939431409211],[107.42819005143792,16.520986162138648],[107.42809879922902,16.521088657809425],[107.42805566963635,16.52113710206104],[107.42789629247731,16.521270407288924],[107.42769938268951,16.521374273636066],[107.42753888412484,16.521417966566158],[107.42737226756414,16.521467704155025],[107.42718960865996,16.521472816509824],[107.42701291830808,16.521459933009218],[107.42678927235271,16.521511804782968],[107.42603155626676,16.521845656203421],[107.42594464956115,16.521874851610672],[107.42595429113388,16.521832060575683],[107.42594532318539,16.521690526671286],[107.42590574686118,16.521457546316963],[107.42589149367406,16.521334065173399],[107.42587714696714,16.52120976670804],[107.42587575645804,16.521097534104619],[107.42589787464365,16.520973680819264],[107.42595061094725,16.520832751297185],[107.42601113519565,16.52066512046602],[107.42607671700281,16.520447340165472],[107.42607812327491,16.520396791419977],[107.42605920390486,16.520369791694026],[107.42601975521004,16.520347858793183],[107.42600126472395,16.520337578069018],[107.42585218544443,16.520273033468744],[107.42583396274193,16.520268972560626],[107.42578318406896,16.520257656071824],[107.4257569759056,16.520251815383563],[107.42570631342495,16.520220408675026],[107.42566146662217,16.520202093881174],[107.42564867286978,16.520189905059659],[107.42563082699129,16.520172901554336],[107.42562163535534,16.520141645224633],[107.42562404832347,16.520137433023773],[107.42563792584107,16.520113205607725],[107.42568278238421,16.520077262605803],[107.42572640538251,16.520043846956813],[107.42576013002694,16.520008442506501],[107.42576249368703,16.520002081888315],[107.42577505029075,16.519968287438189],[107.42577336837171,16.519928460802614],[107.4257364794496,16.51989006676299],[107.42566607031019,16.51986445212555],[107.42563244604133,16.519738720025799],[107.42583042373421,16.519557366749915],[107.42582635100611,16.519552244400849],[107.4258019434404,16.519521866779368],[107.425774931481,16.519497917608113],[107.42574321643886,16.519489904288545],[107.42567747683584,16.519485323292621],[107.42562889918696,16.519493449436347],[107.42536400646425,16.519609097744361],[107.42503764129714,16.519658164629099],[107.42498359717321,16.519667820219595],[107.42477799311371,16.519654042887694],[107.42474630472576,16.519640363501807],[107.42471275590779,16.519774035791674],[107.42469010497169,16.519868697316351],[107.424909691564,16.519997752535449],[107.42495580528575,16.520005795627053],[107.42508691729633,16.52002856803513],[107.42511180825302,16.520060239098306],[107.42531284475677,16.520316843541568],[107.42536012407682,16.520345484862958],[107.42545451746831,16.520497293315007],[107.42546320844646,16.520488605401415],[107.42563604693954,16.520742375468647],[107.42561200368814,16.520756705052751],[107.42550890746521,16.520738113235403],[107.4253876334122,16.521186776951911],[107.4254117425137,16.521242131151787],[107.42537976560328,16.521282760825166],[107.42534185693006,16.521330925331171],[107.42524340130159,16.521418601641681],[107.42518677462903,16.521525270111599],[107.4251409701418,16.521742337209112],[107.42504536584677,16.521933303475066],[107.42484473799679,16.522165062397875],[107.4248440368319,16.522189830451364],[107.42483861558802,16.522366061846466],[107.42470097863068,16.522445505096183],[107.42447933028978,16.522619378642688],[107.42432758372151,16.522756420279027],[107.42429238822267,16.522813056963486],[107.42413550257653,16.52291351242582],[107.42411231703316,16.522932444254135],[107.42409038309671,16.522930413623126],[107.42401396811762,16.522984063000742],[107.42385666520634,16.523152474255003],[107.42373963902715,16.523319713086913],[107.42375581954195,16.523347699635675],[107.42363595775316,16.52346009484549],[107.4234696255546,16.523568060486777],[107.42325432274306,16.523689318764117],[107.42328788714261,16.523740497614742],[107.42291626539765,16.523708085291855],[107.42278743794763,16.523700572115501],[107.42271488347711,16.523681285766916],[107.42264416785576,16.523648087728777],[107.42267392993999,16.523591454705034],[107.42226959745368,16.523334438727506],[107.42230462583404,16.523287019893719],[107.42224840462164,16.523237694545976],[107.42220614797999,16.523277457634254],[107.42214391867901,16.52343708433899],[107.42210705011581,16.523413848004083],[107.42205314136454,16.523525385744051],[107.42197778822923,16.523511522603663],[107.42193353127105,16.523622318700514],[107.42183642473547,16.523599285446519],[107.421819964035,16.523697191100378],[107.42164822084459,16.524121014669028],[107.42161304976089,16.524232333105875],[107.42160179982005,16.52429161112013],[107.42181482411208,16.524369846084191],[107.42181203959615,16.524493399021537],[107.42169006223385,16.524620499503825],[107.4216425411618,16.524609848902902],[107.42163703519701,16.524621509594127],[107.42160565544062,16.524623474406962],[107.4215895170794,16.524657127809757],[107.42157879489362,16.524671394579428],[107.42154407612898,16.524657315451261],[107.42143167006543,16.524591888012012],[107.42120960417076,16.524488928957933],[107.42073828044852,16.524323241317358],[107.42059204109245,16.524210678600394],[107.42047616947055,16.524090527964404],[107.42040583222921,16.523892859276113],[107.42036518010394,16.523755982902642],[107.42035175314709,16.523662255774902],[107.42035141465496,16.523659891198115],[107.42034586032068,16.523612450970671],[107.4203066214653,16.523589188488341],[107.42026076586667,16.523582311253403],[107.42020974127898,16.523587464735499],[107.42013070610294,16.523576906401431],[107.41996337639026,16.523516039852648],[107.41980655759421,16.523508484430639],[107.41955038752931,16.523417140703195],[107.41938777112193,16.52335589742745],[107.41929071538368,16.523295575116531],[107.41922926696414,16.523294828560395],[107.41865398299315,16.523297474747366],[107.41850067272219,16.523316658383443],[107.41819424016316,16.523636279127544],[107.41785987142782,16.523915174509177],[107.41787247273209,16.523936663038224],[107.41779986212805,16.524020485086954],[107.41772635249254,16.524079110375723],[107.41764148268308,16.524211580006131],[107.41758397742312,16.524306677500395],[107.41749966077818,16.524523462948913],[107.4173493113155,16.524704684448817],[107.41730893260258,16.524792509605195],[107.41708443855202,16.524953282275128],[107.41683887029249,16.5252031973328],[107.41666352993838,16.525354554142005],[107.41644521968466,16.525383549529707],[107.41622330770782,16.52570408091881],[107.41602235693547,16.525658208182733],[107.41577124006132,16.525552795442795],[107.41569842780162,16.525500620602934],[107.41568790151224,16.525309596918788],[107.41586172344823,16.525239578126016],[107.41612316714085,16.525156700385189],[107.41624613219329,16.525070018491416],[107.4163283663212,16.524957567584472],[107.41661750752375,16.524754459042445],[107.41664570395996,16.524742518523485],[107.41673584475451,16.524651868823167],[107.41680801976882,16.524501163002327],[107.41690698356709,16.524373803088686],[107.41718882380702,16.524205229321506],[107.41728446973451,16.524140711073887],[107.41729243149337,16.524087840535248],[107.41720070179502,16.524086834413119],[107.41698337811208,16.524112434919573],[107.41092641119106,16.524426140453237],[107.41081182710089,16.524371420124446],[107.41067417952621,16.524316173021685],[107.41057275684882,16.524304951859179],[107.41045274680074,16.524306329915106],[107.41029325159559,16.524353414179696],[107.41020597735015,16.524372054134094],[107.41006305166877,16.524361439412367],[107.40990687833587,16.524332802675808],[107.40972078939694,16.524283477326833],[107.40956557481219,16.524216708031243],[107.40944115929314,16.524126349502009],[107.40931763591152,16.52405090351602],[107.40918952091377,16.523975806741237],[107.40898705443935,16.523859471360147],[107.40878367705542,16.52376563545668],[107.40862350710086,16.523665233937706],[107.40846920294209,16.523515056376642],[107.40837813701614,16.523394517834188],[107.40828019198892,16.52319497695979],[107.40821689776175,16.523060961811442],[107.4081728644733,16.522938749464537],[107.40813299457037,16.522864714922676],[107.40807103008679,16.522817005282793],[107.40806785218143,16.522814465663682],[107.40799514021492,16.522758140321315],[107.40791367332146,16.522716069267489],[107.40784542610126,16.52270096441767],[107.40763165213998,16.522699274370325],[107.40749709674553,16.522708923039975],[107.40735864244277,16.522737719238442],[107.40710950882386,16.522811295177426],[107.40704403686746,16.522838400311478],[107.40695094987626,16.522858740015209],[107.40679984326418,16.522981392884539],[107.40667837715982,16.523122384666404],[107.40657013059867,16.523259979212899],[107.40644592297598,16.523378280227089],[107.40634899345828,16.523399150898822],[107.40618069359773,16.523445664198263],[107.40604477518642,16.523503023381185],[107.40592654419966,16.523596670287219],[107.40571744054097,16.523752413324672],[107.40558409025017,16.523857764424822],[107.40546765044243,16.523917257347616],[107.40518439087626,16.52402904961405],[107.4050164746567,16.524133760848944],[107.40487142326069,16.524266821391024],[107.40473904022842,16.524423505139687],[107.40461838955812,16.524572539762175],[107.4045175134268,16.524688737262242],[107.40442820564898,16.524759602528139],[107.40432255074208,16.524814697911847],[107.40403797016326,16.524929105651029],[107.40353824292809,16.52509106449288],[107.40336748815321,16.525173897068537],[107.40329458298416,16.525272190475352],[107.40315486611823,16.525589255349338],[107.40299459708098,16.525948283398847],[107.40288136435231,16.526152463166529],[107.40284582255659,16.526194563757283],[107.40268507859007,16.526220220981518],[107.40235823443197,16.526215941740663],[107.40198320398812,16.526192275664844],[107.40168356569758,16.526175512541204],[107.40149008752618,16.526122634365635],[107.40144375728995,16.52610876576729],[107.40128548525925,16.526092317291969],[107.40120955363636,16.526108274851651],[107.40113457012917,16.526151075657307],[107.40105714767454,16.526225045888641],[107.40098157083769,16.526338693490409],[107.40092298728506,16.526470553604195],[107.40086640125088,16.526623023680482],[107.40083916310623,16.526676082495424],[107.40079316818958,16.526766137990897],[107.40069098235742,16.526910976520348],[107.40059960455322,16.527075094197638],[107.40048624635449,16.527257945946907],[107.4002622038949,16.527485483157228],[107.40010696322295,16.527609654755697],[107.39999108380479,16.527637698217511],[107.39998714901041,16.527637867232329],[107.39991303013548,16.52764280550706],[107.39981053817064,16.527643865986338],[107.39955979583205,16.527598322156948],[107.39931789686638,16.527541055879038],[107.39917516151013,16.527498623626332],[107.39901852344678,16.52740798498246],[107.39886016447238,16.527298183758141],[107.39867921656908,16.527192111759064],[107.39854848068258,16.527147274629581],[107.39841400294124,16.527100708988268],[107.39820565466495,16.527069925243747],[107.39807085333987,16.527037184954327],[107.39787595152951,16.526959900012415],[107.397752536673,16.526941108878724],[107.39767300803203,16.526938619876621],[107.39757005460025,16.526967511639238],[107.39742031097509,16.52707073230329],[107.39721748247966,16.527223592887751],[107.3970698519949,16.527370195964334],[107.39696162208881,16.527469017181907],[107.39689994092737,16.527541676117821],[107.39660861002068,16.527805975250864],[107.39605219735294,16.528237412227682],[107.39596559635257,16.528249451747502],[107.39531408439939,16.527840727067698],[107.39487993326355,16.528209437608023],[107.39480347809747,16.528272744486181],[107.39289820277978,16.529455376300973],[107.39164108300909,16.528906849733026],[107.3914620146371,16.528820802763509],[107.39144219191154,16.528790815227833],[107.39125719313431,16.528603123230926],[107.39107284304635,16.528447694330506],[107.39081604465296,16.528204088875466],[107.39072445019616,16.528125129083804],[107.39059245619836,16.528025225779547],[107.39051675077998,16.527967926478215],[107.39050404070564,16.527982807302411],[107.39048459758149,16.527999982953503],[107.39044723373233,16.52802647676193],[107.39042601746058,16.528040425232074],[107.39038722729993,16.528061894760423],[107.39032348688627,16.528083828975639],[107.39027682102291,16.52809541227295],[107.39022086447032,16.528106693683121],[107.39014318706677,16.52811680385334],[107.39002125670984,16.528136949285201],[107.38990610433932,16.528159973630768],[107.38974923424742,16.52820264089944],[107.38965410258555,16.528241186371673],[107.38952845607231,16.528304162401913],[107.38943919676932,16.528354718135567],[107.38943159119074,16.52836000393259],[107.38936097374648,16.528423993751645],[107.38932868081299,16.528465948628238],[107.38928839779186,16.52853498487185],[107.38927331603668,16.528568780647511],[107.38924073237617,16.528680939796637],[107.38923449283952,16.528702413083888],[107.38923040506872,16.528716485088825],[107.38922060638554,16.528761122727936],[107.38917818927398,16.528973768661842],[107.38913481333046,16.5292218896439],[107.38912682213167,16.529259003475666],[107.38912408134551,16.529271733958566],[107.38905405402382,16.529500137678045],[107.38903784837392,16.529541464783534],[107.38894162896239,16.529718992608295],[107.38885853867572,16.529846662199169],[107.38875457966778,16.529970973624977],[107.3887205000506,16.529997365452335],[107.38865914876082,16.530044878770866],[107.38853740196228,16.530150462552829],[107.38849191793369,16.530187214296284],[107.38825459681129,16.530379479134371],[107.38809075017591,16.530500680044454],[107.38807887639464,16.530508510581672],[107.38790345865009,16.530587788984789],[107.38789853222623,16.530589877879844],[107.38788151332153,16.530597093408939],[107.38785007502256,16.5306125010272],[107.38776814719144,16.530652652580709],[107.38772707353132,16.530668908488551],[107.38746677145572,16.530771926665],[107.38743976538241,16.530782454267005],[107.38707260320902,16.530917887989638],[107.38687449609841,16.531002323125669],[107.38674714196529,16.531056505265987],[107.38669076244481,16.531087481635183],[107.38668918951572,16.53108240842138],[107.386629516266,16.530889902482002],[107.3844550770412,16.524571640528499],[107.38463789953389,16.523904900106665],[107.38469145613898,16.523529306755577],[107.38465496997536,16.523247340802808],[107.38451402300632,16.522849575975524],[107.38448580800913,16.522293094566908],[107.38454658638904,16.52203310393822],[107.38454754771747,16.521729649606456],[107.38449620849586,16.521375435214527],[107.38451932869914,16.5207602762395],[107.38462973326907,16.520374503249755],[107.38470783410814,16.51990991890003],[107.38470520032283,16.519695377933186],[107.38460800469142,16.519543223217667],[107.3845109973245,16.519406392340905],[107.38433399680953,16.519224496018328],[107.38418914511047,16.519072885351029],[107.38410783543654,16.518920547971838],[107.38410539055278,16.518721331705393],[107.38410294569157,16.518522114531638],[107.38411638603257,16.518322715941164],[107.38425804071117,16.518213813037807],[107.3845817560136,16.518180534917033],[107.38488333116038,16.518119176902996],[107.38488329348689,16.518119159266618],[107.38489855876638,16.517972446098909],[107.38490396215815,16.517893208498233],[107.38498311042541,16.517674280694077],[107.38494459296047,16.517194419778953],[107.38497335417679,16.516948867145572],[107.38503501505051,16.516794897706202],[107.38519292939945,16.516716460704671],[107.38538336716074,16.516698958918738],[107.38566949503031,16.516711015653733],[107.38646621705453,16.516901155028265],[107.38673740039567,16.516990013970986],[107.38691232865801,16.517003341049325],[107.38707043049155,16.516940227488792],[107.38713246616706,16.516816905407541],[107.3871617903732,16.516617326269721],[107.38715990755595,16.516464082949483],[107.38707935018428,16.516373044188562],[107.38702924590527,16.516174373168798],[107.38702773977613,16.516051778495747],[107.3870256688639,16.515883210366123],[107.38697537750885,16.515669214503649],[107.38702115059472,16.515515425427854],[107.38705103874256,16.51536181885799],[107.38704802662626,16.515116629495253],[107.38704614407949,16.514963386140352],[107.38694763194593,16.51470396157276],[107.3869294882219,16.514520251112991],[107.38689527057005,16.514321397447645],[107.3868455437422,16.514153374029419],[107.38679619441127,16.514016000157774],[107.38679468862604,16.513893404535416],[107.3867924299888,16.513709512453733],[107.38683782655185,16.513525075656496],[107.386818553903,16.513249419096852],[107.38678485744049,16.512847226933001],[107.38678304435699,16.51281587290293],[107.38675694493332,16.512810446753626],[107.38674806572936,16.51279814811091],[107.38673043143552,16.512719304829066],[107.38669889197351,16.512558672303456],[107.38637857524392,16.511146394594487],[107.38628590074254,16.511141206049174],[107.38616875444035,16.511143247361563],[107.38608104822917,16.511092202669516],[107.38604006893158,16.511076177701028],[107.38596757188498,16.511162989399647],[107.38594091382787,16.511209902644151],[107.38593455409598,16.511236542504719],[107.38594848097053,16.511246072609435],[107.38595106578386,16.511317651670897],[107.38588599608656,16.511336347126743],[107.3857588778385,16.511336696372265],[107.38575477223975,16.511331624050946],[107.38563310779453,16.511325663421545],[107.38547499007048,16.51132393301004],[107.38539454424929,16.511287730059255],[107.38537247799289,16.511274742758925],[107.38460713351759,16.511109404109764],[107.38446814844745,16.5110482350985],[107.38436255038769,16.511057285343931],[107.38425762675031,16.511121238264664],[107.38420903725388,16.511137482193707],[107.38412744571281,16.511114880740763],[107.38401246641691,16.511022059838407],[107.38391471111856,16.511007486510213],[107.38384163398153,16.511016165268153],[107.3837931415969,16.511040252599969],[107.3837199682404,16.511041087808113],[107.38360527865409,16.510971796266205],[107.38344113397925,16.510848158607686],[107.38331831413704,16.510778960570466],[107.38313045157854,16.510710504655982],[107.38299921295756,16.510617868638082],[107.38267054052309,16.510339218862466],[107.38262892773635,16.510261249271402],[107.38267684418801,16.510190102914358],[107.38271634171288,16.510095518759364],[107.3826750174066,16.510041078816865],[107.38254426016954,16.509987660004903],[107.38226966542217,16.509895789715191],[107.38219401212548,16.509884721292334],[107.3820157280684,16.509773855103457],[107.38181738490752,16.509696455037624],[107.38158676285541,16.509607211464935],[107.38159500553652,16.509577685701807],[107.3816263029092,16.509338753592179],[107.38162666959124,16.509223625748412],[107.38163914674378,16.509129227905948],[107.38163332994371,16.509043631250268],[107.38157574107382,16.508919475902822],[107.38152099932277,16.50884259065192],[107.38141425950045,16.508827544814604],[107.38131663377368,16.508803579297755],[107.38123110124249,16.508835858848993],[107.3811881894629,16.508868174608157],[107.38118202554628,16.508891741705547],[107.38117207471343,16.508898399861287],[107.38062868969331,16.508649840620158],[107.38076805997972,16.508518438201182],[107.38097762810227,16.508085092902558],[107.38035013745646,16.507835765019706],[107.38004292072704,16.50744135058466],[107.37996180783881,16.507304335254069],[107.37981659414689,16.507122070933569],[107.37964054814884,16.507016790099829],[107.37948001243431,16.506880679278332],[107.37933517367745,16.506729063394285],[107.37922379245735,16.50671500590742],[107.37914286894943,16.506593315012228],[107.37910884914733,16.506409782696117],[107.37887460900217,16.506359776373429],[107.37856178058955,16.506372631273557],[107.37847528258065,16.50638466404385],[107.37845532661223,16.506297940827285],[107.37836709610787,16.505914064981926],[107.3782811119241,16.505736145716511],[107.37827013121378,16.505713340250185],[107.37813285547955,16.505376308987898],[107.37807983484225,16.505113269837068],[107.37807115689893,16.504897625709336],[107.3781270861203,16.504660845932133],[107.37814305763523,16.504411567048731],[107.37813811822848,16.504198644593028],[107.37811980533338,16.503949624974666],[107.37806905209297,16.503709998097307],[107.378024557535,16.503417072211938],[107.37796971373385,16.503050646058902],[107.37796074190801,16.502927085785082],[107.37793721836765,16.502813874522673],[107.37788394842801,16.502746120222096],[107.37774776254656,16.50262552530635],[107.37751289784877,16.502460084680617],[107.37730594540571,16.50229526925288],[107.37707419135356,16.502153061898778],[107.37695616639141,16.502043533483302],[107.37692354944772,16.502013264884706],[107.37683024231103,16.501916827403804],[107.37682822444852,16.501913224331634],[107.37664694818447,16.501589524797591],[107.37652408238029,16.501377735559359],[107.37631321314328,16.501062626938452],[107.37627804036919,16.501010067418424],[107.37624249042891,16.500972925054661],[107.37609477827006,16.500801570795261],[107.3759819220606,16.500672162578695],[107.37597919752913,16.500669039076008],[107.3758590529409,16.500547599850613],[107.37584123623222,16.500529590978932],[107.37564440515114,16.500348042248724],[107.37540519803443,16.500069941214729],[107.37524231015981,16.499880567097641],[107.37618983314422,16.49938076625773],[107.37619143121141,16.499379901652009],[107.37633533710137,16.499302036500094],[107.37635226746931,16.4992928755665],[107.37647909192965,16.499223312995312],[107.37683023293091,16.499023427356086],[107.37689497881077,16.498986271699199],[107.37720285630493,16.498809586778155],[107.37739276005206,16.498713441609027],[107.37754775019108,16.498643852548639],[107.37789916855476,16.498486068890614],[107.37791661593147,16.498478235300265],[107.37828796868762,16.498315900829212],[107.3787539716551,16.498185953739483],[107.37884158008015,16.49815951024306],[107.37890813879322,16.498139419250194],[107.37895670586121,16.498124761595317],[107.37896822896184,16.498121289859572],[107.37932771984556,16.498015097857966],[107.37942905222663,16.497985161838443],[107.37952760737549,16.497956753331398],[107.37978315393943,16.497883102739742],[107.3803783615115,16.497685306933075],[107.3808998313437,16.497523111146563],[107.38095514120462,16.497505906507357],[107.3814172905125,16.497378941794089],[107.38177984745174,16.497277030727222],[107.38177133990209,16.497254386036097],[107.38164371318949,16.496914510689241],[107.38164543161938,16.496914227331146],[107.38153798127713,16.496624219516434],[107.38142503627394,16.496308988743223],[107.38141270787679,16.496274579064835],[107.38125345043093,16.495830697786808],[107.38116787709048,16.49562373039516],[107.38116785007027,16.495623664758934],[107.38116216368667,16.495609884003823],[107.38116185166285,16.495608947178557],[107.38093673048861,16.494921457910216],[107.3808572830027,16.494696785447584],[107.38080800947942,16.494557443219502],[107.38065129808189,16.494079869908639],[107.3805136359839,16.493709068715578],[107.38042761108251,16.493468317266096],[107.38042225946703,16.493451199325399],[107.3803824556301,16.493341942425381],[107.38014857770061,16.492699974983214],[107.38014703082237,16.492695603248716],[107.38013282119249,16.49265554546491],[107.38011148492885,16.492595396251883],[107.3801013665594,16.492566864619004],[107.38009331783897,16.492544184768953],[107.38007009098776,16.492478735475366],[107.37986395655966,16.491856704539643],[107.37971718945472,16.49143695175016],[107.37962805660203,16.491175302779805],[107.37961729791621,16.491027772752911],[107.37961484488767,16.491020657028749],[107.37916152338109,16.4897058657772],[107.37682969099163,16.488272171795515],[107.37682825329576,16.488271287502048],[107.37521833943944,16.487169232538694],[107.37432668690194,16.48658454053994],[107.3716879398163,16.484854166343705],[107.37090453308645,16.484381291855932],[107.3697699467079,16.483658213204745],[107.36216843748741,16.478813723134639],[107.36480077369259,16.476239100661928],[107.36743310996164,16.473664478912102],[107.36955373020045,16.471590352310628],[107.3726977817535,16.468515234035568],[107.37274704380907,16.468465760168453],[107.37682801953659,16.46436191124404],[107.37682877939157,16.464361194393472],[107.37743349617566,16.463790765489286],[107.37720623081687,16.463602458725198],[107.37682874801258,16.463289682787803],[107.37682801036259,16.46328907236834],[107.35793591358797,16.449887844178427],[107.33904630537943,16.436484558792326],[107.31432778014455,16.418940269746809],[107.30158591928839,16.40992261250177],[107.30153623059496,16.409887445099834],[107.30155316096238,16.40984464020034],[107.3015832636262,16.409757580088108],[107.30160657098567,16.409669222199962],[107.30161587405925,16.409633956592657],[107.30163039776642,16.409585875155482],[107.30163486623377,16.409561472529433],[107.3016380209429,16.40950408067134],[107.30163716859123,16.40938866899733],[107.30163310651608,16.409343634241786],[107.30162816639367,16.409321739566646],[107.30162118622489,16.409302179031489],[107.30160150755025,16.409265071960718],[107.3015505790808,16.409198572220415],[107.30153914132894,16.409179277349104],[107.30151976548778,16.409138790970669],[107.30149266725884,16.409063623068622],[107.30140751093363,16.408847342821296],[107.30132471378622,16.408633482144712],[107.30128053561118,16.408527831184276],[107.30126349608499,16.408496262751466],[107.30123711668692,16.408455853074834],[107.30122464485203,16.408435289400529],[107.301196269754,16.408382202594861],[107.30118362433709,16.408354996366128],[107.30117074485948,16.408322610840656],[107.30114754597784,16.408256827036134],[107.30114074860022,16.40823592925604],[107.30113170021048,16.408208101823508],[107.30112613095952,16.408194619183703],[107.30111285465183,16.408168439790863],[107.3010828802103,16.408117590120654],[107.30104818633093,16.40806702161543],[107.30100817626771,16.408007932731334],[107.30097895349083,16.407972049442666],[107.3009393017134,16.407917398597213],[107.30091128606676,16.407879025870681],[107.30088069120035,16.407839478077118],[107.30085116524698,16.407791259546425],[107.30082875313829,16.407751774768354],[107.30081495126272,16.407723317328255],[107.30081136243379,16.407708475957644],[107.30081132016788,16.407675591112842],[107.3008152614118,16.407631098294907],[107.30081641748228,16.407608907334328],[107.30081338299762,16.407567265257178],[107.30081590029378,16.407538897340974],[107.30082378860892,16.407482244976094],[107.30083185968788,16.407440259902781],[107.30083879015038,16.407418675999406],[107.30085081763535,16.407390557122429],[107.30085615888818,16.40737629727084],[107.30087817998107,16.407305169491416],[107.30088763343974,16.40726923465277],[107.30089392682645,16.40723987680532],[107.30090317336625,16.407180535517249],[107.30091160051077,16.407083110742082],[107.30091157355054,16.407017222981239],[107.30090744770607,16.406940315368836],[107.30090122537788,16.406879088328768],[107.30089506824352,16.406849273351582],[107.30088717568454,16.406828435429944],[107.30086525057752,16.40678872758793],[107.30083823975492,16.406749589486743],[107.30080950701573,16.406702348741206],[107.30079250215134,16.406666461640125],[107.30078623032514,16.406647824690832],[107.30077983923451,16.406618009559566],[107.30077103944294,16.40655734284163],[107.3007577217172,16.406459167952999],[107.30074844578884,16.40642693893572],[107.30074176964436,16.406411644449591],[107.30073546751332,16.406401493399478],[107.30071986136434,16.406382753626012],[107.30069082237456,16.406345199678018],[107.30067361316389,16.406329978107991],[107.30064724906711,16.406316940944642],[107.30058925071289,16.406298276146394],[107.30053131232117,16.406281048875904],[107.30045897992676,16.406246839164979],[107.30042296711838,16.406229883937389],[107.3003897326376,16.406219019665734],[107.30037722820697,16.406212778663651],[107.30035318191177,16.406198103516616],[107.30033177937437,16.406179823780985],[107.30029264310487,16.406135774740171],[107.30026025104509,16.406096013411677],[107.30023260423516,16.406062069454702],[107.30022096924357,16.406045791253852],[107.30020911223285,16.406031247288563],[107.30019848093843,16.406014204663947],[107.3001679518903,16.405966759427795],[107.30014611937511,16.405929970233036],[107.30012996129804,16.405906149440103],[107.30011896244527,16.405884668849563],[107.30010366157188,16.405853910542525],[107.30009719539396,16.40583999049927],[107.30008842698859,16.405815254946038],[107.30007527444099,16.405746703134284],[107.30007115644267,16.405712232276674],[107.30007103717821,16.405690777988838],[107.30007550654261,16.405647723905744],[107.30008225972057,16.405573626800081],[107.30009003668937,16.405537821461195],[107.30010352851804,16.405503535382572],[107.30011488973136,16.40548131577297],[107.30014139453964,16.4054392110572],[107.30016059887424,16.405417631885527],[107.3001896413892,16.405391169637085],[107.30020280970739,16.405376899067768],[107.30023178377472,16.405338164965478],[107.30026828073295,16.405284851721639],[107.30028667887902,16.40525830819001],[107.3003406314817,16.405182832343634],[107.30037155268454,16.405138961890763],[107.30040921260833,16.40507742043523],[107.30042599597148,16.405052127712146],[107.30045591241799,16.405009013554441],[107.30049054823554,16.404957736138343],[107.30050648344871,16.404931393019783],[107.30051680958194,16.404910697013307],[107.30053438517203,16.404867848097542],[107.3005605564713,16.404796192490089],[107.30059210173977,16.404703191368206],[107.30063877465278,16.404568896677336],[107.30065957604373,16.404495849933433],[107.30066787227814,16.404458925919492],[107.3006705499395,16.404437906250831],[107.30067196191339,16.404409535080205],[107.30067301416831,16.404395387258386],[107.30068531366805,16.404288748810927],[107.30069192458153,16.40424906261158],[107.30070099827243,16.40419619151611],[107.30070371376549,16.404169632729353],[107.30070504377238,16.404114385605393],[107.30070356669496,16.404040487054935],[107.3007033618147,16.404003553164259],[107.30070682667282,16.40388007646985],[107.30070370574862,16.403802403477474],[107.3007061117837,16.403731526704888],[107.30071104185581,16.403669714037033],[107.30071367534431,16.403619061747399],[107.30072153028802,16.4035115595509],[107.30072340737776,16.403499745193493],[107.30079241730493,16.402917426356545],[107.30076732881901,16.402840729319649],[107.30074554079076,16.402752122832194],[107.30073352652539,16.402687479308224],[107.3007212932349,16.402602609398311],[107.30071653712901,16.402552864641024],[107.30072003523313,16.402517244378149],[107.30072697369216,16.402453910079647],[107.30073127702565,16.402436393130412],[107.30074339225406,16.402402219682777],[107.30077152968958,16.402338133763116],[107.3007879301873,16.402307201733521],[107.30083483104652,16.402229442523172],[107.30093304341473,16.402076215562889],[107.30098948472371,16.401990562780853],[107.30101977847636,16.401949175369737],[107.30109426710305,16.401856135693368],[107.3011326743097,16.401810455913573],[107.30119182088403,16.40174324694825],[107.30126487272098,16.401664535422828],[107.3013146290031,16.401612910739377],[107.30141618466837,16.401511738449596],[107.30144140070675,16.401489673281432],[107.30149497637296,16.40144879685057],[107.30153023087587,16.401423222235263],[107.30157682732049,16.401388783938085],[107.30159766156382,16.401369279997592],[107.30164095023088,16.401317389143557],[107.30169417270463,16.401244016078884],[107.3017214233074,16.40120786005701],[107.30177142869593,16.401149503188282],[107.30181531530849,16.401084638456659],[107.3018337590147,16.401050395637839],[107.30188461660369,16.400936457205319],[107.3019080312705,16.400878609371915],[107.30193960319561,16.400791147478408],[107.30194412634376,16.400767025212577],[107.30194423914541,16.400717006732123],[107.30194592294136,16.400670138333862],[107.30194283983991,16.400647436427956],[107.3019404591052,16.40064037087927],[107.30174682183112,16.400457039377642],[107.30164289780402,16.400264309764111],[107.30167210014748,16.39997220205473],[107.30176441095965,16.399864183887239],[107.30191957272878,16.399818060552047],[107.30213825650078,16.399779548709784],[107.30234009985453,16.399685277693518],[107.3025263856339,16.399495608002045],[107.30269351236008,16.399146808692947],[107.3028020554531,16.398702232292763],[107.30289837475726,16.398296030449597],[107.30309103157673,16.397838982248562],[107.30313067986489,16.39748622556694],[107.30305782774401,16.397211915752084],[107.30290114332787,16.397041965767393],[107.30249066746651,16.396872356501],[107.30219977775781,16.396530242393784],[107.30205640326945,16.396127637731084],[107.30205105503543,16.395715703910536],[107.30206774132819,16.395656515103454],[107.30212313396243,16.395460021080947],[107.30211903266405,16.39544137028857],[107.30163696405678,16.393249186681253],[107.3012384628645,16.392428314473491],[107.30086159200731,16.391869128937433],[107.30035813406781,16.39152541146219],[107.30034086751368,16.391169935887152],[107.30041435136452,16.390804098989936],[107.30085098796687,16.389776800043911],[107.30108231500589,16.389355730116169],[107.30109179633756,16.389033238420403],[107.30111832228891,16.388630194219381],[107.30105808388596,16.388458836469422],[107.30075708626428,16.387889149257237],[107.30033925423591,16.387766757356022],[107.29993866219536,16.387483204565623],[107.29969720567546,16.387176052678189],[107.29936352946771,16.386924170490214],[107.29889107013889,16.386843071622845],[107.29796144128882,16.386907657281384],[107.29773683363584,16.386889466695639],[107.29709468084428,16.386826775543245],[107.29675243001367,16.386748276462054],[107.29625741602671,16.386587663279904],[107.29600139634749,16.386453604453905],[107.29589078832942,16.386381481705349],[107.29582768253829,16.386340333544869],[107.29544441283139,16.386084393891267],[107.2949442435436,16.385822277218804],[107.29427818779197,16.385431460784226],[107.28963766609824,16.383477696787203],[107.28836246572671,16.382940782336988],[107.28833424668414,16.382926589807347],[107.28809172576489,16.382790398387652],[107.28802530255486,16.382753122191108],[107.2875555153976,16.382610829268938],[107.28693135926066,16.38244397461775],[107.28655162723489,16.382301622339373],[107.28565682058093,16.381781048997627],[107.2854058777888,16.381644645678993],[107.28523834349937,16.381508253599229],[107.28509674244027,16.381396620124264],[107.2849447833882,16.381353178631379],[107.28485865733209,16.381328576902543],[107.28451583566876,16.381282499047078],[107.2844470165369,16.38126084757236],[107.28423874394664,16.381180976744066],[107.28395824704987,16.381140170845246],[107.28360402212017,16.381038294562174],[107.28343460885694,16.380929728009754],[107.28313634717981,16.380576277570857],[107.28299143883876,16.38037128169886],[107.28255458570298,16.379929068090533],[107.28183128867862,16.379389391198174],[107.28163721927662,16.379158715112037],[107.28162478661498,16.378890704857771],[107.2817365912762,16.378607809457439],[107.28185766024852,16.378266632435487],[107.28219818259812,16.378141314668333],[107.28254072196827,16.378089129519147],[107.28293595831997,16.377776899686417],[107.28290000524906,16.377292360337815],[107.28291523191579,16.376914339782708],[107.28303368478961,16.376650344246936],[107.28338266412369,16.376869094121478],[107.28367250757499,16.377114318133646],[107.28400249413217,16.377174161838337],[107.28403971832223,16.377108680971702],[107.28415203467283,16.376776500327129],[107.28428569720418,16.376371627652983],[107.28433393785309,16.376262572507208],[107.28444654542523,16.376127493296806],[107.2847255820602,16.375919619926783],[107.2849132749089,16.375722170771155],[107.28506877509659,16.375535158552388],[107.2851329861347,16.375400230708003],[107.28526167541106,16.375249590633796],[107.28541203998979,16.375202657939472],[107.28564829904573,16.375186795977672],[107.28581464646317,16.375172024886009],[107.28603651353087,16.375208789415783],[107.28649315212367,16.375265281153272],[107.2868783955111,16.37526817755057],[107.28709872992208,16.375309354441463],[107.28724525175745,16.375431061543829],[107.2873623978531,16.375550806815145],[107.28767050186879,16.375931747820193],[107.28795710221944,16.376102239705155],[107.28815281002323,16.376225819575648],[107.28823985428488,16.376247088377941],[107.28845232358773,16.376245448490085],[107.28855248126978,16.376241069674077],[107.28863784238845,16.376269661521103],[107.28876696530472,16.3763550257889],[107.2889248662914,16.37658437988043],[107.28899520984909,16.376714359277258],[107.28905588462473,16.376818351807156],[107.28913042598489,16.376905980981459],[107.28923341580195,16.377021828150255],[107.28932106760975,16.377095249513474],[107.28939780591256,16.377139798556342],[107.28953590308218,16.377112494472172],[107.28967280092184,16.377075209933036],[107.28977546005952,16.377047252501068],[107.28987565373082,16.377004747291917],[107.29027528271661,16.376877040238277],[107.29080145209507,16.376725839329961],[107.29123072637445,16.376445002136677],[107.29163319958812,16.376216162249502],[107.29182928382716,16.376092857687517],[107.29193912369209,16.376023785930379],[107.29228789162823,16.37580540962675],[107.29261517554841,16.37556628368749],[107.29281881126964,16.375270208530061],[107.29305986945579,16.374834096866536],[107.29327962227092,16.37448621286951],[107.29349946882348,16.374268016077007],[107.29364971837181,16.374205542388825],[107.2939075336834,16.374205178077176],[107.29406868029737,16.374236136775252],[107.29421384892215,16.374339679695673],[107.29438634626369,16.374759674128036],[107.29443388599547,16.374940244659324],[107.29516537564065,16.374872723071331],[107.29590087201169,16.374674495026873],[107.29624994458516,16.374601433750552],[107.29668455704595,16.374517768214851],[107.29702988847349,16.374616365831329],[107.2975419516896,16.374862078888881],[107.29775320411551,16.374478130913015],[107.29819764456708,16.374138075832985],[107.29881087350718,16.37408928737916],[107.29911687575532,16.37401628562699],[107.29915409693119,16.373995421488559],[107.29917309658465,16.373984771512458],[107.2994603267724,16.373823751478881],[107.29966995986331,16.373787126761425],[107.30015193933571,16.373702120937033],[107.30088567580279,16.373535759397178],[107.30144717104429,16.373343566942857],[107.30204836429584,16.373109365467769],[107.30255827005058,16.372869952386022],[107.3027002845685,16.37275063990856],[107.3029714683618,16.372625537612539],[107.30323989197466,16.372526550723041],[107.30371242786408,16.372458449170786],[107.30409912838162,16.372452742577611],[107.30447310881149,16.372452206485544],[107.30460941058786,16.37245200643428],[107.30517333590022,16.372399312648454],[107.30549550853118,16.372315791109173],[107.30562967230524,16.372263730174637],[107.30577982442125,16.372087103103304],[107.30604775527408,16.37167163182156],[107.30624607030614,16.371401578123521],[107.30660859920899,16.370953885360791],[107.30682504990129,16.370679552769772],[107.30707678760558,16.370212237179679],[107.30714066241282,16.370117334791036],[107.30723761211026,16.369973326345992],[107.30755385810816,16.369578561912089],[107.30779519305996,16.369344686099513],[107.30803657707827,16.369141988294327],[107.30824590813216,16.369032787822604],[107.30832850020646,16.369042322448852],[107.30846481330637,16.369093882575555],[107.30865958687963,16.369104841597583],[107.30880458175048,16.369099380850855],[107.30898707754682,16.369010912411948],[107.30914799057189,16.36894831797952],[107.30930977748416,16.369028237342409],[107.30941135817307,16.369036134915039],[107.30958848427811,16.36898915442362],[107.30983520540862,16.368905197555627],[107.31020041486626,16.368692555408305],[107.3103720644058,16.368552223845754],[107.31061882539881,16.368323577805292],[107.31082781097659,16.36805865058232],[107.31093501079928,16.367892479253968],[107.31110139400907,16.367798877804994],[107.31128309204381,16.367811753266619],[107.31153624721331,16.367699638503247],[107.31177785880358,16.367590386627494],[107.3121175420122,16.367395125902153],[107.3122769104383,16.367190192877498],[107.31251277180189,16.366873362978929],[107.31280203602488,16.366411214098203],[107.3129737155915,16.366234552510317],[107.31324193255062,16.366078438980047],[107.31368206137468,16.36582881118342],[107.31402548352244,16.365636342563526],[107.31411130090019,16.365563559851633],[107.31425062528747,16.365355849530712],[107.31432725881774,16.365111923174094],[107.31432727782621,16.365111868761783],[107.3143468338283,16.36504961444172],[107.3143839154058,16.364764161429633],[107.31444801173541,16.364572110872441],[107.3145604102105,16.364322878632013],[107.31478029499505,16.364089114827994],[107.31487676264727,16.364006009217544],[107.31502167619242,16.363896800410135],[107.31512865412095,16.363652818461155],[107.3153049673826,16.363045518031456],[107.31544776351986,16.362665267972506],[107.31559913045018,16.362256480425124],[107.31580790599597,16.361758125522893],[107.31614537184397,16.361238788387606],[107.31632414600718,16.361017161096381],[107.31672988865105,16.360568604211778],[107.31726375466056,16.360495717873931],[107.31759515943062,16.360503930871829],[107.31779037879363,16.36030613179982],[107.31796701917068,16.360105144902835],[107.31818014989409,16.359714203889098],[107.31832889013793,16.359601191324071],[107.31853247996604,16.359310429611082],[107.31875756776795,16.359003903623215],[107.31886479612835,16.358863663605071],[107.31905255207006,16.358738938595653],[107.31932094850873,16.358639929994979],[107.3194498308857,16.358463332048157],[107.31964292158042,16.358276233152829],[107.31985211229826,16.35809435448796],[107.32016323457698,16.357855212594178],[107.32050650208461,16.35757977399857],[107.32068984743979,16.357200653258719],[107.32090571579876,16.357114288334014],[107.32147173900378,16.35665468914052],[107.32189558275584,16.356373886025054],[107.32247492526611,16.355931985053598],[107.32291475111474,16.355583734337117],[107.32309308996115,16.355433138816558],[107.32329025124852,16.355277063390773],[107.32368968255606,16.354984357986009],[107.3240953069996,16.354860742292928],[107.32409685585091,16.354860294287576],[107.32459986683006,16.354714742994307],[107.32478559986295,16.35461802829138],[107.32578746580603,16.354919950893585],[107.3264468930425,16.355027917005025],[107.32662908711914,16.355054028522201],[107.32706796049499,16.354978518209425],[107.32758741849437,16.35478385831335],[107.32815716827237,16.354383073165682],[107.32886581576487,16.353642716452903],[107.32908070577479,16.353355629758191],[107.3292578900201,16.353072579721353],[107.32938424752214,16.352842197803799],[107.32947246839795,16.35253903750657],[107.32945912769158,16.352114939074049],[107.32948405381133,16.351908940897829],[107.32976243529443,16.351581354116107],[107.33019601583244,16.351089860055627],[107.33028062445457,16.350917840037962],[107.33032037712444,16.350793700336968],[107.33032483762162,16.35049275013084],[107.33043171543086,16.350506662445795],[107.33057650497511,16.350505369658318],[107.33090771563739,16.350502932939076],[107.33099221637448,16.350498313075516],[107.33118731766986,16.350487647077895],[107.33121001488378,16.350486405808724],[107.33163187137066,16.35043529347497],[107.33222022794763,16.350386461955484],[107.33269905504312,16.35034950786488],[107.3329921730419,16.350371419309411],[107.33320172827854,16.350483968647698],[107.33344571049101,16.350710424743095],[107.33351925806717,16.350778689675703],[107.3336921467528,16.351030986312416],[107.33382885394197,16.351328130755316],[107.33388707721409,16.351454683275783],[107.3339175699268,16.351490722704728],[107.33400425104109,16.351593173007871],[107.33419031692841,16.351743210531332],[107.33422625648379,16.351772191071262],[107.33453602062204,16.351890018859756],[107.33458776048029,16.351909699192163],[107.33459486690333,16.351912858141834],[107.33518591392736,16.35217557227622],[107.33531781433602,16.352219567098878],[107.33598495616653,16.352442086679137],[107.33605220152978,16.352472268974289],[107.33630662329809,16.352586460857012],[107.33694066104913,16.352877318007863],[107.33698968299326,16.352899805727127],[107.33700601391406,16.352912537411971],[107.33719907346574,16.353063047107867],[107.33738150114709,16.353207560514793],[107.33756910814111,16.353356175397909],[107.337619677736,16.353420621177111],[107.33771624376659,16.353524621208749],[107.33783705742491,16.353683383053145],[107.33789872649672,16.353786216493937],[107.33793969808916,16.353877360498274],[107.33799935739958,16.354042339605861],[107.33801698565338,16.354091087063551],[107.33804687222485,16.354204279932485],[107.33805875516823,16.354377689372008],[107.33805708690532,16.354433869908224],[107.33804075817748,16.354536053224106],[107.3380270469428,16.35462185275448],[107.33802988846762,16.354707173131398],[107.33802378067431,16.354742470811871],[107.33801485714319,16.35477106327043],[107.33790646343977,16.354866405572107],[107.33788918033966,16.354884050656413],[107.33782025314662,16.354954422735151],[107.3377186859349,16.355081987614088],[107.33765592242486,16.35516081550124],[107.33760922174608,16.355219469750601],[107.33752265844613,16.355361869506755],[107.33737321236661,16.355657277376466],[107.33730685003798,16.355827826143138],[107.33730019738093,16.355847706512698],[107.33729687417048,16.355857633563883],[107.33724933956782,16.355999674187153],[107.33722949490522,16.356111353061671],[107.33722334529709,16.356196986457949],[107.33722360476871,16.356201018962889],[107.33724467501462,16.356528643172904],[107.33724659823061,16.356558540766422],[107.33726775842636,16.356644507948136],[107.33734839106539,16.356876793555809],[107.33736402683957,16.356916608890444],[107.33737677360971,16.356949067570042],[107.33742645634972,16.357073004151697],[107.33744319790286,16.357114764819858],[107.33751502449016,16.357242315708518],[107.33766690248228,16.357462366303924],[107.3378255508389,16.357653535618155],[107.33796694797766,16.357803350025659],[107.33799045461714,16.35785288134127],[107.33799476839842,16.357870974147549],[107.33801055809342,16.357937204227849],[107.33799391749926,16.358038583393473],[107.33798164770639,16.358088999741145],[107.33790643372528,16.358257260256714],[107.33779605023828,16.358409505897161],[107.33771232612331,16.358502752327492],[107.33763724688302,16.358562072217545],[107.33753407661293,16.358622739191919],[107.33747003710214,16.358646675887798],[107.33728456457038,16.358605879371254],[107.33716986142419,16.358590445457235],[107.33695862494079,16.358606785906339],[107.33683773183526,16.358607979403704],[107.33678585795505,16.358608491833568],[107.33673313517571,16.358605762417191],[107.33624607677332,16.358580549501355],[107.33597957709642,16.358590479240558],[107.33586379283439,16.358607875392888],[107.33573212841969,16.358627658196593],[107.33550139582118,16.35872650393156],[107.33538736935985,16.35880097652019],[107.33534315374779,16.358848183272581],[107.33524950763646,16.358980797909965],[107.33523539067338,16.359013100264168],[107.33516873086451,16.359165634093547],[107.33515670797998,16.35921067975687],[107.33513341466303,16.359297954136821],[107.33508850777922,16.35954904643939],[107.3350797762116,16.359821031984737],[107.33508627419373,16.360182687742228],[107.33510538194255,16.360559697469903],[107.33510607761781,16.360573419289217],[107.33511568949889,16.360763058143629],[107.33509915629314,16.36104086212362],[107.33508279262757,16.361155188994285],[107.33505195428344,16.361295595208855],[107.33497303536669,16.361422584700811],[107.33497056641147,16.361425917541595],[107.33480336824822,16.361651643241846],[107.33479663554328,16.361663962288379],[107.33469085081489,16.361857517827808],[107.33460935663813,16.362006626992901],[107.33454066045644,16.362107799210012],[107.33442164766342,16.362224149609311],[107.33434343549926,16.362311817003178],[107.33408519870578,16.362536862394524],[107.33381678535429,16.362700606886772],[107.33370704027887,16.362803216830166],[107.33353212931014,16.362991565103851],[107.33342226480802,16.363069364967167],[107.33320237071567,16.363200165025088],[107.3328770886289,16.363427800583658],[107.33278099648324,16.363491761358762],[107.33252169580059,16.363664355970897],[107.33234085451721,16.363773141734885],[107.33228609965479,16.363799766591093],[107.3322227587081,16.363830566217754],[107.33214996340834,16.363882788507023],[107.33199559508279,16.363963247075148],[107.33155709068673,16.364252071635597],[107.33152926416568,16.364270399544637],[107.33145271451828,16.364320819416143],[107.33104493465351,16.364672894397696],[107.33068293156015,16.364939824253419],[107.33041880902252,16.365110062573724],[107.33009308472887,16.36530488415341],[107.3300783217671,16.365311415497967],[107.32981601649666,16.365427460959225],[107.32967386903853,16.365460309262659],[107.32954442745175,16.365490221800918],[107.3293410542633,16.365564178261792],[107.32924281629964,16.365630996220528],[107.32920057335856,16.365696358005536],[107.3291900432293,16.365701680708575],[107.32916986131713,16.365734449218461],[107.32916891299659,16.365735358575641],[107.32916272272654,16.365746039084932],[107.32901073200178,16.365992813453236],[107.32898052289228,16.366136178161817],[107.32895031187053,16.366279541987439],[107.32895023421986,16.366302401990986],[107.32894956019622,16.366499512654517],[107.32900311703393,16.366563399748383],[107.32908751340744,16.366712785695903],[107.32917528914921,16.366807422762722],[107.32921960282215,16.366837246216832],[107.32923389537959,16.366843965486666],[107.32928241678341,16.366879520382458],[107.3293499905013,16.366924998536454],[107.32941972081953,16.366959656498388],[107.32956168157391,16.36703021482516],[107.32984749564274,16.367122659570942],[107.33024470512341,16.367213869721876],[107.33072940764326,16.367375816882479],[107.33105419992408,16.367623190508997],[107.33124312625725,16.367895971009091],[107.33131994647582,16.368110237279659],[107.33128920559574,16.368648372107913],[107.33131116248761,16.368721422751694],[107.33135364903698,16.368862775413945],[107.33151682749137,16.36905218326018],[107.33176681993828,16.36913954277821],[107.33181516449598,16.369156436919042],[107.33218648751564,16.369152322331306],[107.33280493169532,16.369109614687751],[107.33301579981,16.36909842045543],[107.33305616166383,16.369074642366652],[107.33328816376593,16.368980968227238],[107.33340952439691,16.36895338406298],[107.33362674210508,16.368948793899357],[107.33375882158255,16.368964945163508],[107.33413126486435,16.369085002990325],[107.33438962893169,16.369222186129676],[107.33454672723086,16.369332824544671],[107.33458623232134,16.369425604915708],[107.33459137663971,16.369509537552528],[107.33450185601433,16.369754009806766],[107.33442194207348,16.37007321849158],[107.33440289320605,16.370239187813009],[107.33435722304424,16.370562370004798],[107.33439862270943,16.37092043956104],[107.33442838392497,16.371003445064996],[107.33450105598928,16.371206126406715],[107.33475223433301,16.371598174214711],[107.33484148310093,16.37184936887931],[107.33536994592957,16.373067586185385],[107.33537610685313,16.373181354106624],[107.33538447401409,16.373335876863955],[107.33539978101963,16.373618569549475],[107.3352877891555,16.373924265901788],[107.33521012332679,16.373994615667989],[107.3350015918915,16.37418350448343],[107.33447789000475,16.374365478119135],[107.33384343947303,16.374485891671359],[107.3332881897764,16.374621856588639],[107.33297039209967,16.374850386954488],[107.33295385607823,16.374892059756366],[107.33279452272572,16.375293601077303],[107.33287210310786,16.375679341388693],[107.33300310791137,16.375869103908517],[107.33340204290751,16.37610369871296],[107.33391855426983,16.376231819774322],[107.33467317685412,16.376395540631435],[107.33522747730431,16.376370266529879],[107.3356631780746,16.376365429549459],[107.33595102728806,16.376419597849605],[107.33614065166323,16.376541782253856],[107.33620166002302,16.376674955255911],[107.33625379081774,16.37689427337968],[107.33625673451786,16.377027905094227],[107.33626030384468,16.377189927480611],[107.33621525457605,16.377281946098336],[107.33611712797646,16.377380156900987],[107.33600420226054,16.377461348896812],[107.33596202679325,16.377537442471322],[107.33595445436994,16.377589813967372],[107.33594737122269,16.377754634087598],[107.33592601131718,16.377977994328589],[107.33592325058635,16.378063736401479],[107.33594501721394,16.378190050437556],[107.33598423846537,16.378256874834744],[107.33606302903463,16.378290469942112],[107.3361542525936,16.378293143497189],[107.33624551657324,16.378283897422488],[107.33632690654646,16.378279391683829],[107.33646237329607,16.378322698969846],[107.33658546511182,16.37838263023097],[107.33669719910651,16.378493169114176],[107.33680167043498,16.378614367133412],[107.33694395281233,16.378829188189627],[107.33702486888517,16.378965212881081],[107.33709345448679,16.379098822496744],[107.33715479232869,16.379191914925627],[107.33721646259485,16.379254098264571],[107.33722114161691,16.379258816093561],[107.33731461014936,16.379325811558068],[107.33744759223056,16.379376249845446],[107.33762059626918,16.379411567920695],[107.33783361728329,16.37943652923833],[107.33811002090064,16.379456553461257],[107.33811555148775,16.379456954510204],[107.33828784933507,16.379446398367442],[107.33848069702545,16.379393804537731],[107.33870373693506,16.379309622601909],[107.3388511061804,16.379235377060745],[107.33905860436586,16.379124071245847],[107.33934790084894,16.378884408410272],[107.33944203688154,16.378756073320435],[107.3395223848794,16.378491607646559],[107.33953007634115,16.378239467188866],[107.3395577965713,16.37806090330319],[107.3397767632962,16.377473244078875],[107.33990322685673,16.377098745776607],[107.33991976485343,16.377009140447399],[107.34002530415989,16.376777959354889],[107.34034882610884,16.376501879356205],[107.34069668284758,16.376397621767264],[107.34091948291596,16.376395142637769],[107.34127128290723,16.376486047488449],[107.34152965445139,16.376559657697239],[107.34168946086925,16.376672607252967],[107.34182013075349,16.3768336848043],[107.34188228478681,16.377062450494211],[107.34190585800594,16.377377691023334],[107.34175724154294,16.37820156750081],[107.34174644660594,16.378268872420247],[107.34171566158186,16.378460807875918],[107.34167428712529,16.378718769496864],[107.34167203625024,16.379359362681644],[107.3417633274302,16.379539999216618],[107.3419237076981,16.379700745645362],[107.34208653224132,16.379738120922045],[107.34224149809994,16.37977369282083],[107.34266775824136,16.379807188912991],[107.34295492859985,16.379803990197136],[107.34352098433175,16.379756317605072],[107.34424589982071,16.379621094278932],[107.3443647446319,16.37959219606277],[107.3448516373363,16.379447272741402],[107.34503978260639,16.379445175169675],[107.34532832354269,16.379556686083983],[107.34534074922286,16.379563992208929],[107.34556769677532,16.379697426893063],[107.34591725421498,16.379942107053036],[107.3463377318041,16.380319844115547],[107.34638269474908,16.380334107193587],[107.346745333082,16.380449146205965],[107.34714211599028,16.380502082564924],[107.34761766043435,16.380515896680599],[107.34847123628188,16.380448982585822],[107.34905698568427,16.380417131571356],[107.34915272790072,16.380498528033819],[107.34926060824195,16.38058328218753],[107.35031380716029,16.381410701803961],[107.35132605093554,16.382394141821738],[107.35258640762008,16.38352055465133],[107.35415483463069,16.383585727710411],[107.35427993777709,16.383602285145376],[107.35474541786476,16.383663891609054],[107.3548541673069,16.383678283969545],[107.35513082808716,16.383761028802116],[107.35577854826225,16.383954749560381],[107.35662112712815,16.384308892731994],[107.35680880469347,16.384387774098414],[107.35739276025316,16.384768433454894],[107.35759779063551,16.384925137578861],[107.3591781600574,16.38560960240827],[107.36064598717272,16.386190665813618],[107.36119552651833,16.386590819963526],[107.36147332106687,16.387041828869386],[107.36148927778052,16.387311488209772],[107.36150441555705,16.387567311820447],[107.36138639333348,16.388046667414933],[107.36119266027208,16.388407365861003],[107.36080029517615,16.38872249170868],[107.36038173344568,16.388918403552253],[107.35991135269603,16.388923684420003],[107.35948962311356,16.388856713807964],[107.35899419791751,16.388838371619297],[107.35862313252804,16.388866437189392],[107.35857996306362,16.388873881032616],[107.35842104774524,16.388901284168981],[107.35817837181118,16.38894313116025],[107.35788330328975,16.38911375186898],[107.35758852089727,16.389308270201173],[107.35739477942221,16.389668966179265],[107.35717858129459,16.390221125219178],[107.3569436634732,16.391275427275886],[107.35653774261236,16.392522859781291],[107.35644935295269,16.393408207753083],[107.35648906388062,16.394650642758428],[107.35638042143805,16.39636286232269],[107.35637599553347,16.396397291258772],[107.35631935163318,16.396692692148065],[107.35613405633936,16.397659007528183],[107.35613945102048,16.397673736906395],[107.35625544668643,16.397990415654068],[107.35616062565521,16.398531300980764],[107.35606746956054,16.399036755783513],[107.35606739349494,16.399037589537656],[107.35602241915855,16.399529336624052],[107.3560813188396,16.400175021861699],[107.35600519225517,16.400736910337397],[107.35576440477578,16.401386639176689],[107.35543463279933,16.401850151645025],[107.35516683157628,16.402033655240015],[107.35470847930183,16.402135476784451],[107.35376697926215,16.402226333360915],[107.35309289693917,16.402394749923879],[107.35276784588621,16.402645652556306],[107.35255969482039,16.402979945152477],[107.35250729489438,16.403047723382819],[107.3523777031523,16.403752616123153],[107.35262550775067,16.404433911352609],[107.35313965506154,16.405344180174051],[107.35347524404762,16.40572252077413],[107.35374252538995,16.405803382262746],[107.35439762516418,16.405540615488196],[107.35461611736181,16.405414914834441],[107.35479116763298,16.405234922852486],[107.35515522589382,16.40442364134946],[107.3556854368605,16.403913057070543],[107.35633585978179,16.403506546697304],[107.35744045264806,16.402974345606836],[107.35787786074845,16.402590548160379],[107.35839702713869,16.401972302219594],[107.35869014802888,16.401695005402214],[107.35911146967521,16.401496096044713],[107.35922110896804,16.401467781136208],[107.3598792163134,16.401297818852207],[107.3603559931092,16.401174685157265],[107.36106666122821,16.401089820728547],[107.36162751019577,16.401061440517413],[107.3622315835547,16.401153535424363],[107.36251152810921,16.401286774957171],[107.36263622090576,16.401448409240295],[107.36281977886817,16.401686349407928],[107.36290240700984,16.401793457338773],[107.3632212246021,16.402090950866569],[107.36366875327258,16.402423282631908],[107.3638686663076,16.402561357332154],[107.36410210882094,16.402663665384431],[107.36441987804884,16.402664635574322],[107.36468810726232,16.402569158502381],[107.36517962678585,16.402216035338476],[107.36569943622266,16.401964444460923],[107.36581490989381,16.401925472224878],[107.36603498681717,16.402003060079629],[107.36644380636169,16.402147188540656],[107.3669080185184,16.402585194641645],[107.36706526696537,16.40273356530221],[107.36713528356269,16.402799628377149],[107.36754890010755,16.403585127999317],[107.36776299270525,16.40479084608765],[107.36782798233671,16.406200672288499],[107.36801232173825,16.407333601696958],[107.36803137373262,16.407396924445496],[107.36814132341273,16.407762371437801],[107.36844233819244,16.408081645733184],[107.36852047056087,16.408123033475409],[107.36892832338411,16.408339078718086],[107.36943834592795,16.408536485851119],[107.37003372340595,16.408625373047649],[107.37066216750148,16.408648978254543],[107.37101228985293,16.408662128674525],[107.37194354581568,16.408710517190638],[107.37327948904019,16.408779926669403],[107.37414750852656,16.408889621336904],[107.37427129180836,16.408895684444076],[107.37553503358771,16.408957583861408],[107.37613047106072,16.409033841770409],[107.3768282444051,16.409308784468077],[107.37689633915502,16.409358485757238],[107.37697962265331,16.409419271751716],[107.377154046489,16.409754868778112],[107.37751267581262,16.410303957472138],[107.37780339940937,16.411085878756829],[107.37806672985982,16.411690993253011],[107.3784351238657,16.412637245230233],[107.37847471309721,16.412724817381552],[107.37867666181262,16.413171524279228],[107.3788081568581,16.413462389182381],[107.37921114328245,16.414382101203778],[107.3793728887937,16.414819079142735],[107.37951403864759,16.41520041182374],[107.37990124756284,16.416093137605735],[107.37995740546209,16.416145883421482],[107.3801961629914,16.416370130990042],[107.38056639519128,16.41651966355801],[107.38074417543609,16.416549252745298],[107.38096061995512,16.416585276793914],[107.38137457328162,16.416828170672918],[107.38176471649606,16.417293600766914],[107.38232726881323,16.417920121944299],[107.3827724928655,16.4183046502217],[107.38354049937402,16.419036890393258],[107.3840959397307,16.419897479182701],[107.38438469898963,16.420199186535751],[107.38465457806218,16.420481166542576],[107.38493435836506,16.420795591075745],[107.38522756179566,16.421125098383648],[107.38535735465851,16.42122634888992],[107.38575151691235,16.421327034785374],[107.38641991130137,16.421271622732611],[107.38652706236057,16.421263873923568],[107.3868957021228,16.421237214226203],[107.3869917465631,16.421230268115899],[107.38749852534471,16.421000726623959],[107.38771900229139,16.420888977644985],[107.38784726727751,16.42069495862722],[107.3879447328996,16.420394069356153],[107.38829684578234,16.41938400803847],[107.38843162001972,16.419290217581715],[107.38863050738463,16.419207540228669],[107.38878575305625,16.419181604339787],[107.38923768511245,16.419194829551117],[107.38965739341921,16.419206903063312],[107.39036306774696,16.419640113177394],[107.39105283025791,16.42008427326601],[107.39229495800032,16.420961724493942],[107.39284868126623,16.421506084061225],[107.39303648704724,16.421961835460603],[107.3929951348356,16.422307043817373],[107.3927787043817,16.422750546678223],[107.39274169527151,16.422816888236145],[107.39257027929412,16.423124163253188],[107.39215727069136,16.423222103289621],[107.39202791152776,16.423196732475645],[107.39181966908745,16.423182881353753],[107.39172255312687,16.423267212335425],[107.39160091887058,16.42362717136492],[107.39156011442152,16.423827038391746],[107.39154003754744,16.423925375604249],[107.39149265835046,16.424274904707158],[107.39163464007704,16.424790736971001],[107.39188091983792,16.42551150366592],[107.3921943970908,16.42626749093397],[107.3929319878448,16.427169703248975],[107.39334267635496,16.427595941758884],[107.39354615291073,16.42765962555865],[107.39368856179152,16.427656337613829],[107.39424264925013,16.427643544797032],[107.39470737399513,16.427843950781597],[107.39534691867787,16.428376921307184],[107.3956194946947,16.428799712476216],[107.39577747672504,16.429111498886879],[107.39584634376085,16.429618162320331],[107.39583266551048,16.430465885721208],[107.39579241517775,16.430916080177184],[107.39571743176218,16.431433978277617],[107.39559440891263,16.431813814901606],[107.39549886618936,16.432108804032229],[107.39527952668811,16.433030218596148],[107.39483279908025,16.434307220742937],[107.39473035057036,16.435232188229552],[107.39463783320546,16.435928315815165],[107.39468172250869,16.436484059469429],[107.39469449131796,16.436902486841646],[107.39476506393055,16.43737816798842],[107.39510115653006,16.437670776955546],[107.39560306336408,16.43780162324332],[107.39588033062319,16.437880049135376],[107.39634846019887,16.437950980734687],[107.39763327545268,16.437989466148903],[107.3987972324893,16.438282726917585],[107.39966210805926,16.438204025355585],[107.40047698657018,16.437643806598796],[107.40084177326949,16.437291233923439],[107.40090705444365,16.437254001573994],[107.40128687017902,16.437037374454437],[107.40267357229303,16.436839361017068],[107.40299903872385,16.436641989685519],[107.40311542250494,16.436483989589373],[107.40320214106117,16.436366245103418],[107.40324238770251,16.436130116431773],[107.40317586571368,16.43547721672741],[107.40303608868757,16.434855910429167],[107.40301914594853,16.434541177612815],[107.40296960368094,16.43421873438799],[107.40287137170243,16.433990733543919],[107.40267328841828,16.433698190624554],[107.40264257036311,16.433652823857702],[107.40251168051779,16.433393434727961],[107.40249490130203,16.4331574146827],[107.40259199697671,16.432834693281229],[107.40278641356895,16.432299320164393],[107.40289157872422,16.431937184079967],[107.40293959713404,16.431520022937285],[107.40301192706563,16.431040014645056],[107.40304037845321,16.430722546637618],[107.40303337216251,16.43059771822292],[107.40305950834903,16.430505073529243],[107.40313356633202,16.43043396453114],[107.40347896433012,16.430232612888915],[107.40360116589031,16.430161374848275],[107.40394283014408,16.429941690604466],[107.40395880762624,16.429932119131173],[107.40435348961326,16.429695669640815],[107.4048815285649,16.429585579283515],[107.40534168018272,16.429666580569108],[107.40568414628517,16.429881482153828],[107.40591062075157,16.430393867002497],[107.40614013097867,16.4308658918075],[107.40635261980921,16.43137182931952],[107.40645139593693,16.431859470699276],[107.40647664001767,16.432244940480185],[107.40649772183437,16.432610725584418],[107.40650198883658,16.432685544877287],[107.40647834122439,16.433063258641567],[107.40633406415901,16.433763031743911],[107.4062330428162,16.433891879758978],[107.4057928551464,16.434453313937706],[107.4055623595,16.434966166367118],[107.40550190735065,16.435415320697253],[107.40558188911932,16.435829203970417],[107.40570197044815,16.436177520247316],[107.40577267254459,16.436483964355773],[107.40583057397436,16.436734947891424],[107.40594863272118,16.43721902012625],[107.40618382924769,16.437924006697987],[107.40658451549159,16.438907011630874],[107.40707009760526,16.439560905905864],[107.40735305991652,16.43981755907345],[107.40777328686889,16.440066168326691],[107.40823347070163,16.440166665319104],[107.40883085604014,16.440227858042881],[107.40963756630353,16.440124795073139],[107.41011335207732,16.439936801451527],[107.41066148205547,16.439600540632924],[107.41114477382089,16.439155329315525],[107.41156310217579,16.438546481827597],[107.41215425606633,16.437206922242023],[107.41220498230963,16.436929476239747],[107.41222538688611,16.436779692553966],[107.41225179107039,16.436585863046119],[107.4122656801848,16.436483908841979],[107.41226584258538,16.436482734451705],[107.41228579411305,16.43599505737312],[107.4122725524816,16.435578200182771],[107.41235565047903,16.435243930897244],[107.41243549605061,16.435072694929541],[107.41250293850112,16.434928059263193],[107.41270398182031,16.434485115607465],[107.41293882799765,16.433992310266824],[107.41325238582382,16.43366418833731],[107.41355671338275,16.433350815252453],[107.41397361553295,16.432960671127059],[107.41438940002561,16.432665239699549],[107.41487146742951,16.43240455784942],[107.41529680359946,16.432242490721773],[107.41564676871721,16.432256442650843],[107.41591808739355,16.432411341082371],[107.41626617385671,16.432775387390318],[107.41679114548013,16.433226751732889],[107.41750093404549,16.433840768897035],[107.41766597664297,16.43404265315872],[107.41789070611809,16.43431754697135],[107.41790485301712,16.434456456417003],[107.41786001229561,16.434571788063369],[107.41774323575298,16.434744720483081],[107.4175772956264,16.434959412275816],[107.41732512706112,16.435311098413766],[107.41709795497361,16.43575220291029],[107.416803226789,16.436348246843192],[107.41672586456892,16.436483870669122],[107.41631801346418,16.437198702052303],[107.41591687263094,16.437821523997755],[107.41563058262692,16.438203395559885],[107.4155363552982,16.438329081705831],[107.41511402856838,16.438907626221336],[107.41490041136935,16.439200259357424],[107.41456810967375,16.439968891424119],[107.41430964522354,16.441332657212708],[107.41423668360837,16.442696046153969],[107.41434139482085,16.443938719187042],[107.41441257749288,16.444693186154378],[107.41449289422182,16.444875673490024],[107.41467518890605,16.445289860147099],[107.41479683892794,16.445566256157925],[107.41502220366776,16.446078297638159],[107.41506431697847,16.446561823299199],[107.41510669583319,16.447048395481033],[107.41503097322172,16.44852453087044],[107.41497136646082,16.449415785637246],[107.4152554105068,16.450269836836277],[107.41552991069028,16.450640230569707],[107.41587921309529,16.450874068075809],[107.41655792314528,16.451200131108404],[107.41715069832647,16.45138401861259],[107.41754839909744,16.451518192474726],[107.41801341690456,16.451603871327936],[107.41829852880873,16.451564629104688],[107.41843646050036,16.451520658354372],[107.4185222069183,16.451486091940311],[107.41869196347302,16.45141765926574],[107.41872348666692,16.45135722603662],[107.41906871601209,16.451186697821825],[107.42000238346263,16.451321285627206],[107.42042585201884,16.451472894724457],[107.42104144461904,16.451716686457075],[107.42154231523224,16.45189963912506],[107.42188751526328,16.452052305884273],[107.42200134179441,16.452102646530097],[107.42251238707297,16.452376410192926],[107.42295043389578,16.452609621956139],[107.42334654755194,16.452893152226444],[107.42381567275315,16.453217233399162],[107.42441227395523,16.453731094736185],[107.42449950242289,16.454136054174203],[107.42447134910799,16.454365740591552],[107.42434410674471,16.454811166019478],[107.42405052421618,16.455374418064707],[107.4235095233918,16.456507410642974],[107.4228294352969,16.458207636673126],[107.4227896511385,16.458739956778373],[107.42291003652575,16.45907244635633],[107.42307195943988,16.459270124898417],[107.42353144673761,16.459831071454765],[107.42360775373093,16.459970715389421],[107.42373554666241,16.46020457963289],[107.42383319533813,16.460383279047104],[107.42404746782832,16.460881206317975],[107.42404822678809,16.460891578501126],[107.42406432296718,16.460954262432207],[107.42406393079986,16.460972565552151],[107.42407049239567,16.461011819301174],[107.42410969952189,16.461194738747238],[107.42411291835366,16.461243339012274],[107.42415509186068,16.461270449055387],[107.42424898838958,16.461317219069986],[107.4243301673613,16.461357941300221],[107.42445954216566,16.461417953244887],[107.42450000826834,16.461441902383022],[107.42463109520185,16.461529755512572],[107.42470189655884,16.461562058648955],[107.42486060145974,16.46165044996016],[107.42491885418291,16.461677717785737],[107.42503016484847,16.461737276388202],[107.42506118100363,16.461752280858949],[107.42562168919362,16.46235403128329],[107.42600715253653,16.462659697927325],[107.42655429129155,16.462956501981722],[107.4269567958349,16.463173512373352],[107.42765179581578,16.463494570526091],[107.42792836089237,16.463622330402934],[107.42831218901935,16.463841717843597],[107.42849256773613,16.463921382347284],[107.4295676823853,16.46396266922666],[107.43020944122593,16.464329475495706],[107.43037064252567,16.464612867425974],[107.43066263503636,16.465126188667448],[107.43062212182183,16.465622601920217],[107.43074366569364,16.466151055811078],[107.43074394209853,16.466151075184591],[107.43074398540456,16.466152445917235],[107.4307554842095,16.466174524970182],[107.43076132934502,16.466222855027812],[107.43076080276977,16.466367772186416],[107.43075823443911,16.466397009865972],[107.43078153170238,16.466478253783933],[107.4308067332115,16.466580898653579],[107.43081309205252,16.466599481023859],[107.43084242406526,16.466667685928883],[107.4308487904956,16.466689128110978],[107.430890511893,16.466979614703487],[107.43089373486347,16.466990032268129],[107.43082965502704,16.467193872781458],[107.43083011696373,16.467194956817657],[107.43085128956832,16.467238089140555],[107.43096104076321,16.467427344953339],[107.43101944040426,16.467490059717537],[107.43106874331485,16.467603195763033],[107.43107983123697,16.467623619256134],[107.43122902703159,16.467894914873472],[107.43123232099892,16.467903365986121],[107.43125602774228,16.46794212837472],[107.43128670225882,16.468035969059418],[107.43128673935804,16.468038267569668],[107.43128680014165,16.468075558489144],[107.43129041763537,16.468104615013871],[107.43130030267568,16.468151079725033],[107.43133053232987,16.468250527932618],[107.43135157662668,16.468308193319803],[107.43135855341275,16.468319718093163],[107.4313778670269,16.468347163245991],[107.43143291989706,16.468397160980967],[107.43160213651318,16.468540893924278],[107.43163374853536,16.468568192562625],[107.43169237466492,16.468597843050436],[107.43185176081889,16.468655057391313],[107.43187433303927,16.468662825624442],[107.43198101525107,16.468702020376373],[107.43205070691279,16.468727624500126],[107.43208702380198,16.468734040628433],[107.43226678920487,16.468776388623539],[107.43226861352193,16.468776818179258],[107.43239973067001,16.468792997711756],[107.4324402035293,16.468791716199267],[107.43247807853719,16.468773933282694],[107.43251907697173,16.468754683208832],[107.43252872251743,16.468751182775154],[107.43268790619814,16.468764179664316],[107.43274258463603,16.468766074358296],[107.43276691354509,16.468770576457874],[107.43281810764633,16.46878004889621],[107.43283025619328,16.468782975355232],[107.43302741343524,16.468833702926936],[107.43303280993088,16.468834266196211],[107.43322086909772,16.468841310200741],[107.43323996551041,16.468841437790044],[107.43334809068342,16.468838125770354],[107.43358630528903,16.468836536914214],[107.43360023492532,16.46883912916811],[107.43369716337871,16.468861136096734],[107.43381166637825,16.468884345088629],[107.43396161910752,16.468893254224874],[107.43409847011812,16.468881236755227],[107.43419366982265,16.468901842632992],[107.43436427333235,16.468926046526484],[107.434478638445,16.469032486368189],[107.43452194779805,16.46907279168822],[107.43457303985593,16.469079032802281],[107.4346178018012,16.469090984217743],[107.43469049994908,16.469122591088631],[107.43491070186531,16.469222810516033],[107.43495036930561,16.469253270416015],[107.43506202629773,16.469339007599277],[107.43507217415994,16.469345367207534],[107.43516577607008,16.469400430956963],[107.43530958714015,16.469482840949311],[107.43554919617253,16.469594283310968],[107.43558391768924,16.469611531838879],[107.43574425345933,16.469680252780147],[107.43586824174479,16.469739371623053],[107.43595793990505,16.469798302318662],[107.43604147178657,16.469852752939204],[107.4364083941894,16.470002396738145],[107.43654087237105,16.470043878466161],[107.43655070507424,16.47005093179234],[107.43659060604763,16.470077275821179],[107.43662439367897,16.470098137440225],[107.43666917398325,16.470138858693986],[107.43688156422337,16.470314652101418],[107.43701481869583,16.470422899179884],[107.4371540957119,16.470491180290132],[107.437310882905,16.470553928736919],[107.4376146926933,16.470630953375551],[107.43764576627052,16.470636374469237],[107.4378771519349,16.470680638077525],[107.43797535323358,16.47074884059726],[107.4380118760121,16.47076382024364],[107.43823151198563,16.470874664365169],[107.43838486586755,16.470926039471109],[107.4385927461699,16.470942582427814],[107.43866115173229,16.470950359605339],[107.43885830033203,16.470972775115108],[107.43900019577846,16.471009195242559],[107.43910295738773,16.471035570347478],[107.439150440047,16.471054220473626],[107.43932787558158,16.471113850473063],[107.43943125975619,16.471148595462395],[107.43954800098005,16.471171585271239],[107.43976783174193,16.471245257674632],[107.44000638433242,16.471329863836143],[107.44017424325206,16.471397636950321],[107.44027319718521,16.471455286016059],[107.44038009840703,16.471525576336276],[107.44054102334385,16.47163138801616],[107.44065826395189,16.471793095536746],[107.44068893074075,16.471900773904547],[107.44068863931867,16.472002392581388],[107.44065117790549,16.472103910896699],[107.44059278676143,16.472172864131831],[107.44057036942897,16.472199336947302],[107.44043775902671,16.472436714509126],[107.44038318804323,16.47258136671028],[107.44032976787331,16.472913649437483],[107.44031275460701,16.473047499064528],[107.44024089621043,16.473330143958336],[107.44022872187826,16.473378030445414],[107.44016615268951,16.473650785052339],[107.44016614092837,16.473789990884512],[107.44016577919561,16.473793698679145],[107.44015642913051,16.473889483736972],[107.44015351986918,16.473906779941736],[107.44011955220462,16.474108714736744],[107.44011627346455,16.47412812899853],[107.44009266958585,16.474264762704554],[107.44009961526305,16.47435297226188],[107.44010771234295,16.474451038873394],[107.44009291776759,16.474619874071408],[107.44008493733581,16.474896609832097],[107.44008632716113,16.474972215232189],[107.44008718542568,16.475018910933223],[107.44008801908723,16.475064240211008],[107.44008859251868,16.47510613361727],[107.44008755462914,16.475216701083543],[107.44007046506107,16.475435727530446],[107.44006625050289,16.475454648658385],[107.44002235300815,16.475678591909464],[107.44002284024276,16.475692452055448],[107.44002306720139,16.475698911697553],[107.44002331705833,16.475786049414786],[107.44000332462515,16.475926921801626],[107.43999833602771,16.475962077233127],[107.43997473758854,16.476113654358485],[107.43994500799241,16.476304616896602],[107.43991855700253,16.476530789309749],[107.43990654848942,16.476596486261506],[107.43987226946992,16.476768732852069],[107.43986913715599,16.476779659700735],[107.4398692420181,16.476806940285073],[107.43984893095099,16.477087781760062],[107.43984800377214,16.477141042771752],[107.43983454252431,16.477208555157986],[107.43976540474159,16.477555289893342],[107.43970668381573,16.477798131651696],[107.43968319471993,16.477860622941428],[107.43965604300784,16.477922052191285],[107.43952711533984,16.478236945050106],[107.43948256883465,16.478362571319106],[107.43944175400669,16.478453966444011],[107.43940508184318,16.478535645117262],[107.43939949875355,16.478544423560848],[107.43932794365404,16.478633948648401],[107.43932093370096,16.478642720241993],[107.43919423542478,16.478817324407995],[107.43911779743333,16.478944941214813],[107.43902887836109,16.478974667114866],[107.43899648817001,16.478992206766595],[107.43876108072038,16.479119684111851],[107.43861677623386,16.479176225364597],[107.43854022431216,16.479211715474761],[107.43824715928935,16.479347585014054],[107.4382168727635,16.479354069697912],[107.43809438866082,16.479380296786179],[107.43773597528703,16.479457042201197],[107.43741596046203,16.479502100377427],[107.43725733184343,16.479526150210429],[107.43705672708796,16.479558182831866],[107.43682089525117,16.479592735763479],[107.43634036474404,16.47966314191866],[107.43605637202654,16.479723061708526],[107.43592515156577,16.479733877627098],[107.43575761645104,16.479747687138985],[107.43562557156557,16.47977567994517],[107.43532260194556,16.479875849174867],[107.43529568323135,16.479883496559296],[107.43529504715555,16.479883690046908],[107.43517890887817,16.479918992202734],[107.43515962326083,16.479924632977742],[107.43503490800261,16.480001691220025],[107.43471851272518,16.480113422078073],[107.43470960385473,16.480115528415904],[107.43450897521684,16.48021345755777],[107.43430075462834,16.480341196626313],[107.43425476239251,16.4803749882586],[107.4342377116643,16.480391207858403],[107.43423004485898,16.480402954346427],[107.43411849626851,16.480584985711641],[107.43411189292266,16.480598374693752],[107.43407736304529,16.480723050863205],[107.43409338281107,16.480782611463038],[107.4341013472138,16.480850696429137],[107.43415361373876,16.481083958981401],[107.43417408087743,16.481207726874736],[107.43421997791297,16.481349793546151],[107.43426274780977,16.481540744205109],[107.43428371379989,16.481578438495653],[107.43433003260243,16.481683831078406],[107.43436300811523,16.481732357239782],[107.43446898817703,16.481903765145308],[107.43447454658005,16.48190826308991],[107.43454218287171,16.481982618028095],[107.43455462199904,16.482098721615525],[107.43456461126166,16.482173658084353],[107.43457548505711,16.482423267998531],[107.43463288787505,16.482586136673131],[107.43463373427309,16.482651281944481],[107.43463309255858,16.482670941909948],[107.43462796628738,16.482869473178624],[107.43464191991794,16.482989430713157],[107.43465214221125,16.483020025292706],[107.43468682135472,16.483117689864599],[107.43476714982788,16.483363428057899],[107.43480409264764,16.48345478279084],[107.43482219022555,16.483505565065698],[107.43487008698369,16.483764912471845],[107.43487235608727,16.48379266114188],[107.43488727329103,16.483975119417806],[107.43490219539696,16.484070603888359],[107.43492237006237,16.484177564322881],[107.4349735879551,16.484449104756376],[107.43497560704037,16.484466965952372],[107.43495541339064,16.484698267760329],[107.4349553939532,16.484698585049681],[107.43493425384035,16.484850546302283],[107.43492364338471,16.484926815556008],[107.43491682527258,16.485056055221524],[107.43491901125822,16.485160992088399],[107.43492209504471,16.485193165632463],[107.43493707240793,16.485373819248679],[107.43493776509705,16.485378674623131],[107.43496807763078,16.485591103484534],[107.43497286698866,16.485669737158268],[107.43498526650851,16.485684406217612],[107.43503022338443,16.485730035733649],[107.43509275662237,16.485793505159236],[107.43513765030376,16.485903759319729],[107.43519858020309,16.486053399972569],[107.43525557318745,16.486193375824378],[107.43528843080918,16.486250049152495],[107.435295797903,16.48658156511452],[107.43529686503263,16.486629595398281],[107.43529514789653,16.486642761312567],[107.43527651484861,16.48671767779453],[107.43527939920531,16.486741983073983],[107.43533014667547,16.486933132928939],[107.43539843737499,16.487210991607828],[107.43543366421503,16.487322461164553],[107.43547611574847,16.487564100685038],[107.4354944984115,16.487668738630788],[107.43550011056885,16.487735730702628],[107.43550730803577,16.487983068808983],[107.43552285081812,16.48822984449588],[107.43552300357081,16.48827893958126],[107.43551184280031,16.488382815072697],[107.43551347228212,16.488423026940399],[107.43553736791971,16.488564489236197],[107.43555754320801,16.488681132979345],[107.43555940955538,16.48868729983586],[107.43557294092805,16.488732018799386],[107.43557625939698,16.488744694272647],[107.43562894104977,16.488919737006874],[107.43568599251995,16.489079384234223],[107.43569767370541,16.489116978627507],[107.43571513694683,16.489473625280546],[107.43571619955939,16.48951170108305],[107.43572798319643,16.489657574372213],[107.43574175828887,16.489731256997757],[107.43576595125899,16.48986172875701],[107.43577905632168,16.489974558816112],[107.43578989062483,16.490067836025084],[107.43579910414984,16.490159756369344],[107.43580181495857,16.490308196865431],[107.43580852805779,16.490447491661534],[107.435815038773,16.490510697371818],[107.43581759760431,16.490528278541934],[107.4358496673439,16.490672196438886],[107.43588823056015,16.4909060582774],[107.43587420667352,16.491115379177842],[107.43587449262874,16.491197390300787],[107.43588297536918,16.491269211399981],[107.43590190001709,16.491455300906388],[107.43590857975919,16.491588247581813],[107.43591184363291,16.491612186174457],[107.43594818878896,16.491751396717344],[107.43595043371189,16.491759679226835],[107.43597106343488,16.49201300315757],[107.43598275564932,16.492105228800568],[107.4360121824045,16.492308494316624],[107.43604373647105,16.492474067806508],[107.43607936421725,16.492661021282],[107.43610313808954,16.492785768074455],[107.43613641704373,16.492960395195528],[107.43616122324262,16.49309056245858],[107.43617929726092,16.493185400139819],[107.43618447276813,16.493239449127934],[107.43619118637136,16.493309559147026],[107.43619671684641,16.493349857391575],[107.43620404293529,16.493402406204709],[107.4362258528237,16.493497772130187],[107.43626118459544,16.493724756532277],[107.43628391129378,16.493919281875954],[107.4362987451799,16.494048226607376],[107.43631208138081,16.494134128807129],[107.43632207249965,16.494206664841869],[107.4363462183984,16.494660011353744],[107.43635829862058,16.494847107252536],[107.43638287957796,16.494995579052038],[107.43638741853032,16.495151828020468],[107.43638940691466,16.495195244211672],[107.43641141799277,16.49541729270566],[107.43643936244756,16.495638672222828],[107.43644117426712,16.49576831700784],[107.436414588479,16.496027668767979],[107.43641273065342,16.496057479844225],[107.43641108873965,16.496141761723134],[107.43640541632773,16.496425819163285],[107.43639639999718,16.496671637741244],[107.43639441657997,16.496817836592175],[107.43638859110341,16.497163973201623],[107.436388263022,16.497172689468808],[107.43637225572228,16.49746532598779],[107.43635404057341,16.497696058993466],[107.43634727267306,16.497739463436915],[107.43632605388891,16.497854775563898],[107.43631315931059,16.497945013173602],[107.43627012648035,16.498234792320805],[107.43623529483294,16.498415220296344],[107.43622749565618,16.498486926681693],[107.43618755941795,16.498992330004825],[107.4359863971109,16.500486458454493],[107.43596886605481,16.500680328365593],[107.43593388782593,16.501067142218158],[107.43595379333341,16.502656271798678],[107.43627637011006,16.505608128308591],[107.43638527195783,16.506348257204746],[107.43651274940889,16.506988589117896],[107.43653720423086,16.507077077659385],[107.43653818079061,16.507080809589088],[107.43655174854908,16.507132671200729],[107.43657836074308,16.50719867283523],[107.43657898944464,16.507200947265069],[107.43664047239001,16.507365816897686],[107.43666882616856,16.507435546936033],[107.43668871715215,16.507481584288755],[107.4367275803296,16.507566839769407],[107.43675645834972,16.507621839704349],[107.43676214080729,16.507632803741505],[107.43678577625117,16.507679361965074],[107.43680839198709,16.507718895289273],[107.43685849624985,16.507806479303667],[107.43685933219875,16.50780780735424],[107.43702111255391,16.508034845887348],[107.43741097299208,16.50859873290446],[107.4374224965039,16.508616122649418],[107.43752146713544,16.508770512277483],[107.43759760721731,16.508922236146439],[107.43765768757341,16.509057417200026],[107.43779688400319,16.509398510241056],[107.43811478417966,16.510169069741341],[107.4383415044563,16.510718612505212],[107.43922692912099,16.512178128485463],[107.44015996031085,16.513481733388936],[107.44022377123568,16.513576519782287],[107.44065751374316,16.514220803495903],[107.44070287490153,16.51430209763376],[107.4408325363603,16.514500310605754],[107.44097826280255,16.51471941434286],[107.44098972989072,16.51473493732102],[107.44269271048422,16.517040330130751],[107.44280431178413,16.517186079953518],[107.44282049880299,16.517207802963448],[107.44291109052622,16.517329866332457],[107.44369133914037,16.518483341279584],[107.44406526597471,16.519169135526337],[107.44408709660733,16.519252377909382],[107.4440887686997,16.519258753737478],[107.44423339183766,16.519631715482543],[107.44426164082411,16.519675379305564],[107.44426163497606,16.519810872529025],[107.4442177389955,16.520251973921731],[107.44418969787212,16.520547947926467],[107.44418934613348,16.5205573518449],[107.44418830524472,16.52058521385305],[107.44416897629523,16.520713227242389],[107.44416264767216,16.520758735821918],[107.44415679340537,16.520790297225858],[107.44413381114676,16.520908234563571],[107.44411255144914,16.521060593875639],[107.44410927327664,16.521093052809164],[107.44408884908576,16.521228986562221],[107.44408078559526,16.521303913542635],[107.44406989211699,16.52134645672762],[107.44402153925732,16.521510716381297],[107.44396719183429,16.521680363985876],[107.44393218008392,16.521770374661017],[107.44386720917839,16.521897842126855],[107.44379463938692,16.522033135370467],[107.44368534936055,16.522246812935325],[107.44357869003328,16.522588841124232],[107.44322923496517,16.524093306568538],[107.44307134470327,16.52506621899008],[107.44297210818277,16.525488471349838],[107.44291097698328,16.525678018635155],[107.44272456243783,16.526573244611647],[107.4426808819327,16.526950346103458],[107.44266400135594,16.527173981914416],[107.44264137378316,16.527473754220111],[107.44261190469351,16.528100060547565],[107.44260673208298,16.528163943293311],[107.44259743933547,16.528280761039614],[107.44256378777841,16.529385373523212],[107.44256785127514,16.529795547932359],[107.44257101776049,16.530115222471306],[107.44257568361346,16.530252641981697],[107.44260576952141,16.531050309941051],[107.44260712591183,16.531218970177353],[107.44261500698821,16.531542071709993],[107.44224387720867,16.531695365836594]]]},"properties":{"OBJECTID":14,"maNhanDang":"025NAD03000001","ngayThuNhan":1734652800000,"ngayCapNhat":1737331200000,"maDoiTuong":"AD03","maDonViHanhChinh":"19864","ten":"xã Phong Sơn","dienTich":115.077,"soLuongMoLietSiChonCatBanDauTrenDiaBan":594,"soLuongMoLietSiDaTimKiemTrenDiaBan":328,"soMoLietSiDoGiaDinhChamSocQuanLy":347,"soMoChuyenDenTuDiaPhuongKhac":0,"soMoDaBanGiaoDiaPhuongKhac":0,"thongTinChung":null,"nguonCungCapThongTin":"BCĐ 515 tỉnh Thừa Thiên Huế","thoiGianCapNhat":"20/01/2025","donViCapNhat":"Cục Tác chiến/BTTM","soLuongMoLietSiChuaTimKiemQuyTapTrenDiaBan":137,"danSo":8136,"soMoLietSiTrongNghiaTrangLietSiDiaPhuong":90,"soMoCoHaiCot":437,"soMoKhongCoHaiCot":0,"soMoCoDuThongTin":20,"soMoCoMotPhanThongTin":349,"SHAPE_Length":83767.596487163202,"SHAPE_Area":115079914.07758783,"soMoChuaXacDinhDuocThongTin":68}},{"type":"Feature","id":15,"geometry":{"type":"Polygon","coordinates":[[[107.34563696514137,16.612027242593982],[107.34422604674636,16.613283691131194],[107.34361076200094,16.61375396696776],[107.34315310561777,16.614025466608094],[107.34236807391866,16.614306457236765],[107.34099708344293,16.614581180381524],[107.34015657698038,16.61475695756107],[107.33873080088708,16.61516986236915],[107.33854861169806,16.614644368359741],[107.33837562129692,16.614145403284613],[107.33827657566874,16.613859719397873],[107.33778699110751,16.612447558814726],[107.33778327000003,16.612436825436905],[107.33757538101146,16.611837180550175],[107.33728189786281,16.610990638424685],[107.33716374412424,16.610649822467057],[107.33704224559878,16.610299360005939],[107.33701267170552,16.610214054284221],[107.3368840609279,16.609843073272117],[107.33679356406213,16.609814327347735],[107.33672162278044,16.609753704517932],[107.3367181612624,16.609724380670833],[107.336698921495,16.609670818304505],[107.33666433592123,16.609629379976976],[107.33665435465036,16.609572726060435],[107.33666904996065,16.609506832371107],[107.33666836329935,16.609450073914005],[107.33664598956,16.609393559377157],[107.33662066251391,16.609349029493078],[107.33661983132112,16.609280322121361],[107.33659907654932,16.609186941347655],[107.33660109332988,16.609154385089695],[107.33660166943781,16.609145084851622],[107.33660725085653,16.609094231614733],[107.3366253340883,16.60905220090056],[107.33666168121897,16.608983075383982],[107.33669511021094,16.608928921533778],[107.33683146715974,16.608752967297516],[107.33685062484528,16.608697300026002],[107.33686002975092,16.608655128425294],[107.33685965966518,16.608624538527959],[107.33684078788423,16.608575131087967],[107.33684561061627,16.608572157187002],[107.33684377790929,16.608567188548758],[107.33683254910682,16.608558113231261],[107.33676800446031,16.608424796967846],[107.33672149808186,16.60835074773577],[107.33665347793873,16.60830496445416],[107.33662235189138,16.608293363975779],[107.33655705392069,16.608274727604417],[107.33638679667749,16.608094387721493],[107.3362440760099,16.608174495429019],[107.33577912647905,16.608407010150739],[107.33577469275662,16.608409227156361],[107.33525930801653,16.608529747404798],[107.33466506794352,16.60858661832885],[107.33438186666088,16.608536022578051],[107.33426172706206,16.608440571916748],[107.33404215359191,16.608116783750539],[107.33371325051344,16.607668740154576],[107.33327342104319,16.607272134991685],[107.33280839182335,16.606943931367269],[107.33242654007661,16.60672951885353],[107.3321206876351,16.606650492151921],[107.33166651568804,16.606605395679516],[107.33125047259109,16.606638746570304],[107.33073794012236,16.606687518974635],[107.33013670083612,16.606780307595574],[107.32991449904139,16.606854503744671],[107.32970409951061,16.60698234544817],[107.32936167556585,16.6072622478104],[107.32899373810451,16.607578199859205],[107.32879333408026,16.607750288411037],[107.32855635168704,16.608028939203436],[107.3283541505284,16.607883495362898],[107.32734404482909,16.607108994934322],[107.32613397163732,16.606083703780939],[107.32538212559022,16.605446658109873],[107.32505272075082,16.605167549083994],[107.32485248723899,16.60500165402874],[107.32546058337429,16.604507677548099],[107.32587566059448,16.604191840980778],[107.32612722194682,16.604000424334881],[107.3268969953683,16.603519717198161],[107.32813202888993,16.602799250260674],[107.32864065925301,16.602541919813824],[107.3291205045776,16.602431233186856],[107.33002571188449,16.602362617456617],[107.33065908511902,16.602341043793157],[107.33117776897201,16.602318991309396],[107.33117046542534,16.602070658462345],[107.33129462244351,16.601704854802364],[107.33169474318741,16.601397637865844],[107.33237085596249,16.600964223155284],[107.33281429650957,16.600587253036814],[107.3331934024777,16.600364069921397],[107.33333501707016,16.6002721241959],[107.3333081407449,16.600135637993258],[107.33332651467963,16.600096098468786],[107.33402092218327,16.599640731818681],[107.33408954007704,16.59957055607596],[107.33413110407703,16.599412293834817],[107.33417240555495,16.599333219564091],[107.33423212218183,16.599197020421727],[107.33426863759668,16.599152649204068],[107.33439278572092,16.598906005150141],[107.33446221036519,16.598768079932533],[107.33431053382314,16.598684407501288],[107.33414152274821,16.598591172383806],[107.3338997315592,16.598543109300991],[107.33356724720981,16.598379402135784],[107.33354905481821,16.598369792239247],[107.33329346681045,16.598234786562941],[107.33297966993933,16.598332127153427],[107.33278099630152,16.598422299049151],[107.3325990080637,16.598504898560662],[107.3323000915228,16.59851935577715],[107.33208562983418,16.598529727729115],[107.33180697907083,16.598661220562288],[107.33147365993469,16.5987395725383],[107.33117740616163,16.599036136591536],[107.33111585926484,16.599097747793277],[107.33072314465066,16.599353686600335],[107.33029570160934,16.599454443222545],[107.32989234753722,16.599388839313029],[107.32963036972224,16.59923291638043],[107.32957889482995,16.599181949148697],[107.32942341407254,16.599028002255888],[107.32923552073045,16.598974431627223],[107.32880072522286,16.598938987852641],[107.32877091862899,16.59895112965123],[107.32858883277615,16.599025300407789],[107.32816940441765,16.599076901190092],[107.32779722916889,16.599060571056018],[107.32763814974442,16.599070553178077],[107.32733868740823,16.599089342938441],[107.32715525799914,16.599091523949593],[107.32716151875327,16.598913639112983],[107.32717439208595,16.598892950666226],[107.3271942575998,16.598888252994517],[107.32719610130376,16.598678950697312],[107.32664335780015,16.598696708392652],[107.32662021269837,16.598531769037571],[107.32617869027615,16.598592908649316],[107.3261208344241,16.598460035929058],[107.32608535247377,16.598419960383886],[107.32602401365452,16.598382693643877],[107.32600304619308,16.598372892768946],[107.32598444432678,16.598362006677839],[107.32591518177009,16.59834226261593],[107.32579815494694,16.598324533554589],[107.32535793490989,16.598332268797478],[107.32488002636234,16.598255578655266],[107.32476113590151,16.598331525432645],[107.32465195771502,16.598459979211135],[107.32448852286286,16.598554867118331],[107.32438008563246,16.598468639198551],[107.32427673030497,16.598344265744952],[107.3241932718782,16.59818179521686],[107.32442488667228,16.597592851081327],[107.32453212951775,16.597524339392137],[107.32454763190115,16.597169763629978],[107.32431944965698,16.597141442402734],[107.32430682631308,16.596803429914967],[107.32429323404689,16.596450350151343],[107.32420034961279,16.596159031092515],[107.3241126037499,16.595810490360385],[107.32405390946317,16.595633777621742],[107.32414422195922,16.595247644704529],[107.32437710138186,16.595081429858553],[107.32437312028475,16.594804696341857],[107.32418212949938,16.594558196846073],[107.32405093180085,16.594557770821698],[107.32404175395041,16.594456792065365],[107.32407503741081,16.594176220896383],[107.32409219554684,16.593889361860754],[107.32409950575857,16.593393010070347],[107.32410650030994,16.593097027698651],[107.32396105018637,16.592702239601856],[107.3240116216285,16.592397876554426],[107.32403514162226,16.591872867590297],[107.32416201964608,16.591684982847447],[107.32439780572048,16.591525148040699],[107.32495521054457,16.591272204713512],[107.32513231021663,16.591145207741633],[107.32527783811692,16.590978239189859],[107.32538548851207,16.590775732894208],[107.32545577363824,16.590407255122656],[107.32548151610445,16.590187015595276],[107.32605948854618,16.590008362190037],[107.32622206166886,16.590002354893826],[107.3263508364,16.589976620229805],[107.32645933791109,16.589941014452965],[107.32655453000125,16.58983344181302],[107.32663540182271,16.58975863633832],[107.3268234517365,16.589578510702516],[107.32677280663613,16.589496004697143],[107.32673559094791,16.589448251779523],[107.32644156958989,16.589510611159053],[107.32611098538176,16.589525996628087],[107.32599258165618,16.589439520919132],[107.3259668278927,16.58930016387486],[107.32604087857409,16.589128201085185],[107.32603632760153,16.588930671322803],[107.32593680586292,16.588882237405976],[107.32598273526008,16.588500008114593],[107.32598587035514,16.588353145306186],[107.32621383811264,16.588049997916976],[107.32631411670309,16.587878119362486],[107.32629861181771,16.587812227798864],[107.32618864915997,16.587751100078055],[107.32620499986942,16.587573889036552],[107.32647255198658,16.587579815521895],[107.32653210902758,16.587048226620787],[107.32635899820703,16.587042597129127],[107.32641791284439,16.586698398861213],[107.32649103852656,16.58647641434716],[107.32658517279263,16.586289894972413],[107.32658230989166,16.586277894156208],[107.32656296056606,16.586269328050253],[107.32650312429794,16.586253835175846],[107.32640981795879,16.586239932549123],[107.32622669496344,16.586222342251162],[107.32593557520164,16.586211513310371],[107.3257309617713,16.586189280170267],[107.32563682586016,16.58616091633321],[107.32554918929911,16.586120310534671],[107.32527026702,16.585943994701399],[107.32504254746482,16.585781346811945],[107.32494618258877,16.585723235269793],[107.32487621949907,16.585687909632259],[107.32483661940969,16.585676738525837],[107.32478667709708,16.585672572977263],[107.32474281661491,16.585679416536561],[107.32470739614,16.585694799245967],[107.32438804180212,16.585885692944778],[107.3243333482951,16.585911017513869],[107.32423811566356,16.585944713052307],[107.32418876666826,16.585953055990416],[107.32415531485947,16.585949540755365],[107.32413348450345,16.585940306534123],[107.32411843189603,16.585917123568091],[107.32410275747176,16.585867759825863],[107.32407754849821,16.585771617830236],[107.32401344681863,16.585625087790593],[107.32369338728911,16.585223759405228],[107.3235958611354,16.585133491196167],[107.32338037114867,16.585065024347514],[107.32314299018877,16.585002378220036],[107.32298284743013,16.584971042771226],[107.32295693652758,16.58378119499007],[107.32295623517285,16.583748997740564],[107.32271082861344,16.583681504517969],[107.32256769896438,16.583642139231223],[107.32225197221949,16.583570715796554],[107.3220518209944,16.583541017605441],[107.32198128538403,16.583530551611524],[107.32183466764195,16.583525475050124],[107.32161766688078,16.583538729063147],[107.32133276174341,16.583546816249388],[107.32132353294982,16.58354707821756],[107.32117886194806,16.583555913941982],[107.32108728633771,16.583546307519793],[107.32097652318573,16.583508706506457],[107.32076476415804,16.583400967074923],[107.32065048608995,16.583361470062233],[107.32053362119875,16.583321078590966],[107.32036017112043,16.583287934442797],[107.32019145470731,16.583278075911174],[107.32013601767643,16.583263115546313],[107.32005176491462,16.583240379607712],[107.31995048352499,16.583201400319627],[107.31986880285072,16.583169964170267],[107.31983000126674,16.583161186977105],[107.31974354875184,16.583141631807571],[107.3196615823358,16.583141364122451],[107.31947647991227,16.58313345739251],[107.31933183299671,16.583124995606966],[107.31920376757876,16.583104624032309],[107.31909230689446,16.583060368262647],[107.31902634619908,16.583012267306092],[107.31888213524918,16.582880103608137],[107.31881218698869,16.582788089903136],[107.31865548145242,16.582646215814979],[107.31864409498021,16.582633084843955],[107.31854920320916,16.582543473735186],[107.31839578871445,16.582475458465527],[107.3182635970178,16.582451077900181],[107.31813965037449,16.5824347131352],[107.31801982286353,16.582422346793038],[107.31797028418768,16.582402232298715],[107.31788787626787,16.582336002827073],[107.3177950856434,16.58220607664644],[107.31766875075199,16.582072435420859],[107.31755634281036,16.581956921395712],[107.31727095672574,16.581590027627144],[107.31702356901704,16.581316154051883],[107.31694810807812,16.58119602657106],[107.31690305874547,16.580974217455044],[107.31686425101059,16.580773358469571],[107.31683893461087,16.580684923829079],[107.31681682236464,16.580612404342258],[107.31680042344637,16.580583071971017],[107.31677641409044,16.580559750454835],[107.31675432759714,16.580554319583538],[107.31651097690002,16.580478046247805],[107.31638279789094,16.580453271824553],[107.31627668986005,16.580443823054122],[107.3161274272985,16.580432055042071],[107.31598460960201,16.580447517807883],[107.31581268966785,16.580541747817538],[107.31560436534667,16.580672880898259],[107.31536898225815,16.580778730489339],[107.31516007544874,16.580820045510166],[107.31497625203922,16.580830014266052],[107.31485460910164,16.580817097933839],[107.31467762379293,16.58074317359775],[107.31464909956338,16.580700598759048],[107.31456987184399,16.580615492524384],[107.31437617975929,16.580482918849128],[107.31432930192234,16.580452825840315],[107.31426832296242,16.580414273281278],[107.3141656999982,16.580351898472674],[107.31405669778516,16.580294463732262],[107.31388451915363,16.580186333137586],[107.31379809146593,16.580118182527347],[107.31374151979726,16.580052254633756],[107.31370283290617,16.579974186160538],[107.31367712878159,16.579884375810202],[107.31367575824309,16.579811192493214],[107.31367372642369,16.579718270588067],[107.31366827739897,16.579629665958215],[107.31362670785133,16.579466082732154],[107.31357988942806,16.579376599256641],[107.31355817458756,16.579375677141709],[107.31345222597861,16.579386726234272],[107.3134211046353,16.579387174309865],[107.3133464914109,16.579385825775958],[107.31327123116949,16.579381601741922],[107.31324373056295,16.57937587201781],[107.31319276184998,16.579362980148957],[107.31310170911162,16.579343973541416],[107.31304308679181,16.579328706823311],[107.31301683384544,16.579321870116399],[107.3129863497275,16.579316772456586],[107.31294454621893,16.579313826877421],[107.31285437820638,16.579307472013067],[107.31285135454063,16.579307567049739],[107.31275887182328,16.579310464030513],[107.31267555344964,16.579339778571384],[107.31257477041504,16.579375236797368],[107.31254146132233,16.579375887019239],[107.31251494403116,16.579376403941623],[107.31249798916768,16.579424501913611],[107.3124958237202,16.579430645435689],[107.31240155030869,16.579698085518302],[107.31237960851249,16.579760331543813],[107.31231128654174,16.579861066310244],[107.31222591228644,16.579986942652479],[107.31195053138153,16.580304557538685],[107.31190576198841,16.580361135552419],[107.31183458201063,16.580451092184919],[107.31180083448959,16.58046822382925],[107.31166339829126,16.580537992572847],[107.31158488464169,16.580589720301472],[107.31153576484391,16.580636819594947],[107.31147923512438,16.580782723791422],[107.31144157739089,16.580879919758985],[107.31127138580798,16.580970013133339],[107.311206444531,16.581004390631318],[107.31105437506557,16.581088958964592],[107.31095116622311,16.581202054230005],[107.31093001294612,16.581232327293488],[107.31084587415566,16.581352744863857],[107.31038160252255,16.581668069152716],[107.30996956228822,16.581893569122965],[107.3096753481844,16.58202492682836],[107.30957857168913,16.582045878101503],[107.30928828971501,16.582108723006662],[107.30883769481406,16.582163941552075],[107.30851989395146,16.582170684903033],[107.308375548726,16.582173747207044],[107.30748377480562,16.582774729665573],[107.30735876830252,16.582787170691279],[107.30712801599725,16.582810135167325],[107.30688038642867,16.582958325653983],[107.30682094668126,16.582981190634236],[107.30671037205084,16.583023727175735],[107.30653003873171,16.583060592365012],[107.30623712993064,16.583080300845033],[107.30600481048552,16.583134686513517],[107.30583718918054,16.583177461049257],[107.30574159632637,16.583201854752499],[107.30490271532558,16.583422251616298],[107.30372872108845,16.583710645359524],[107.30342398343932,16.583814057993024],[107.30315019088535,16.583906970038658],[107.30419387215815,16.581760555402429],[107.30421816277639,16.581710601478171],[107.30578018599211,16.578498188608599],[107.30576305369267,16.578486090690998],[107.30572886539815,16.578455482732004],[107.30571445552515,16.578447017842834],[107.30566086868822,16.578369930097807],[107.30562493064758,16.578285230966703],[107.30560030403562,16.578227189856317],[107.30552652928954,16.578015877772199],[107.30548704299567,16.57782211151347],[107.30547365586345,16.577738603391659],[107.30548828998651,16.57766673562984],[107.30553347527203,16.577558676137617],[107.3056257642498,16.577391395088696],[107.30563961762644,16.577366284886022],[107.30571579012403,16.57721737188308],[107.30579464823158,16.577116584577642],[107.30584649080072,16.577047292928338],[107.30587672057548,16.576984214775088],[107.30590976305859,16.576897204783741],[107.30593661064034,16.576810262526074],[107.30595419963393,16.576726411226918],[107.3059740654062,16.57664967680677],[107.30598678029391,16.576600564709075],[107.30601376925324,16.576525572571786],[107.30605325654049,16.576459404360143],[107.30610837518255,16.576405014629742],[107.30618225724112,16.576365355229846],[107.30619913758514,16.576361904275497],[107.30627497484814,16.576346401184924],[107.30639866948168,16.576327103817935],[107.30646444762273,16.576325728944255],[107.30653152559641,16.576345704526549],[107.30663856007089,16.576377578289271],[107.30685710841955,16.57651856806164],[107.30695516167336,16.57657804632645],[107.30705059090752,16.576635932966642],[107.30721200927314,16.576669976003082],[107.30729285276968,16.57668702624585],[107.30729366341579,16.57668713469771],[107.3074169747959,16.576703576754753],[107.30750983482167,16.576696571351231],[107.30769366427424,16.576680893877224],[107.30779701403499,16.576651578771141],[107.30783494222163,16.576634065392572],[107.30791229254248,16.576611360372056],[107.30798239756786,16.576584140194768],[107.30804777872606,16.576538632026782],[107.30816616529643,16.576428506449933],[107.30828969148017,16.576332974780602],[107.3083073725287,16.576322677120345],[107.30837340722141,16.57628846737876],[107.30843051196774,16.576264555789439],[107.30851532284265,16.576236082869475],[107.30857881567221,16.57621566330339],[107.30865980968807,16.57620364159877],[107.30875145093586,16.576183387624777],[107.30885137673968,16.576141535927043],[107.3089896627198,16.576095320794547],[107.30899892488398,16.575997050836254],[107.30904080253821,16.575902223149782],[107.30909163423847,16.575813968455478],[107.30917188740273,16.575723217417252],[107.30927878568252,16.575628731567004],[107.30939696569241,16.575528880007258],[107.30959907628582,16.57537425493144],[107.30977606022176,16.575244117209667],[107.30996360988637,16.575046744882595],[107.31023444544658,16.574962136953467],[107.3104433225428,16.574935583544445],[107.31056306279088,16.57488177814033],[107.31065505477673,16.574807250140367],[107.31070826265947,16.574740789817685],[107.3107350384018,16.574676202935127],[107.31074408657091,16.574579775549093],[107.31072309167855,16.574499830433819],[107.31069271673314,16.574417017340565],[107.3106285842516,16.574272570380508],[107.31061360120265,16.57422509628946],[107.31060030098148,16.574162826096416],[107.31057306568327,16.574035400142293],[107.31053669540287,16.573928538847891],[107.31051355195865,16.573833378493791],[107.31050018864187,16.573720528978082],[107.31048480155175,16.573523189312947],[107.3104871281016,16.573340836962775],[107.31051495880261,16.57326700951845],[107.3105385811257,16.573230181370878],[107.31061819534077,16.573144976548015],[107.31066695740539,16.573100514947409],[107.31079664724099,16.57300188380523],[107.31092207260487,16.572898123597106],[107.31106243483518,16.572799690921826],[107.31117124807761,16.572713832022917],[107.3113126476084,16.572597717667513],[107.31141182957484,16.572477134162444],[107.31155890790055,16.572302625676247],[107.31169450621799,16.572152188558867],[107.31179435095225,16.57204290330073],[107.31188179102185,16.571914519299224],[107.31198851804993,16.571685168550069],[107.31205432615222,16.571473953990616],[107.31212777206458,16.571391845356153],[107.31215841900809,16.571352953442748],[107.31219351120068,16.571292062850912],[107.31223222401955,16.571224993608148],[107.31229530934021,16.571054697812794],[107.31235931949585,16.570927573962319],[107.31241032843108,16.570812181199614],[107.31245394966658,16.570753125453525],[107.31251933024825,16.570699194045691],[107.31256554021361,16.570668504405369],[107.31264244738082,16.570632637990865],[107.31274174163198,16.57059634037169],[107.31281994688773,16.570574656915056],[107.31289261253886,16.570558947561906],[107.31295697836306,16.570547980968964],[107.31303242291739,16.570533499999797],[107.31312043306822,16.570510982090436],[107.31327362538343,16.570453236397523],[107.3133799364638,16.570406442815337],[107.31346856820166,16.570369946274052],[107.31355357131166,16.570331197258742],[107.31364837838682,16.570291612946193],[107.3137244364344,16.570254722146483],[107.31379665381678,16.57021743135352],[107.3138741812753,16.570167586952731],[107.3139401897604,16.570108089723451],[107.31405962286891,16.569988711128268],[107.31418082850345,16.56992195870701],[107.31432920051849,16.569881294502157],[107.31448219455146,16.569832430383151],[107.31472071997015,16.56971657861159],[107.31483973704557,16.569635098089829],[107.31519317797027,16.569500610689772],[107.3154845974298,16.569387326326673],[107.31575757184888,16.569360055467438],[107.31598097925576,16.569353704897711],[107.31620258929753,16.569325759079135],[107.31647147891027,16.569237295809923],[107.31660984799012,16.569184062545954],[107.31664848785424,16.56917158341847],[107.3167893081704,16.569132989026713],[107.31700405817421,16.569081162193015],[107.31712751936678,16.569065202349783],[107.31728450001117,16.569101790732237],[107.31738187356869,16.569088861924023],[107.31750976891198,16.56908024479813],[107.31783207417327,16.569186884611064],[107.31820461029893,16.569288945489365],[107.31822622942882,16.56917117698595],[107.31829340297445,16.568870511363244],[107.31826844885225,16.568625896831325],[107.31823359328806,16.568353769220142],[107.31818655212791,16.568261604298026],[107.31803345833498,16.568097837190781],[107.31798114572254,16.56804168329322],[107.31791223187946,16.567976836751615],[107.31785883975679,16.567878848824613],[107.31783135796147,16.567785490407488],[107.31784330624262,16.567643807101746],[107.31789080829371,16.567514675146583],[107.31792253052434,16.567399073400161],[107.31793771617777,16.567296068073126],[107.31790622169822,16.567134154044286],[107.31789748867124,16.567046325133852],[107.31794387667391,16.566940892002727],[107.31798590583347,16.566878396791893],[107.31804945727725,16.566813224685582],[107.31813107477819,16.566708376788952],[107.31818062237211,16.566591386843491],[107.31822720276945,16.56648428300543],[107.31829802736324,16.566402904681993],[107.31837448382308,16.566347705692678],[107.31843522634612,16.566327336794647],[107.31852054205457,16.566279107103878],[107.31857522547467,16.566206973763521],[107.31864256521101,16.56612519511248],[107.31873131838231,16.566085019480632],[107.31880962992931,16.566072596942597],[107.31889721484532,16.566063783063417],[107.31897337895289,16.566054525403121],[107.31904497958951,16.566031977544078],[107.31911780377436,16.565970413866943],[107.31917171313496,16.56589733867715],[107.31920964862312,16.565810538494507],[107.31927666210798,16.565687858649177],[107.31934137334677,16.565591323615358],[107.31942003099846,16.56549636047821],[107.31948168382706,16.565453954269504],[107.31959133329623,16.565416140958302],[107.31975205710347,16.565386655051899],[107.31985305089859,16.565340192495775],[107.31994882775628,16.565293143911795],[107.32005483469919,16.565248957020341],[107.32014672326373,16.565233813576437],[107.3202891144692,16.565224391242214],[107.32038044168978,16.565235579088682],[107.32049564231268,16.565239262158862],[107.32058424912314,16.565222046627092],[107.3206280867776,16.565209981417208],[107.32068554695512,16.5651875409411],[107.3207071159392,16.565177209922219],[107.32072847181334,16.565168558836014],[107.32075955253593,16.565152493810828],[107.32078359669109,16.565146969138077],[107.32109138684069,16.565080381401319],[107.32122203919907,16.565224700229418],[107.32129809724306,16.5653087132488],[107.321904912874,16.566001073595881],[107.32231825416206,16.566369331126459],[107.32282594032732,16.566854847737318],[107.32312384737213,16.567068624738404],[107.32344090676347,16.567296143673367],[107.32393516739296,16.567591789406933],[107.32426411626562,16.567742283028849],[107.3245885738109,16.567828292269709],[107.32493097141247,16.567860322226444],[107.3253196258355,16.567870802800581],[107.32544120405333,16.567870208338778],[107.32585501500783,16.567868184376028],[107.3264481327025,16.567727708865071],[107.32717691574061,16.567327578333892],[107.32752984339865,16.566998571358827],[107.32790618177444,16.566441326716454],[107.32813150343947,16.565967068570892],[107.32824747454156,16.565671178627849],[107.32843812396808,16.564998201426384],[107.32847570775363,16.564865531920219],[107.32863386737668,16.564003304888889],[107.32868782239377,16.56354379040955],[107.32879397971431,16.563303587024837],[107.32894093385939,16.563158534307195],[107.32965171009596,16.562911568603472],[107.33037389152942,16.562788761745178],[107.33074120263041,16.562832454919562],[107.33105053855182,16.56300108404761],[107.33141162010475,16.563350785692347],[107.33196137218846,16.563727055863485],[107.33239057396612,16.563970826548175],[107.33245547537234,16.563989813797203],[107.33252353044162,16.56400972326924],[107.33259503094564,16.564070808326917],[107.33263538877745,16.563807681374374],[107.33272800104061,16.563532444005521],[107.3327658913487,16.563455594960271],[107.33277439464536,16.563402562555247],[107.33272939967391,16.563269784140743],[107.33263603488359,16.56305531418872],[107.3326207220246,16.562885020794329],[107.33262081550353,16.562878081907137],[107.3326388215273,16.562833776172123],[107.33266369046711,16.562772585569036],[107.33267190714797,16.5626638549147],[107.33271630320621,16.562534555946833],[107.33276091453973,16.562468255208731],[107.3327638433263,16.562380108225295],[107.33270917785683,16.562308415190529],[107.33262434706425,16.562293899683233],[107.33254991692232,16.562317805197647],[107.33247815115384,16.5623521779473],[107.33239210043361,16.562363927787683],[107.33233160978166,16.562324974575652],[107.33225644047894,16.562238469982219],[107.33220710180424,16.562169635008047],[107.33221628132605,16.562115185787949],[107.33225215394529,16.562032568860705],[107.33221905113143,16.561981131558017],[107.33211594969787,16.561937343608854],[107.33204077680833,16.561934869054735],[107.33202053117414,16.561934202309175],[107.33195282576551,16.561884913942496],[107.33193620156347,16.561806453108083],[107.33198956293607,16.561714747686196],[107.33204349689814,16.561622058403888],[107.33219327488926,16.561438091352318],[107.33228492584078,16.561330585487234],[107.332428644262,16.561212062678798],[107.33255009413794,16.561135226510252],[107.33271894601616,16.561096315647962],[107.33294898199736,16.561004631371961],[107.33306961891265,16.560919429854021],[107.33316810292831,16.560838830639547],[107.33323869267916,16.560716971021677],[107.33329363148903,16.56069005866938],[107.3333678609648,16.560674439067853],[107.33336170620858,16.560591922444313],[107.33334451772312,16.560531968991729],[107.33327164721028,16.560448094865297],[107.33321250419057,16.560375557735494],[107.33314136199709,16.560241518425105],[107.33306472675699,16.560076781038745],[107.33302441224536,16.559848012842185],[107.3329615506409,16.559699986935392],[107.33285280916355,16.559501949627482],[107.33280966220791,16.559312509423606],[107.33275200425329,16.559115092381568],[107.33271115900314,16.559065476265786],[107.33267050121383,16.558966073602573],[107.33264439747452,16.558742828266922],[107.33260280929358,16.558642379057254],[107.33252143299227,16.55858711900952],[107.33236739911487,16.558362071932333],[107.33224873638527,16.558238440667214],[107.33214275580904,16.55812802269223],[107.33201008753863,16.558003912074767],[107.33213523213418,16.557850755727348],[107.33213013411573,16.557743908555253],[107.33206814449805,16.557668523779792],[107.33182268646581,16.557370023371142],[107.33175221929305,16.557210157572325],[107.33169983673726,16.557147426965347],[107.3315910067916,16.557057784468149],[107.33152862485031,16.556951777063677],[107.33145177998034,16.55689440337569],[107.33142770370607,16.556876427530561],[107.33140456085562,16.556865268874517],[107.33091798068341,16.556637387534234],[107.33080139752447,16.556449667015539],[107.33056418219805,16.55606770712847],[107.33065524922837,16.555397443138233],[107.33088536653625,16.55509425485867],[107.33114992342487,16.55474569075346],[107.3317431135189,16.553964132607032],[107.33182621735899,16.553854638842466],[107.33232490784842,16.553176893992049],[107.33299659239165,16.552264034094012],[107.33427354140896,16.551293670961641],[107.33436344439622,16.550527814100313],[107.3339480118928,16.548954963387089],[107.33353608147682,16.547844741893883],[107.33343577817134,16.547574406255915],[107.33376149934186,16.546104015327959],[107.33389213772405,16.545514275023411],[107.33403047811211,16.545248602074402],[107.33438900758684,16.54477133637879],[107.33452695695844,16.544497314187847],[107.33477857180607,16.543784618811252],[107.33503363844626,16.543358704750013],[107.33520883812488,16.543091435106597],[107.33551117633064,16.54288727486232],[107.33575534466189,16.542791324107039],[107.33584428202728,16.542768815905085],[107.3358807569449,16.542711043624429],[107.3358725464072,16.542646601072953],[107.33575923850461,16.54249729139234],[107.33557116805152,16.542312965489906],[107.33521205197462,16.542123385154387],[107.33499442298495,16.541953731493368],[107.3348888075855,16.541825845982459],[107.3346090404133,16.541434602047211],[107.33415684908381,16.54092339042359],[107.33413791553498,16.540889842702338],[107.33412925404913,16.54087449572555],[107.33388339602712,16.540438858900963],[107.33388015940899,16.540435600553131],[107.33386885585993,16.540424218192097],[107.33375187335272,16.540283577137167],[107.3337674501494,16.540204781989477],[107.33377690982407,16.540123225059673],[107.333790810823,16.540003377149365],[107.33376839910561,16.53975269107076],[107.33374343688152,16.539661351092445],[107.33373725766741,16.539640968048186],[107.33371221898389,16.539558373497549],[107.33363445458386,16.539393909768858],[107.33358726380793,16.539223575263257],[107.33356934487463,16.539153354806654],[107.33355946792176,16.539114651317792],[107.33353267932971,16.538996032010608],[107.33353646347541,16.538909636925595],[107.3335799341742,16.538831893733402],[107.33367931013404,16.5387207164888],[107.33381583118236,16.53858132604725],[107.33390157064269,16.538485404703049],[107.33394898619503,16.538393363103729],[107.33396196888144,16.538325022731993],[107.33393854836871,16.538166409927481],[107.3339463274192,16.538104595891486],[107.33397626326654,16.538078433636837],[107.33403750559162,16.538055968078563],[107.33410674414448,16.538048137867172],[107.33413959126771,16.53802575521134],[107.33416745900655,16.537981828812672],[107.33417519306073,16.537892146452592],[107.33422195377071,16.537729342490994],[107.33425304369355,16.537647312198487],[107.33426354827779,16.537613625559853],[107.33428266645808,16.537552316962874],[107.33428855271244,16.537496503488814],[107.33429879018365,16.537399431583555],[107.33430628247633,16.5373223538794],[107.33433011781554,16.537288276832378],[107.33437222002338,16.537228084089037],[107.33439873382545,16.537197974448741],[107.33441997664595,16.537173850786374],[107.33444119451484,16.537149755406055],[107.3344963865888,16.537081376172591],[107.33452144769255,16.537029152135247],[107.33451444652384,16.536935307598512],[107.33450535232488,16.536871600175914],[107.33448731332973,16.536745236074939],[107.33446184262142,16.536679336102502],[107.33443637193307,16.53661343612438],[107.33438446888465,16.536509904189785],[107.3343838633366,16.536509158463993],[107.33431397099353,16.536423120978711],[107.33429768324326,16.536372407657339],[107.33428260349423,16.536299882601053],[107.33430912401026,16.536214516743716],[107.33428997991881,16.536129631254472],[107.33417216454336,16.535605114182523],[107.33401064949275,16.534952196422907],[107.33400668041197,16.534936150987289],[107.33420299574887,16.534887950237362],[107.33507072963225,16.53467489835441],[107.33530019555691,16.534593453858573],[107.3353026520913,16.53459220952244],[107.33627026998755,16.534102002504792],[107.33652795669978,16.534024276939867],[107.33675047818633,16.533904295378729],[107.33707446781416,16.533777659943617],[107.33725683506503,16.533681086791848],[107.33756891017855,16.533360893880786],[107.33774906713168,16.533167874900077],[107.33785635302839,16.53305292818024],[107.33807197414355,16.532850933183386],[107.33831107350569,16.532643895143309],[107.33852454711845,16.532469411398111],[107.33883429922093,16.532265165377677],[107.33898955776024,16.532166593119808],[107.33906037203724,16.532175563578857],[107.33928542473245,16.532139578569957],[107.33958782832178,16.532148137909637],[107.33973190044738,16.53217759415622],[107.3399315728377,16.532297252558966],[107.34019903263871,16.53249024410972],[107.34048781118075,16.532807285193503],[107.34116891167237,16.533602733011563],[107.34147350938686,16.533792915429387],[107.34172760638748,16.533854942454866],[107.3417543376821,16.533861468159721],[107.34191211881132,16.533928303477769],[107.34209829625949,16.533956090005862],[107.34262355160052,16.53384861051374],[107.34277879953493,16.533808294303086],[107.34355558212332,16.533569249475772],[107.3439725140186,16.533468959494297],[107.34466768124013,16.533317754652032],[107.34581352441728,16.533020171982809],[107.34599585456949,16.532989207690974],[107.34633492985249,16.532956712412286],[107.34679033508384,16.532913347656347],[107.34700576518847,16.532901362789097],[107.34712385398726,16.532920614448606],[107.34712994963094,16.532921609115693],[107.34729376601975,16.532948315587987],[107.34749289375317,16.533022559474659],[107.34765013496565,16.533116395048438],[107.34780482807935,16.533260323291476],[107.34784811510717,16.533300598328712],[107.34817378048207,16.533593309980553],[107.34828877790129,16.533679946488583],[107.3484764210101,16.533807190330034],[107.34849273714346,16.53381594174553],[107.34862084649137,16.533884654132184],[107.3491644027949,16.534236430950152],[107.34924520869397,16.534288726834536],[107.34959256760703,16.534530998220802],[107.34991235709698,16.534747289119316],[107.35014223003937,16.534944977991543],[107.3502854488395,16.535068144040817],[107.35056845242313,16.535315919196155],[107.35079589998774,16.535470377278003],[107.35081080191212,16.53548049674621],[107.35097603569946,16.535579324276661],[107.35105790456069,16.535628290221915],[107.3513964168271,16.535753542113241],[107.35139649038074,16.535753583741744],[107.35171580373697,16.535936371263166],[107.35189808604164,16.536051432351673],[107.35196864504753,16.536148631839009],[107.35202912039469,16.536231605136681],[107.35208513371506,16.536355259873957],[107.35209649858211,16.536379062507358],[107.35212247150018,16.536433464179293],[107.35214869522976,16.536488390577254],[107.35219249344402,16.536525661410298],[107.35222631112359,16.536554439428695],[107.35224934722977,16.536572923347858],[107.35229387130919,16.536608650263279],[107.35241594216679,16.536674044059861],[107.35283522360324,16.536831277927856],[107.35310933364438,16.536934070376841],[107.35337654749038,16.537074174741225],[107.35374524658545,16.537267488240278],[107.35429357654651,16.537530187952378],[107.35481223698301,16.537719230011756],[107.35490194235972,16.537759759639798],[107.35514810882184,16.53790318044118],[107.35594894990638,16.538369762304185],[107.35607423319011,16.538460051744146],[107.35644732329827,16.53874800240844],[107.35681451042963,16.539031395620285],[107.35688095591101,16.539104229988361],[107.35699156117791,16.539225470027038],[107.35715982568864,16.539409912638519],[107.35756592954137,16.539985481937855],[107.35760736799352,16.540044211933388],[107.35786209984813,16.540614961433693],[107.35788424590721,16.540695519497771],[107.357936105652,16.540884162806407],[107.35800529560824,16.541135844768242],[107.35800930919666,16.541150445430642],[107.35800972172152,16.541151945750443],[107.35805939564855,16.541332636208079],[107.35808011321731,16.54150807592292],[107.35808020915584,16.541509034198036],[107.35811394087887,16.541844700648568],[107.35818030181713,16.542105669304874],[107.35834240729729,16.5425985908727],[107.35845292809249,16.542934000112879],[107.35850836028879,16.543102224884695],[107.35866644969749,16.543581805530838],[107.35870081754983,16.543686063687669],[107.35870879154977,16.543710254664116],[107.35871676554109,16.543734444736732],[107.35888547933796,16.544159172595215],[107.35888656615757,16.544161593023912],[107.35888874366347,16.544166443774404],[107.3589973313199,16.544408343126484],[107.35906531944542,16.544559798457222],[107.35910324889227,16.544644294220596],[107.35918082310991,16.544866440277247],[107.3592341876889,16.545019256137696],[107.35930191519087,16.545256493820283],[107.35937395703647,16.545508844474806],[107.35947792231021,16.545805237975284],[107.35960523996992,16.546078650471323],[107.35969547757574,16.546272433949429],[107.35985227953191,16.546551404094682],[107.35985317814989,16.54655282573264],[107.35995045210545,16.546706688894009],[107.3601013921716,16.546945437485864],[107.36032972777852,16.547286601352695],[107.36039696355046,16.547387062220956],[107.36048411456579,16.547517276117691],[107.36054434290779,16.547607265140808],[107.36073521603629,16.547823965341987],[107.3608194922556,16.547919644903995],[107.36106062492367,16.548185802080777],[107.3610867897273,16.548204911457074],[107.36127814977667,16.548344670783759],[107.36143570441281,16.548602118321458],[107.3614643705648,16.548648959241643],[107.36157225536343,16.548833322875133],[107.3616415218595,16.548951691673693],[107.36164394202484,16.548962689634884],[107.36167431260209,16.549100702552426],[107.36165805823106,16.549292096071447],[107.36157483137535,16.549579853593055],[107.36154406390501,16.549718606250917],[107.36135167213038,16.550586231477343],[107.361329918623,16.55068087801725],[107.36128695498685,16.550867803582292],[107.36121342243294,16.550934365373735],[107.36113945417405,16.550965079929266],[107.36102832030187,16.55099621552727],[107.36098445511075,16.551003778491221],[107.36091703992585,16.551015401408588],[107.36079395303166,16.551082524461798],[107.36068111839515,16.551223361222256],[107.36067800653963,16.551227244744528],[107.36054383938981,16.551402048777657],[107.36052505935027,16.551424792865202],[107.36043038801857,16.551563954039377],[107.35996274136473,16.551976451977666],[107.35916508343009,16.552648573181592],[107.35820220985043,16.553384472064511],[107.35805406864513,16.553497691686555],[107.3577396782418,16.553626730234981],[107.35762169232386,16.553604164352457],[107.35754051114711,16.553551305436468],[107.35747157246185,16.553486356630941],[107.35732145277741,16.553368548776465],[107.35720984181967,16.553317426023135],[107.35702864283624,16.553234428765439],[107.35663708495272,16.553131302582361],[107.35653531101616,16.55311095830811],[107.35638245954492,16.553080403754368],[107.3562207499773,16.553028454876912],[107.35594710555267,16.55294191918674],[107.35566762953485,16.552885325618504],[107.35538232272889,16.552858674154631],[107.35523963256921,16.55284236084767],[107.35514606262961,16.552789640904923],[107.35507948687912,16.552844398505336],[107.35403769639461,16.553701251134555],[107.35394526158484,16.553778497787253],[107.35383643315696,16.553708740756385],[107.35359597232451,16.553517505993501],[107.3535687714663,16.55350117435508],[107.3533713035324,16.553382610882981],[107.35332314127247,16.55334976595455],[107.35299572022747,16.553126470473227],[107.35299253412795,16.553124948164797],[107.35265598767663,16.552964176889386],[107.35233264344716,16.552866246883536],[107.35181107708907,16.552770553595828],[107.35148780591096,16.552678596152415],[107.35117792572132,16.552569652150801],[107.35085875531821,16.5524574411297],[107.35075345676354,16.552421740495387],[107.35026230750729,16.552255218329893],[107.3494861817417,16.551910332582455],[107.34930131510214,16.551828183311898],[107.34921966498727,16.551791899951567],[107.34821950073498,16.552762232210796],[107.34799245330319,16.553044436556867],[107.34792616047305,16.553095375854021],[107.34780022703129,16.553132647229901],[107.34768924802664,16.553176919995494],[107.34757800754915,16.553199684912187],[107.34734774630002,16.553216619723397],[107.3470512786337,16.553291663214136],[107.34690313196616,16.55333635422955],[107.34680745241009,16.553416306699681],[107.34675917937501,16.553497242873178],[107.34671272848149,16.55357512233341],[107.34662673834525,16.55384139605458],[107.34640281176895,16.554381699290897],[107.34635761975024,16.554450092825316],[107.34627870056596,16.554569527353493],[107.34605751917674,16.554722596807149],[107.34576217654777,16.554890841820804],[107.34565579879698,16.554943647379094],[107.34539267331475,16.555074262101137],[107.34524439674595,16.555173157802859],[107.34507554911944,16.555285773897765],[107.34487692788832,16.555460099140262],[107.34481677236703,16.555499763296591],[107.34454502222538,16.55567894748016],[107.34424311081986,16.555918968669911],[107.34416298958308,16.556056107507452],[107.34414650697292,16.556103826798026],[107.34395619113411,16.556461077511909],[107.34435351844847,16.55708469055763],[107.34435719449851,16.557091406314029],[107.34451368053566,16.557377353284551],[107.34461298682615,16.557555974209674],[107.3446372599517,16.557595855311462],[107.34467366455635,16.55765246828441],[107.34469415719434,16.557670344559217],[107.34485140484912,16.557807519334418],[107.3448760628709,16.557848471965563],[107.34491915228287,16.557954071928979],[107.34491383007492,16.55800575876281],[107.34490762166357,16.558058672395482],[107.34490664094029,16.558067026851802],[107.34489730820488,16.558114934913132],[107.3449116009478,16.558149191981773],[107.34494359452169,16.55817177715161],[107.3449775253695,16.558190516593122],[107.34500484779419,16.558200164945077],[107.34540206507285,16.558869939726751],[107.34609081451018,16.55945792927702],[107.34602351996966,16.55954099209313],[107.34575775911772,16.559797349772236],[107.34571127033311,16.559897685285993],[107.34572991075426,16.559946518662617],[107.345785142512,16.559999700659127],[107.3459258550419,16.560029850921719],[107.34610454983057,16.559985213416084],[107.34611153670241,16.559983468027671],[107.3463014197972,16.559976975083277],[107.34638571663292,16.560021708325493],[107.34648240163331,16.560141154161606],[107.34648848471551,16.560254420839129],[107.34646279018214,16.56040814552237],[107.3464763952343,16.560564002058854],[107.34652022132873,16.560638261154246],[107.34658483456452,16.560670216708555],[107.34666506450303,16.560661408463371],[107.3468457724484,16.560649787877793],[107.34695533224776,16.560689195464498],[107.34710815240635,16.560803301913907],[107.3471410286902,16.560899157022114],[107.34711607683893,16.561073939640906],[107.34711937580443,16.561279759427258],[107.34713238786037,16.561430681161625],[107.34717058066548,16.561577244987273],[107.34721223750942,16.561712848176292],[107.34731549514447,16.562093707719349],[107.34736184817469,16.562264675824935],[107.34740863254763,16.562518849933944],[107.34741554513877,16.562789399590702],[107.34740121195553,16.562868830681094],[107.34737385563682,16.562952609163275],[107.34735542697256,16.562991118287954],[107.34733604892818,16.563073644225785],[107.34729071046871,16.563166773669213],[107.34725455474283,16.56325083560467],[107.34722834284864,16.563388564092925],[107.34720140792696,16.563466546397358],[107.34715865877493,16.563517818520712],[107.34708774493913,16.563545507042907],[107.34701365968505,16.563567255579031],[107.34696770568431,16.563609600682689],[107.34691715641678,16.56365140767144],[107.3468210162678,16.563698508068963],[107.34675032297235,16.563750055272273],[107.34670398204784,16.563806937894583],[107.34666176545269,16.563874894359802],[107.34665599664977,16.564068277742166],[107.34671771876776,16.56425966300635],[107.34677144814354,16.56431858875921],[107.34686321808864,16.564370753273227],[107.34696520757754,16.564451556411864],[107.34702057436384,16.564538928399614],[107.34701895152257,16.56470725106999],[107.3470333151615,16.564866088990154],[107.34708524339433,16.565005930512051],[107.34711564437147,16.565084570138751],[107.34714170552061,16.565151981169357],[107.34714912479163,16.565231663929108],[107.34713994953414,16.565286113276017],[107.34704729359576,16.565393545910513],[107.34679199748149,16.565538430841354],[107.34657460998092,16.565654080271845],[107.34654293490118,16.56565744538646],[107.34649299137551,16.565661314460481],[107.34644041717837,16.565696225408018],[107.3463730544596,16.565762197786775],[107.34631518326478,16.565865534448886],[107.34627633334868,16.566001132462841],[107.34626337787911,16.566081601327479],[107.3461042529858,16.5662228671181],[107.34605232003307,16.566283205688823],[107.34595403326415,16.566353029595302],[107.34576449345684,16.56643324025891],[107.34571657512488,16.566443400823822],[107.34558552444275,16.566471188267379],[107.3453500997868,16.566466831826197],[107.34522914317976,16.566423649609629],[107.3451909997687,16.566495056006964],[107.34512561649541,16.566567528006793],[107.3450681910211,16.566611824982612],[107.34498402282726,16.566649123986299],[107.34492497429018,16.566694758109495],[107.34486352626232,16.566713263404605],[107.34483248632941,16.566722611294217],[107.34474712630283,16.566720275262071],[107.34462751706461,16.566676360260487],[107.34450240203053,16.56663468697808],[107.34446817090992,16.566632204235162],[107.34444159980764,16.56664827874269],[107.34440946342551,16.566695964779285],[107.34439940263564,16.566724759667885],[107.34439534198019,16.566757789695092],[107.34439567175988,16.566785033064331],[107.34440343498953,16.566812193643685],[107.34444504525257,16.56685560304939],[107.34450913802803,16.566928433704827],[107.34453490902077,16.566975943809769],[107.34453609756549,16.566992183641485],[107.34453328600466,16.567005599448848],[107.3445225446341,16.567019105447084],[107.34450285941672,16.567030799740852],[107.34446116123151,16.567050235241311],[107.34440800617453,16.567056725430668],[107.34437924980796,16.567056092545798],[107.34435884696657,16.567049438673756],[107.34434086671193,16.567038168465629],[107.3443218145878,16.567020218247823],[107.34426857543957,16.566962497758318],[107.34421240998539,16.566908635013895],[107.344195397494,16.566895442389693],[107.34417754452984,16.566894686722538],[107.34416169647281,16.566895821795185],[107.34414395921829,16.56690462596427],[107.34409759094572,16.566946833423959],[107.34396948442041,16.567139770324147],[107.34394268805761,16.567198847164249],[107.34394312770249,16.567235172570076],[107.34394743923701,16.567263805656125],[107.34395758221177,16.567282811953927],[107.34398157997033,16.567299750778467],[107.3440354050725,16.56732400255218],[107.34405279037688,16.567331079771463],[107.34420740983285,16.567347085532028],[107.34428182123369,16.567370004273663],[107.34432039257094,16.567381884579941],[107.34442446049898,16.567450153977855],[107.34444998553937,16.567504809705589],[107.34445040213977,16.567539222949151],[107.34444680800232,16.567569857438471],[107.34443920217754,16.567596712280903],[107.3444256029159,16.567619810693227],[107.34436076336222,16.567675735918364],[107.34425043879207,16.567746951273165],[107.34418167883294,16.567751781496497],[107.34405116005755,16.567678976803045],[107.34402167472125,16.567663706844758],[107.3438843301047,16.56759257872211],[107.34384654920198,16.567581309142756],[107.34379049905199,16.567565773581858],[107.34374093914657,16.567566331447967],[107.34368160332416,16.567587578744984],[107.34361070623076,16.567625180471993],[107.34356563262357,16.567690955440895],[107.34354886160428,16.567763358671762],[107.34360337768959,16.56789655952446],[107.34368903651351,16.568039248277266],[107.34373999403387,16.568124131459758],[107.34388322706225,16.568315602855524],[107.34395940081532,16.568420248510236],[107.34394467199466,16.568486467866212],[107.34386887949151,16.568550303237163],[107.34374190008269,16.568543214000023],[107.34338178627738,16.568413723976235],[107.34336108669723,16.568409496166584],[107.34333500470134,16.568404169020841],[107.34327944579515,16.568432500322658],[107.34323298084807,16.568466917270204],[107.3431809324764,16.568489662419317],[107.343132354673,16.568483388758501],[107.34308475998661,16.568465468764387],[107.34297600972022,16.568374857140508],[107.34290653391018,16.568352287125645],[107.34283733773086,16.568368314455288],[107.34280551811588,16.568385330434701],[107.34277495187028,16.568429297564109],[107.34279823290626,16.568524881957675],[107.34286174773112,16.568575794205266],[107.3429358683785,16.568674907733275],[107.34295961659183,16.568723159880978],[107.34295327972649,16.568797857643503],[107.34291865566304,16.568847859727416],[107.34284345009387,16.568897383489436],[107.34280913367424,16.568928841565356],[107.34278712033989,16.568952990335273],[107.34277023772323,16.568991422189121],[107.34277357510415,16.569034929232895],[107.34277244542352,16.569061405836578],[107.34275894596355,16.569089293560221],[107.34270691785396,16.569148031811046],[107.34269832580625,16.569157731193727],[107.3426509124868,16.56921125932935],[107.34264612462059,16.56922732975254],[107.34263726566913,16.569263281934258],[107.34263851235295,16.569287898885328],[107.34264016986845,16.569320614341279],[107.34264307407184,16.569377946747753],[107.34263934937037,16.569379849577334],[107.34264339761243,16.569384327143226],[107.34258004769509,16.569820225791688],[107.34286040313238,16.570299564761534],[107.34316644121164,16.571013162960554],[107.34341379096838,16.571791954273895],[107.34354954387939,16.572564831488595],[107.34363377945479,16.573381310912033],[107.34375032673444,16.573795882894725],[107.3438794850787,16.574023881380644],[107.34412128669477,16.574343826832955],[107.34457876753694,16.574668513329129],[107.34536552799618,16.575168748704069],[107.34697631907794,16.576175957766107],[107.34815158749383,16.576829547794119],[107.34926503926371,16.577290228338281],[107.34986904540975,16.577433986419223],[107.35145716711286,16.577796078582498],[107.352075869966,16.57792532306539],[107.35265223273728,16.578241475489186],[107.35320104036842,16.578737196209119],[107.35405271853224,16.579681221799689],[107.35436818950102,16.579942957001158],[107.35475669629395,16.580096308470083],[107.35518158964577,16.580184714591169],[107.3556423464025,16.580165158121776],[107.35618357186051,16.580037133824483],[107.35707911234701,16.579697154514655],[107.35770132698025,16.579503676488017],[107.35803604664,16.57951422431136],[107.35819365308201,16.579634333488563],[107.35826344478198,16.57987016406927],[107.35829877407069,16.580328666058524],[107.35831049037147,16.580679881064132],[107.35827803648675,16.581067447923456],[107.35819389179608,16.581484282002116],[107.35802158240101,16.581988159350924],[107.35781017748764,16.582334731403023],[107.35744106708958,16.583163505288592],[107.35710544713439,16.584300223487912],[107.3569884075095,16.585068777212253],[107.35694247998967,16.585571223112709],[107.35702284499767,16.586674546364939],[107.35714109100729,16.587225323707198],[107.35725933882395,16.58777609995532],[107.35753520158849,16.588446986543723],[107.35793203111116,16.589281418265386],[107.35826790129501,16.58999464488134],[107.35847677097206,16.590659118235841],[107.35850755762866,16.591354292322752],[107.35854271646494,16.592407934048865],[107.35863560701694,16.593317513320905],[107.35864758942,16.593690235291294],[107.3586062163461,16.593956007153416],[107.35847571207034,16.594229960850189],[107.35832132811102,16.594375118562844],[107.35831659019081,16.594433752637858],[107.35842006250512,16.594561374753432],[107.3585429758914,16.594712975156419],[107.35902218531476,16.594874056256611],[107.35926196106158,16.594929325969886],[107.36036676521299,16.595183988283004],[107.36131086098926,16.595922628249706],[107.3623619718898,16.596670854628705],[107.36240897514286,16.596630482947571],[107.36243875548953,16.596581336750411],[107.36247129283394,16.596493324378464],[107.36251849205505,16.596462860157438],[107.36256676962168,16.596456241037732],[107.36265077742398,16.596482585442292],[107.36272402645406,16.596508591378424],[107.36294830855621,16.596595174485824],[107.36279914792503,16.596925137537617],[107.36281285559569,16.596998876323102],[107.36284463804962,16.597064243423503],[107.36291091725153,16.597100277028336],[107.36296361776417,16.597105620216851],[107.36334188103129,16.597094741239182],[107.36343654455347,16.59710392162631],[107.36359004263565,16.597118807958243],[107.36372070320978,16.597162137310761],[107.36381108993749,16.597205923618183],[107.36381322182511,16.597209575088456],[107.36388387635643,16.597330576928872],[107.36395436897826,16.597520983672222],[107.36400015091805,16.59771764701015],[107.36403546996247,16.597818824697821],[107.36408882871659,16.597874982275055],[107.36418821836807,16.597894766184673],[107.36428122909918,16.597899683077486],[107.36440871865479,16.59793707235341],[107.36450541173566,16.597989749551832],[107.36459653085534,16.598093280656528],[107.36464173475001,16.598160844312599],[107.36473682703355,16.598282593960437],[107.36480409248598,16.59831050993629],[107.36487472575172,16.598309706386267],[107.36494885650575,16.598290937054376],[107.36501546498714,16.598265083435479],[107.36510464116506,16.598260483468344],[107.36520142827816,16.59827013836005],[107.36528373924931,16.598312223573231],[107.3653733102505,16.598339885548388],[107.3654329218963,16.598349962437318],[107.36549953031064,16.598324108669004],[107.36554737546496,16.598284126912457],[107.36565426187494,16.598207623138226],[107.36575756207829,16.59814191444244],[107.36586475544742,16.598090501979829],[107.36600558197397,16.598053048152106],[107.36613569500331,16.598051567187191],[107.3662291582792,16.598093525071612],[107.36628969239273,16.598178879497464],[107.36633592616305,16.598311003802426],[107.36637795950729,16.598403739534533],[107.36642357895849,16.598485678315487],[107.36644663056474,16.598546363582752],[107.36646233448464,16.598614302332496],[107.36646688520902,16.598682368955835],[107.36641958968696,16.598847570663608],[107.36638878965832,16.598894626873552],[107.36634613600278,16.598948956244058],[107.36619577752907,16.599122604895324],[107.36616426108272,16.599180325983614],[107.36614507860716,16.599233126174109],[107.366135837527,16.599288204350021],[107.36615146828876,16.599350168339139],[107.36616948980947,16.599404936174931],[107.36614068588922,16.599481747463098],[107.36607455994776,16.599547032354423],[107.36600079459571,16.599595674260357],[107.36591484239533,16.599661185690632],[107.36582889012369,16.599726696189261],[107.36578465915206,16.599758271037626],[107.36574801089421,16.599801709911159],[107.36574646119089,16.599877613857444],[107.36581630091942,16.599913267973317],[107.3658731283177,16.599898280570216],[107.36595202636823,16.599863920852549],[107.36607481694364,16.599825748008769],[107.36624596517316,16.599759832147971],[107.36634318858924,16.59974438475238],[107.36641626326497,16.599760761516844],[107.36648512225376,16.599797263059855],[107.36652863231268,16.59982831695573],[107.36658173702322,16.599853525368275],[107.36667248029678,16.599855360288462],[107.36675621570997,16.599831461927842],[107.36682293756722,16.599814927102891],[107.36691361056748,16.599811026489839],[107.36699571272186,16.599835904586911],[107.36707039693823,16.599862301633912],[107.36713113215329,16.599842609049404],[107.36713006523991,16.599755501883095],[107.36713795990504,16.599671519401241],[107.36720488096107,16.599610526873306],[107.36741431320526,16.5995756059332],[107.36748030397965,16.599566244556474],[107.36754732227124,16.599573846173005],[107.36762421799604,16.599578348806492],[107.36770326828115,16.599556534171576],[107.36776493432035,16.59953193108538],[107.36783174764588,16.599522804133198],[107.36790743975095,16.599530307728749],[107.36802427320876,16.599557657872619],[107.36811496715617,16.599575744775297],[107.36823160394248,16.599586965144802],[107.36847024462875,16.599555283998193],[107.36852364991823,16.599550429749556],[107.36860499426527,16.599533959917196],[107.36868053049328,16.599506272592699],[107.36873263494628,16.599483721283921],[107.3687935526229,16.599456166185355],[107.36886333299506,16.599429325786044],[107.36892648206428,16.599406654887424],[107.36898560534854,16.599389621541143],[107.36904304660543,16.599374236075562],[107.36910059375352,16.599357707563783],[107.36918452203375,16.599330947006262],[107.36926335199814,16.599307695295998],[107.36936428509836,16.599274253946081],[107.36944391763227,16.59923562356467],[107.36950725830999,16.599197035242742],[107.36955704863125,16.599159433351318],[107.36960244706742,16.599122211236537],[107.36972860440738,16.599009798396047],[107.36980572248211,16.598982031242631],[107.3699030334365,16.598958514416857],[107.36996050686447,16.598933700176559],[107.36997814758283,16.598937546017282],[107.36999280358879,16.598940170242017],[107.370013664666,16.59894229914698],[107.37002386707557,16.598943095197242],[107.37004119610722,16.598944442329877],[107.37005250221667,16.598944331486337],[107.37006591550598,16.598943401675662],[107.37008005794354,16.598940051628375],[107.37009521311678,16.598936780367058],[107.37010731134674,16.598933272957872],[107.37011595923754,16.598928007239618],[107.37012491881694,16.598925240223281],[107.37013726194463,16.598918785126621],[107.37014809305948,16.598918137689125],[107.37016644430217,16.598919572523453],[107.37019610165181,16.598920896504971],[107.37020505186234,16.59891812959216],[107.3702249242598,16.598913738590252],[107.37024721552525,16.598911027320188],[107.37026929542823,16.598904831559778],[107.370345479606,16.598865245612252],[107.37036859651158,16.598852705593583],[107.37038344934517,16.598846935504458],[107.37039877705971,16.598841692970527],[107.37043234114479,16.598826992259657],[107.37045096143491,16.598819047317789],[107.37047242729889,16.598807854028774],[107.37051384724012,16.598791293170258],[107.37054757449383,16.598774621297821],[107.37055026235429,16.598773484955267],[107.37056832057134,16.598765848129961],[107.37058885539082,16.598753599505415],[107.37060819532945,16.598743225389143],[107.37061583046082,16.598737880868363],[107.37062401281153,16.598732087469379],[107.37063283334203,16.598724859512711],[107.37064644343015,16.598715535381576],[107.37067237223151,16.598706170126349],[107.37070959786347,16.598696703129779],[107.37072217094517,16.598693723243432],[107.37073944262272,16.598689632859614],[107.37076708924606,16.598684367237695],[107.37079905042938,16.5986764688476],[107.37081492533459,16.598670777407698],[107.37082795456084,16.598668325284134],[107.3708435846865,16.598665590559694],[107.37085763601331,16.598663217110904],[107.37087475375506,16.598661088722537],[107.3708898272932,16.598658802980172],[107.37090333151053,16.598656887439184],[107.37091619754953,16.598656406455277],[107.37092702875232,16.598655768011515],[107.3709382438787,16.598656642801309],[107.37095133065706,16.598659646194271],[107.37096734651651,16.598660176252643],[107.37099419536941,16.598652882666908],[107.37100774234558,16.598641776039162],[107.37103309070361,16.598620990097917],[107.37105238251971,16.598605169346666],[107.37106836325498,16.598592069284955],[107.37107608006809,16.598585748209299],[107.37108324018482,16.59857986708715],[107.37109582813684,16.598570464255154],[107.37110699506492,16.59856588340612],[107.37113025091678,16.598557804232108],[107.37114060711806,16.598556629191535],[107.37115819047105,16.598555037474661],[107.37117701655703,16.598556999777443],[107.37120275798247,16.598556037670015],[107.37121893519694,16.598552845007742],[107.37123298661845,16.598550480567322],[107.37124940860323,16.598544331185611],[107.37128084676415,16.598530458575365],[107.37129547879253,16.59852120404965],[107.37130264837712,16.59851533184635],[107.37132623068337,16.59850331939484],[107.37133794481784,16.598498289655016],[107.371350508616,16.598495318872502],[107.37136323548278,16.59849036791238],[107.37137564535612,16.598489359134163],[107.37139189478334,16.598485180993986],[107.3714017948278,16.59848347817373],[107.37142621180085,16.598479938560967],[107.37143813731151,16.598478393300315],[107.37144825810294,16.598480174855347],[107.37146024107176,16.598484076083366],[107.37147482493644,16.598487694703046],[107.37149042142423,16.598491383069803],[107.3715040646677,16.598493928409368],[107.37152420581891,16.598498468266076],[107.37154694775541,16.59850271648007],[107.37155656942613,16.598510393506018],[107.37157765093271,16.598534308322296],[107.37158749324608,16.598545460691195],[107.37159452361315,16.598553438281353],[107.37160240342645,16.598563456763358],[107.37161075812475,16.598574002797978],[107.37161630065403,16.598581355990156],[107.37162785145293,16.598596608098003],[107.37163821697567,16.598613752676933],[107.3716453862894,16.598626182149399],[107.37165083797716,16.598634530051552],[107.37165527682025,16.598642790141959],[107.37166471109141,16.598658861335061],[107.37166945238761,16.59866962926144],[107.37167218302186,16.598679079570651],[107.37167223095904,16.598679245238397],[107.37167532123887,16.598691359912667],[107.37168116622641,16.598701220938661],[107.37168401163179,16.59871628329735],[107.37168662702847,16.598727870418447],[107.37168861362042,16.598740891992236],[107.3716917856018,16.598752030125798],[107.37169573469927,16.598766185584022],[107.37169667506893,16.598785560546428],[107.3716970923436,16.59879895232821],[107.37169648751635,16.5988122654378],[107.37169401102801,16.598823449951553],[107.37168687490245,16.598841209750216],[107.37168291079287,16.598851787932102],[107.37167607689645,16.598872037502666],[107.37167122973776,16.598886997928812],[107.37166693916279,16.598901509367533],[107.3716588382851,16.598924627950296],[107.37165068930695,16.598942299937164],[107.37164592373357,16.598956274790833],[107.37163688244809,16.598978338160773],[107.37162936227239,16.598994575694501],[107.37162195717418,16.599003395487689],[107.37161327583964,16.599015093431941],[107.3716046759818,16.599025796771524],[107.37159789979869,16.599033191143576],[107.37159112350423,16.599040576483304],[107.37157600170316,16.599055726402177],[107.37156646143761,16.599065374527878],[107.37154993359944,16.59907893254049],[107.37153891496544,16.599087965193586],[107.37151466105271,16.599107853436195],[107.37148655798276,16.599130893083515],[107.37143806875322,16.599170660311088],[107.37141547498788,16.599189183626461],[107.37140004145495,16.599201834837597],[107.37139067383026,16.599209520737745],[107.37137744768212,16.599220358149726],[107.37136201425491,16.599233018390773],[107.37134642679126,16.599247631604474],[107.37132768205456,16.599262994475367],[107.37131933652859,16.599270759046707],[107.37130933997712,16.599279870364022],[107.37130264536383,16.599286279156505],[107.3712899664247,16.599296667684396],[107.37128477165287,16.59930269351312],[107.37127916862445,16.599309193736417],[107.37126354764763,16.599330239114877],[107.371246798838,16.599358623453515],[107.37123517531786,16.599380969206077],[107.37122963248331,16.59939191769584],[107.37122536600259,16.599399997067827],[107.37122043720952,16.599415943061345],[107.37121905512976,16.599426229814163],[107.37121961153598,16.599444091550382],[107.3712193182738,16.599459894328671],[107.37122016542261,16.599470223401482],[107.37122058508145,16.59947533604042],[107.37122379037652,16.599498352735349],[107.37122776341906,16.599524386863806],[107.3712315733933,16.599552401168872],[107.37123510505346,16.599571475573669],[107.3712390782112,16.599597518733496],[107.37123948609688,16.599610910625955],[107.37124054152727,16.599622867852617],[107.37124418821597,16.599652844269304],[107.37124583895813,16.599669799213057],[107.37124739323414,16.599694162652575],[107.37124662520102,16.599709446908868],[107.37124593864736,16.599723736560659],[107.37124508902414,16.5997400063893],[107.37124082225323,16.599766387452032],[107.37123671888375,16.599790815434307],[107.37123509192342,16.599804049872066],[107.3712312426908,16.599825521030425],[107.37122810385914,16.59984457216428],[107.37122315092739,16.599866950221159],[107.37121965229785,16.599878056059687],[107.37121529485148,16.599887121111774],[107.37120838854808,16.599908347109508],[107.37120254329668,16.599935116549236],[107.37119792608956,16.599953552209694],[107.37119076564457,16.599977735031235],[107.37118247736571,16.600009256813745],[107.37117198157533,16.600042583360878],[107.37116192734636,16.600064558908642],[107.37114823543227,16.600093179376419],[107.37112650028642,16.600132063217888],[107.37111669093184,16.600151091079557],[107.37110245178414,16.600180160425367],[107.37109390941833,16.600196319275643],[107.37108688829497,16.60020666132311],[107.37107765965862,16.600218808134464],[107.37106495651491,16.600235628720164],[107.37105633255294,16.60025277314195],[107.37104426758596,16.60026815916811],[107.37103013425963,16.600289819907857],[107.37102098720732,16.600300981145171],[107.37101167697149,16.600314113527006],[107.37100244832575,16.600326260336182],[107.37099021068975,16.600343608579777],[107.37097679712527,16.60036284918619],[107.37096487130047,16.600382705159852],[107.37095737516566,16.600392510618303],[107.37094254618785,16.60041015942198],[107.37092963175293,16.60042350454929],[107.37090984999212,16.600445220681625],[107.37089755489001,16.60045712243053],[107.37088038870955,16.600472114968117],[107.370861105968,16.600487926587686],[107.37084732322802,16.600499221997943],[107.37082748400105,16.60051549163315],[107.37081867277347,16.600522719499722],[107.37080323910078,16.600535370683776],[107.3707839564571,16.600551191329863],[107.37075529661976,16.600574688931616],[107.37073491015279,16.600591407438781],[107.37071837265343,16.600604956482453],[107.37070845771277,16.600613091242],[107.37069743906639,16.600622132897715],[107.37067605462447,16.60063234066007],[107.37065149799146,16.600649720996909],[107.37063199458191,16.600662057252638],[107.37062381215772,16.600667850661502],[107.37061005353976,16.600672713994669],[107.37059700002723,16.600681598186586],[107.37058267003231,16.600693342461447],[107.37056779292152,16.600705544646186],[107.37056062323896,16.600711416836337],[107.37051516625606,16.600757852119965],[107.37050027965812,16.600770045375675],[107.37048099696496,16.600785865999523],[107.37045058026254,16.600818127947591],[107.37043616865425,16.600830857787184],[107.37041136719037,16.600851194819043],[107.37038491478751,16.600872887621971],[107.37036995594481,16.600886066336155],[107.37036207583456,16.600894358544238],[107.37035356690323,16.600904085202739],[107.37034717453676,16.60091299278233],[107.3703370053025,16.600924075320339],[107.37032466181846,16.600948841174628],[107.37031893143831,16.600968183829689],[107.37031813918234,16.600989900156613],[107.37032486691859,16.601013680674793],[107.37033118681721,16.601024069292158],[107.37033766064935,16.601032495903073],[107.37034835260508,16.60104569825042],[107.37035270987163,16.601054943939541],[107.37035728787654,16.601067674008423],[107.37036007580318,16.601077289898075],[107.3703611218333,16.601089247240481],[107.37036264286272,16.601101741170407],[107.37035856341981,16.601119728052907],[107.37035074073924,16.601133466754554],[107.37034371954546,16.601143808785569],[107.37033363189516,16.601153905752227],[107.37031322117461,16.601177056295313],[107.3703005420638,16.601187444783932],[107.37029431287651,16.601194381218061],[107.37028707094053,16.601201238867674],[107.3702714739898,16.601215861168104],[107.37025549299948,16.601228961200441],[107.37021912553658,16.601258788734363],[107.37020903787374,16.601268885696481],[107.37020021722185,16.601276113650545],[107.37018674608518,16.601289907729392],[107.37017729671958,16.601298579165281],[107.37016098922356,16.601315612450236],[107.37015120388531,16.601328208218149],[107.37014489309274,16.601336130221604],[107.37013684965423,16.601346384537493],[107.37012770261401,16.601357554779664],[107.37011863705756,16.601367730416829],[107.37011147670442,16.601373602489225],[107.37010312167627,16.601381367135154],[107.37008854670262,16.601396059071455],[107.37007689915934,16.601406535153384],[107.37006011675712,16.601423040876501],[107.37004672719628,16.601435849376081],[107.37003049201714,16.601451906219896],[107.37001599873953,16.601465621611943],[107.37000198034835,16.601479864559437],[107.3699840942202,16.601497277171845],[107.36996841551552,16.601512875995649],[107.36994816790698,16.601534055367335],[107.36992665338731,16.601558112776434],[107.36991278891978,16.601570393713164],[107.36989727339672,16.601584021387694],[107.36988702250689,16.601596089483571],[107.36987906075188,16.601605367251874],[107.36987454927369,16.601616394293959],[107.36986264743724,16.601629818159548],[107.36980963641419,16.601680612271299],[107.36977717522939,16.601712716791642],[107.36974465660995,16.601739374813256],[107.3697044304817,16.601772362801562],[107.36968679845978,16.601786818569899],[107.36966695900234,16.601803088122029],[107.36965356938906,16.601815896602577],[107.36961333386158,16.601848884683871],[107.36957366417396,16.601881414636718],[107.36952626822688,16.601920274762712],[107.36950588151079,16.601936993179255],[107.36946950431781,16.601966811686776],[107.36946124020373,16.601973590633538],[107.36945241960163,16.601980827595288],[107.36943368382236,16.601996190238374],[107.36941167032313,16.602007832346562],[107.36937217869394,16.602031968193362],[107.36928433600144,16.602082021081781],[107.36921820413214,16.602136243782287],[107.36911884300069,16.602219544431652],[107.36910672035454,16.602229483881114],[107.36903574316783,16.60229403276557],[107.36728796305766,16.603259521582707],[107.36721422448052,16.60330935433749],[107.3668738326585,16.603509222517857],[107.36492821011646,16.604651620526766],[107.3622161590074,16.606217208249532],[107.36087354844513,16.606814197905621],[107.35944326824699,16.607575157222854],[107.3581298275441,16.608147535967927],[107.35758026194873,16.608309130560734],[107.35737717321147,16.608424965051597],[107.35713763468388,16.608600965769838],[107.35687382243006,16.608819069358276],[107.35672649745106,16.608934270703724],[107.3564548111776,16.609015031380494],[107.35620769056507,16.609077587074864],[107.35600481870469,16.609211343993515],[107.35573502526782,16.609447439346312],[107.35500826061072,16.610010834016574],[107.35476505003307,16.610199371914629],[107.35454110193437,16.610399404085427],[107.35434130573316,16.610577863176125],[107.35411556890239,16.610763116584423],[107.3539804826855,16.610862606594949],[107.35391672288101,16.610925280803009],[107.35385377428094,16.611003781522854],[107.35384365386214,16.61105243046303],[107.35382387761248,16.611147490901939],[107.3538014070744,16.611205596025869],[107.35377706823319,16.611228638025111],[107.35373910311087,16.611252363780963],[107.35371207160574,16.611271791267935],[107.35366253092292,16.611274742850785],[107.35362520700454,16.611263215327433],[107.35359534823834,16.611253992576668],[107.35351782407206,16.611232160699377],[107.35349228295702,16.611232506980375],[107.353445236206,16.611233145683748],[107.35343184994113,16.611241531373818],[107.35342678307234,16.611242287970228],[107.35342007966366,16.611248905070536],[107.35339393939486,16.611265280843771],[107.35336392413312,16.611304337557868],[107.35334600904119,16.611327649108976],[107.3533008922422,16.611370265364521],[107.35324539712623,16.611381562605683],[107.35313230905659,16.611371931215544],[107.35309851670866,16.61136551268573],[107.35290170224999,16.611328129241297],[107.35275323910648,16.611324047415177],[107.35256776937449,16.611356943175149],[107.35247612460563,16.611389816013286],[107.3523619913979,16.611430755653025],[107.35226765553254,16.611428148175474],[107.35222264506223,16.611426904453698],[107.35211715669085,16.611457706239221],[107.35209319088055,16.611464703951349],[107.35200397374217,16.611490754104743],[107.35177234462414,16.61158457888288],[107.35169232761335,16.611634780625202],[107.35158153253951,16.611704292102303],[107.35150631665782,16.611773391732623],[107.35148544619747,16.611805157645385],[107.35148434145253,16.611806838640312],[107.35147968564483,16.611866900941553],[107.3514978973711,16.611908321186828],[107.35156893433221,16.612000760882832],[107.35158381084591,16.612042959621061],[107.35150812411915,16.61218034888342],[107.35143788609561,16.612261861110365],[107.35140732621997,16.61229686320517],[107.35137418580707,16.612323530382575],[107.35124855090234,16.612388290074449],[107.35121685783619,16.612404020238159],[107.35119434338851,16.612415194790085],[107.35117969037171,16.61243328674588],[107.35117630693752,16.61246081130313],[107.35118159801989,16.612488238575917],[107.35119676023793,16.612511967811709],[107.35121178375915,16.612521381406779],[107.35121924216929,16.612526054028699],[107.35123173656118,16.612534277629724],[107.35124058659196,16.612548518148422],[107.35122832404629,16.612559413152908],[107.35119248755956,16.612568183827221],[107.35115716314473,16.61257345815137],[107.35114753618913,16.612574895948587],[107.35114052498623,16.612575942797324],[107.35109349069683,16.612581254802723],[107.35104641276854,16.612582982794819],[107.35103226874045,16.612585244981926],[107.35101424974329,16.612588127364532],[107.35099701709566,16.612597882573802],[107.35099096581837,16.612609901495073],[107.35099497482372,16.612633757885501],[107.35102544645861,16.612698771346189],[107.35101655186713,16.612731736833535],[107.35099511921655,16.612752892897589],[107.35094277738959,16.612780373561097],[107.35083167874993,16.612817483163052],[107.35073297357754,16.612854452451444],[107.35063095131855,16.612873532230434],[107.35029647228372,16.612920338371772],[107.35023467482318,16.612935944714309],[107.35006130055314,16.612979727003449],[107.34980550851014,16.613145149207313],[107.34969924356292,16.613375803583228],[107.34967377757468,16.61341954107721],[107.34960547942465,16.61353684334944],[107.34942192379849,16.613514618612509],[107.34934100681612,16.613485657313497],[107.34925367594271,16.613438842407955],[107.34914105013182,16.613350486539023],[107.34904059993835,16.613244066780592],[107.34896478880866,16.613125418780026],[107.348883509608,16.613066584804375],[107.34867844689694,16.613021100942582],[107.34829443799106,16.613081989882172],[107.34810947481992,16.613029653921146],[107.34726872882985,16.612690913954626],[107.34609924299173,16.611714240312498],[107.34563696514137,16.612027242593982]]]},"properties":{"OBJECTID":15,"maNhanDang":"025NAD03000001","ngayThuNhan":1734652800000,"ngayCapNhat":1737331200000,"maDoiTuong":"AD03","maDonViHanhChinh":"19849","ten":"xã Phong Thu","dienTich":25.004000000000001,"soLuongMoLietSiChonCatBanDauTrenDiaBan":156,"soLuongMoLietSiDaTimKiemTrenDiaBan":76,"soMoLietSiDoGiaDinhChamSocQuanLy":79,"soMoChuyenDenTuDiaPhuongKhac":0,"soMoDaBanGiaoDiaPhuongKhac":15,"thongTinChung":null,"nguonCungCapThongTin":"BCĐ 515 tỉnh Thừa Thiên Huế","thoiGianCapNhat":"20/01/2025","donViCapNhat":"Cục Tác chiến/BTTM","soLuongMoLietSiChuaTimKiemQuyTapTrenDiaBan":7,"danSo":3077,"soMoLietSiTrongNghiaTrangLietSiDiaPhuong":0,"soMoCoHaiCot":79,"soMoKhongCoHaiCot":0,"soMoCoDuThongTin":0,"soMoCoMotPhanThongTin":79,"SHAPE_Length":38197.5416176867,"SHAPE_Area":26485468.415996931,"soMoChuaXacDinhDuocThongTin":0}},{"type":"Feature","id":16,"geometry":{"type":"Polygon","coordinates":[[[107.36281582057154,16.540981911695344],[107.36244662336722,16.541186864586482],[107.36229837329579,16.541222006131804],[107.36205562538612,16.541229536741767],[107.36172869713539,16.541242800209222],[107.36154786804008,16.541265249614558],[107.36105076068658,16.541326961961538],[107.36064956962635,16.541355499314697],[107.35984756743723,16.541417067033588],[107.35962976905952,16.541438652274842],[107.35945610360433,16.541421497211434],[107.35927200388716,16.541361437039431],[107.35904616932625,16.541129760368978],[107.35878214673154,16.541018021624183],[107.35865331112709,16.541019479041594],[107.35800972172152,16.541151945750443],[107.35800930919666,16.541150445430642],[107.35800529560824,16.541135844768242],[107.357936105652,16.540884162806407],[107.35788424590721,16.540695519497771],[107.35786209984813,16.540614961433693],[107.35760736799352,16.540044211933388],[107.35756592954137,16.539985481937855],[107.35715982568864,16.539409912638519],[107.35699156117791,16.539225470027038],[107.35688095591101,16.539104229988361],[107.35681451042963,16.539031395620285],[107.35644732329827,16.53874800240844],[107.35607423319011,16.538460051744146],[107.35594894990638,16.538369762304185],[107.35514810882184,16.53790318044118],[107.35490194235972,16.537759759639798],[107.35481223698301,16.537719230011756],[107.35429357654651,16.537530187952378],[107.35374524658545,16.537267488240278],[107.35337654749038,16.537074174741225],[107.35310933364438,16.536934070376841],[107.35283522360324,16.536831277927856],[107.35241594216679,16.536674044059861],[107.35229387130919,16.536608650263279],[107.35224934722977,16.536572923347858],[107.35222631112359,16.536554439428695],[107.35219249344402,16.536525661410298],[107.35214869522976,16.536488390577254],[107.35212247150018,16.536433464179293],[107.35209649858211,16.536379062507358],[107.35208513371506,16.536355259873957],[107.35202912039469,16.536231605136681],[107.35196864504753,16.536148631839009],[107.35189808604164,16.536051432351673],[107.35171580373697,16.535936371263166],[107.35139649038074,16.535753583741744],[107.3513964168271,16.535753542113241],[107.35105790456069,16.535628290221915],[107.35097603569946,16.535579324276661],[107.35081080191212,16.53548049674621],[107.35079589998774,16.535470377278003],[107.35056845242313,16.535315919196155],[107.3502854488395,16.535068144040817],[107.35014223003937,16.534944977991543],[107.34991235709698,16.534747289119316],[107.34959256760703,16.534530998220802],[107.34924520869397,16.534288726834536],[107.3491644027949,16.534236430950152],[107.34862084649137,16.533884654132184],[107.34849273714346,16.53381594174553],[107.3484764210101,16.533807190330034],[107.34828877790129,16.533679946488583],[107.34817378048207,16.533593309980553],[107.34784811510717,16.533300598328712],[107.34780482807935,16.533260323291476],[107.34765013496565,16.533116395048438],[107.34749289375317,16.533022559474659],[107.34729376601975,16.532948315587987],[107.34712994963094,16.532921609115693],[107.34712385398726,16.532920614448606],[107.34700576518847,16.532901362789097],[107.34679033508384,16.532913347656347],[107.34633492985249,16.532956712412286],[107.34599585456949,16.532989207690974],[107.34581352441728,16.533020171982809],[107.34466768124013,16.533317754652032],[107.3439725140186,16.533468959494297],[107.34355558212332,16.533569249475772],[107.34277879953493,16.533808294303086],[107.34262355160052,16.53384861051374],[107.34209829625949,16.533956090005862],[107.34191211881132,16.533928303477769],[107.3417543376821,16.533861468159721],[107.34172760638748,16.533854942454866],[107.34147350938686,16.533792915429387],[107.34116891167237,16.533602733011563],[107.34048781118075,16.532807285193503],[107.34019903263871,16.53249024410972],[107.3399315728377,16.532297252558966],[107.33973190044738,16.53217759415622],[107.33958782832178,16.532148137909637],[107.33928542473245,16.532139578569957],[107.33906037203724,16.532175563578857],[107.33898955776024,16.532166593119808],[107.33883429922093,16.532265165377677],[107.33852454711845,16.532469411398111],[107.33831107350569,16.532643895143309],[107.33807197414355,16.532850933183386],[107.33785635302839,16.53305292818024],[107.33774906713168,16.533167874900077],[107.33756891017855,16.533360893880786],[107.33725683506503,16.533681086791848],[107.33707446781416,16.533777659943617],[107.33675047818633,16.533904295378729],[107.33652795669978,16.534024276939867],[107.33627026998755,16.534102002504792],[107.3353026520913,16.53459220952244],[107.33530019555691,16.534593453858573],[107.33507072963225,16.53467489835441],[107.33420299574887,16.534887950237362],[107.33400668041197,16.534936150987289],[107.33289527725609,16.532278902387713],[107.32659752829656,16.519626438467775],[107.32663170408334,16.519512789303231],[107.32696932857691,16.51869536271365],[107.32698680914179,16.518653039167678],[107.3270368656018,16.518575553761714],[107.32712786620662,16.518417260726604],[107.32718137339066,16.518323044347973],[107.32718455011138,16.518317280662306],[107.32725968862592,16.518217214110397],[107.32736321517065,16.518151181741473],[107.32746426134972,16.518103394353076],[107.32750076349171,16.518088933670196],[107.32769768981696,16.518010916423634],[107.3277729852301,16.517985409467059],[107.32802244564725,16.517912560653421],[107.32842036429086,16.517842323395325],[107.32902567469868,16.517698136480906],[107.32943715879502,16.517528480176001],[107.3295619236351,16.517477038681516],[107.33006741998207,16.517274208411003],[107.33051204452747,16.517139730606782],[107.33068419404509,16.51708766290405],[107.33096102801713,16.517031989046167],[107.33134720986084,16.517003774892338],[107.33175344946102,16.517038387523005],[107.3318432559121,16.517046038777249],[107.33192256047703,16.51704740240903],[107.33268584513728,16.51706052854178],[107.33315170281811,16.517064883384492],[107.33350723713615,16.516960523235515],[107.3342236327907,16.51674712548558],[107.33465772218591,16.516617818647667],[107.33555119078045,16.516330567406904],[107.33592613779905,16.516192523785953],[107.33613348708019,16.516128059520323],[107.3361480658334,16.516126286601818],[107.33647985560526,16.516085941575334],[107.33702953744108,16.516055887488072],[107.33779808741882,16.516095086978851],[107.33796147899214,16.516107573074365],[107.33812544139339,16.516120103235316],[107.33842738867781,16.516092820461242],[107.33863969165853,16.516028298328756],[107.33898080017804,16.515877917300443],[107.33902909730628,16.515856625066633],[107.33928040370185,16.515739082358362],[107.33961611205443,16.515634934559543],[107.33973286276387,16.515596311041463],[107.3401096784557,16.51547165260147],[107.34095992008234,16.515299591308899],[107.34187188761389,16.515198233526878],[107.34196450332911,16.515187939791701],[107.34265287522149,16.515050543614649],[107.34305192983228,16.514960626939477],[107.34150431134809,16.510608409830684],[107.34005680366607,16.506280400437515],[107.33951838938775,16.50641379635044],[107.33940436011416,16.506442047840782],[107.33931252113344,16.506138737134822],[107.3377550367547,16.507041904367433],[107.33771629563162,16.506991166763918],[107.33766478873865,16.506920657307735],[107.33759839804814,16.506823294713946],[107.33756939967962,16.506790736691787],[107.33756468145735,16.50678959162606],[107.33753697008076,16.506714307149888],[107.33748965974578,16.506643131867875],[107.33745276624025,16.50659612881477],[107.33743619287414,16.506575012890032],[107.33742938890158,16.506524298169584],[107.33743155229496,16.506446593516113],[107.33743831921259,16.50640691513485],[107.33744890957459,16.506344817594872],[107.33744084954546,16.50618954688586],[107.33743050044286,16.506101525772401],[107.33742015135508,16.506013504656575],[107.33741884179456,16.50590457426166],[107.3374179965616,16.505834266604978],[107.33741958444664,16.505708764962591],[107.33740273770047,16.505595421111959],[107.33737091074239,16.505524072521457],[107.33734945944678,16.504870020658824],[107.33737525842217,16.504803311116905],[107.33743115550845,16.504658772273149],[107.33747565537132,16.504570361510531],[107.33748922903452,16.504543395025465],[107.33749337931638,16.504476424515349],[107.33746215920968,16.504352485083114],[107.33738623495907,16.504219485457973],[107.33731036734012,16.504091265772477],[107.33720993035263,16.50398005214667],[107.33697099061595,16.503727757000838],[107.33701509507965,16.50358758514372],[107.33705846084507,16.503503601906583],[107.33713633852622,16.503397551820999],[107.33727172462261,16.503176260954682],[107.3372723861571,16.503176064750821],[107.33729171590194,16.503150127869688],[107.33734920110281,16.503085541817043],[107.33744463815191,16.5030139844826],[107.33746893526163,16.502978770455019],[107.33747981532512,16.502940544745925],[107.33747726770805,16.502901148535951],[107.33747660298096,16.502890873857485],[107.3374694661798,16.502780508136691],[107.33746737050603,16.502748095311293],[107.33748980380874,16.502447199523548],[107.33749175517701,16.502421020721886],[107.33750952832119,16.502250941146791],[107.33751088542989,16.502237956334536],[107.33749490441005,16.502160292039715],[107.33748686846801,16.502137701119263],[107.33748628022221,16.502136048215988],[107.33748510661538,16.502132748700731],[107.33746523000299,16.502076872911648],[107.33730010054707,16.501916376135561],[107.33720418444118,16.501839499335205],[107.33697576340155,16.501656419578929],[107.33688862159103,16.50154083276907],[107.33686389437085,16.501438161639268],[107.33686439778361,16.501359033731664],[107.33686493806081,16.501274089536331],[107.33684055160225,16.501111711076597],[107.33677322786126,16.500985168741405],[107.33674208796307,16.500926637329101],[107.33662701244796,16.500778118816289],[107.336426170664,16.500594921356285],[107.33635054448824,16.500495493170909],[107.33628978990915,16.500329661095357],[107.33627059815043,16.500277275303461],[107.33621765480616,16.500134511869533],[107.33613442924769,16.499903629225802],[107.33607132169008,16.499652087461783],[107.33602376440916,16.499485288357352],[107.33597518768173,16.499364113450028],[107.33589419744357,16.499221609172377],[107.33581660135317,16.498994867643571],[107.33530332552287,16.497198059043395],[107.33338570686502,16.489838556801626],[107.33340413580393,16.48951072523726],[107.33379078048556,16.482632816102168],[107.33400913246935,16.478748654083603],[107.33419207623427,16.475493948369127],[107.33305083325105,16.475192155798581],[107.31432826199767,16.471231453291125],[107.31431875342656,16.471229470719379],[107.3130498106824,16.470963959456483],[107.31254344087139,16.470860354087804],[107.31199345964792,16.470747829477737],[107.30468892378525,16.469310012621339],[107.29944867593409,16.468102880228564],[107.29897598390747,16.467972217597925],[107.29434221795928,16.465575413121758],[107.29224830398927,16.464492284980679],[107.28916443205023,16.462897013569883],[107.28906883631714,16.46284756516674],[107.28451028174517,16.460489329841469],[107.26817249513176,16.452036250948531],[107.26200154175329,16.448842879965088],[107.25950429937521,16.447550510910794],[107.25182879378728,16.443577981790146],[107.2518282174297,16.443577683530503],[107.23791648910185,16.436397736038803],[107.23194728896119,16.433316553621086],[107.22334651718182,16.428876538890691],[107.2232838969633,16.428844210105709],[107.22320192425109,16.428761864590665],[107.2218724125963,16.427426300501068],[107.20803677737631,16.413526118184002],[107.20779416646131,16.413282347086099],[107.20749463553484,16.412981382732521],[107.20708278350521,16.412356526639062],[107.20707398220661,16.412343173227999],[107.20683812315923,16.412048916772093],[107.20675680457212,16.411947463835652],[107.20674390828408,16.411924735962923],[107.20662822295472,16.411720863147938],[107.20656909803904,16.411561875164676],[107.20648069053939,16.411302338185152],[107.2064755665905,16.411287296411768],[107.20644737921778,16.411136635542107],[107.20639269892297,16.410844369237804],[107.20633441269155,16.410478509332254],[107.20628032845066,16.410119535534772],[107.20625680978554,16.409963434699474],[107.20621988814159,16.409758157550822],[107.20621784196908,16.409746779411226],[107.2061490879892,16.409505973599909],[107.20613324893374,16.409463384577826],[107.20610426685006,16.409385457241804],[107.20607024706928,16.409293983298433],[107.20605487643832,16.409272596754562],[107.20596623861748,16.409149265642554],[107.20587908037839,16.40903686233877],[107.20578290191946,16.408912825234431],[107.20570653394007,16.408816932751829],[107.20559459355427,16.408676374487463],[107.20541760946165,16.408488763072679],[107.20537141273159,16.40843979191343],[107.20516781204299,16.408289872209018],[107.20513066591013,16.408270499416865],[107.20506443504783,16.408235959622566],[107.20495408515296,16.408178410647789],[107.20492055280808,16.408166751415653],[107.20473891722219,16.408103596785558],[107.20473026938465,16.408100589660595],[107.20471691742706,16.408097017575667],[107.20458189767943,16.408060899550172],[107.20445661919695,16.408027386805088],[107.20412820198568,16.407949169636471],[107.20398126966307,16.407906372383913],[107.2039441245729,16.407895553153555],[107.20386470816784,16.407827893736336],[107.20385635728876,16.407801720965747],[107.20385298374842,16.407791147225431],[107.20384011834501,16.407750826014148],[107.20385081031237,16.407574240539226],[107.20385613660294,16.407486276861594],[107.20385356103674,16.40746037324438],[107.20383699705246,16.407293768619027],[107.20379811094365,16.407057873686924],[107.2037539508343,16.406894134309592],[107.20374976994583,16.406811204085432],[107.20374896461277,16.406795212544289],[107.20374473312484,16.406711279123652],[107.20374627859266,16.406331213878104],[107.20377728679549,16.40605709625309],[107.2037932148103,16.40597974882785],[107.20379322543042,16.405979694509806],[107.2038535108852,16.405686937925921],[107.20386222455546,16.405632552233619],[107.20390974377239,16.40533595082389],[107.20390597320923,16.405183564944419],[107.20390545778179,16.405162729708309],[107.20389134646062,16.405123290658828],[107.20388724315764,16.405111823834886],[107.20387098547857,16.40506638584862],[107.20370560491105,16.404880739407957],[107.20363417604415,16.404800557327274],[107.20344954762164,16.404593302502068],[107.20324915691047,16.404388550903921],[107.20307297136375,16.404208529968649],[107.20294858061337,16.404081430630562],[107.20293442498843,16.404072123628179],[107.20292877080533,16.40406655627006],[107.2027916281065,16.403970856048282],[107.20276747125993,16.403962350461612],[107.20257947511087,16.403896157694465],[107.20235678115165,16.403857878160984],[107.20223920332731,16.403820472274138],[107.2021578153861,16.403794579892292],[107.20198627332466,16.403667097817095],[107.20184295835745,16.403535269576793],[107.20162705302525,16.403359737125548],[107.201541387169,16.403290089376856],[107.20149320827836,16.40324218496341],[107.20142140524574,16.403133344972339],[107.20135910557447,16.402986088439292],[107.20135392660347,16.402978743490326],[107.20128397785177,16.402879551769686],[107.20124953617506,16.402856514321929],[107.20119800121233,16.402833340666003],[107.20107754851097,16.402779172715157],[107.20086453829875,16.402711734245006],[107.20076336854595,16.402679704488346],[107.20069938019203,16.402615620325442],[107.2006912875089,16.402600193838737],[107.20065809802313,16.40253692446807],[107.20063366026797,16.4024903404041],[107.20057729338367,16.402351972738558],[107.20050006317412,16.402083161811067],[107.20043917727743,16.401871237673145],[107.20033983547646,16.401616260501495],[107.20023879040738,16.401437383892663],[107.20015146832687,16.401308611372247],[107.2000744708333,16.401195065782602],[107.19998529976699,16.401063566954974],[107.19982751519434,16.400865177078884],[107.19974862848531,16.400852426029264],[107.19963444583962,16.400803867768417],[107.19962842534277,16.400800584432648],[107.19951923098598,16.400734743347762],[107.19944216884636,16.400698112147857],[107.19943785376505,16.400696669342683],[107.1993485278212,16.400666792361587],[107.19919548247545,16.400555922468921],[107.19903728948364,16.400415553673916],[107.19903197470539,16.400408019442946],[107.19893183486755,16.400266069030199],[107.19887548643815,16.400161498431103],[107.19886099211789,16.400132327845803],[107.19877163427701,16.399847411462314],[107.19876503241265,16.399826361572398],[107.19874691815562,16.399708464288828],[107.1987449867373,16.399661997637015],[107.19874131091285,16.399573547989743],[107.19873914620554,16.399521476082953],[107.19874387810843,16.399443362425206],[107.19875590381939,16.399373990989321],[107.19876919702966,16.399297305534926],[107.19877452995341,16.399266540664087],[107.19883993443501,16.399086280807619],[107.19887533206344,16.398980681406414],[107.19889268409683,16.398926965173047],[107.19898754988785,16.398592836313334],[107.19899552674032,16.398553229744714],[107.19900685818565,16.398485636326711],[107.19900975462497,16.398397357321958],[107.19898900078061,16.39828251602426],[107.19895855626869,16.398198353291018],[107.19891818893394,16.398139365942299],[107.19884819733457,16.398073411305251],[107.19882932558249,16.398051973930965],[107.19866822672448,16.39790382106748],[107.19866820496689,16.397903800515863],[107.19865071113551,16.397887712469704],[107.19848955677294,16.397767267840564],[107.19817848368008,16.397580480104093],[107.19814253684473,16.397558895121389],[107.19805839383153,16.39751850397613],[107.19800286960685,16.39750315335047],[107.19792642547208,16.397495589695605],[107.19786536333756,16.397499840331292],[107.19775086602596,16.397522845236193],[107.19770087377867,16.397532890406378],[107.19746653150544,16.397594538573141],[107.19733379628373,16.39761871963757],[107.19721842966193,16.397621655130337],[107.19721366330347,16.397621776339232],[107.19720989481996,16.39762066023215],[107.19720241336033,16.397619788029925],[107.19704431641821,16.397576048164201],[107.19699744806182,16.397540778794465],[107.19697931427764,16.397513186449],[107.19696952700085,16.397484234786965],[107.19695014804419,16.397426913042917],[107.19694944522305,16.397424834329044],[107.19694870861512,16.39741482279122],[107.19692693397555,16.397119037483684],[107.19691688181553,16.397080238290005],[107.19691387330087,16.39705100705817],[107.19690652544995,16.397040268696408],[107.19689349971952,16.397021232796138],[107.19687045134329,16.396987549266534],[107.19686196867863,16.396980941585756],[107.1968299641963,16.396956012129571],[107.19679787757458,16.396931018477936],[107.19678822741673,16.396929883438638],[107.19676213252744,16.396926813460688],[107.19673602733417,16.396923742683668],[107.19672594862566,16.396927706665462],[107.1966293808988,16.396965690603839],[107.19661206556837,16.396972501098684],[107.1964667892593,16.397037095621059],[107.19645525230374,16.397042224922366],[107.19644016031822,16.397046742703932],[107.19632769291584,16.397080414303094],[107.19617836464732,16.397100943736078],[107.19597842836545,16.397036895250423],[107.19576636878166,16.396960400839621],[107.19561150041723,16.396904536111251],[107.19560404822488,16.396901847610319],[107.19560233961526,16.396901384826805],[107.19550034749035,16.396866299793999],[107.19493526889764,16.396721375359071],[107.19434400361158,16.396663009387815],[107.19375217522035,16.396554450114142],[107.19361027695317,16.396487805775756],[107.19329848109116,16.396397727386216],[107.19322395965257,16.396368256708787],[107.19314728061828,16.396336589645212],[107.19299409285475,16.396286200088834],[107.19281426362248,16.396203640978822],[107.19280838793917,16.396200897976779],[107.1926908732861,16.396130232948117],[107.19253591230498,16.396020673780576],[107.19249180151449,16.395994442431121],[107.19239684972837,16.395937978058516],[107.19238837920396,16.395932940244734],[107.19236242423409,16.395922626177871],[107.19226836849728,16.395885248625493],[107.19224073541116,16.395874267231601],[107.19218399013417,16.3958608032613],[107.19216811369371,16.395857036146236],[107.19206027522088,16.395871152585656],[107.19189720872849,16.395902000489237],[107.19188923191192,16.395902354719187],[107.19184730757431,16.395904218515536],[107.19184706809199,16.395904229144229],[107.19184701164427,16.395904119511947],[107.191834219472,16.395879143318528],[107.19183215362979,16.395875110176711],[107.19183218596592,16.395867295893805],[107.19183229568756,16.395840724262474],[107.19183232374239,16.395833948992575],[107.1918678601884,16.395725130853588],[107.19189834768072,16.39562597176154],[107.19189866723163,16.395548493009652],[107.19187772607904,16.395480055477915],[107.19187641554468,16.395475771430494],[107.19187299250453,16.395473151888364],[107.19184142897444,16.395448996649328],[107.19179342936847,16.395444322268446],[107.1917637586032,16.395441432578352],[107.19164717363314,16.395457277954538],[107.19157314384272,16.395467340120511],[107.19146104328449,16.395473767136931],[107.19137507145821,16.395478696575687],[107.19118708433972,16.395477973356709],[107.19109685954679,16.395475204447081],[107.19105181675947,16.395455657172615],[107.19102117991928,16.39541954128493],[107.19100442555771,16.395399791237576],[107.19094697800908,16.395348720842588],[107.1908833513255,16.395334117605056],[107.19087185747513,16.395331479184836],[107.19084682255851,16.395336046005713],[107.1907520712988,16.395353328344857],[107.1907288726823,16.395357559802989],[107.19069268317567,16.39536789577345],[107.1904702803824,16.39543141278207],[107.19042772058492,16.395443567800147],[107.1900989479859,16.395541577377628],[107.18964965261165,16.395689962883672],[107.18955074733661,16.395736964579132],[107.18938406544471,16.39581617477852],[107.18932795085253,16.395848228390079],[107.18931833898634,16.395854280461819],[107.18931829437935,16.395854308933497],[107.1891978355508,16.395930152757487],[107.18917739799227,16.395943020303033],[107.18914637996323,16.395951317273262],[107.18908180386317,16.395968591757807],[107.18907699625422,16.395969877757388],[107.18907406994808,16.395969159276472],[107.18899211643709,16.395949032935437],[107.18897680728702,16.395945273215798],[107.18896249529921,16.395933844544416],[107.18893073978522,16.395908486534459],[107.18882061075016,16.395820544118493],[107.18865493945376,16.395713950979289],[107.18852965893484,16.395692276304274],[107.18842417883869,16.395721652750677],[107.18840100400411,16.395728107110568],[107.18837479787406,16.395747982198724],[107.18825007899305,16.395842569532778],[107.18810494710267,16.396075117860171],[107.18805752446664,16.396165818640156],[107.18803253526603,16.396213613071605],[107.18801648976273,16.39624430237189],[107.18798805373052,16.396269337671022],[107.18790009302012,16.396346780390878],[107.18771820597176,16.396448832488172],[107.18771788601136,16.39644901199226],[107.18771012443965,16.396450960226961],[107.18754269294749,16.396495040723906],[107.18748099936862,16.396494904117823],[107.1874229798924,16.396475207439543],[107.18734288873624,16.396417874045483],[107.18734191347338,16.396417287013737],[107.18721053655092,16.396353197384094],[107.18707135093183,16.396343478329975],[107.1869072063582,16.396403732070144],[107.18687329693785,16.396414790853271],[107.1867473996717,16.39645584561373],[107.18674729988999,16.396455878272857],[107.1867471642034,16.396455880588174],[107.18664688825946,16.396457859949848],[107.18657499428187,16.396459278348885],[107.18633556326245,16.396433998126081],[107.18603757435578,16.3963435453819],[107.18597012898159,16.396313106689853],[107.18567275925275,16.396178901710091],[107.18564747738908,16.39616749201797],[107.18536456482697,16.396000591072017],[107.18516957867215,16.395885560705246],[107.1849137165828,16.395770915474454],[107.18488826898785,16.395767628553525],[107.18479518143489,16.395755607319398],[107.18473775697707,16.395753888723945],[107.18440183311816,16.395776387395518],[107.18411719157183,16.395761384130807],[107.18400472396702,16.395755456277396],[107.1838141563678,16.395737192839256],[107.18374128963211,16.395722960764068],[107.18372204548101,16.395716315244325],[107.18366899917032,16.395675214434537],[107.18363071443443,16.395634852849078],[107.18360741282125,16.395619716342388],[107.18356444355265,16.395564987885955],[107.18347687396563,16.395453452771076],[107.18344438455549,16.395412072367023],[107.18321464825269,16.395078334799308],[107.18300584389023,16.394764974642275],[107.18288448521513,16.394642735466636],[107.18268740259907,16.394540488262709],[107.18254038929118,16.394494681995344],[107.18250273386199,16.394482948640075],[107.18229683015053,16.394482147710359],[107.18197976833243,16.394557527191445],[107.18183017679033,16.394603728929866],[107.18169676081847,16.39463831587485],[107.18162281501863,16.394657485937071],[107.1815695203745,16.394663009941329],[107.18150626738785,16.394654677993827],[107.18149236542676,16.394649095278904],[107.18146535310112,16.394638246874138],[107.18134959337408,16.394466778881668],[107.18134949490151,16.394465584631106],[107.18134614572142,16.394460592560332],[107.18132210509262,16.394422354830017],[107.18128362846171,16.394369069878167],[107.18126820449386,16.394341033080416],[107.18125376795827,16.394317030807112],[107.18121299016431,16.394249232203727],[107.18117818949948,16.394185316051267],[107.18116475831533,16.394155442614792],[107.18114954030966,16.394108582864369],[107.18114441532072,16.394092802975987],[107.18112885603007,16.394045888039713],[107.18109090686856,16.393951542698719],[107.18107040207305,16.393904960952739],[107.18105541301632,16.393874033074663],[107.18102265806567,16.393813360745035],[107.18100658706425,16.393785709180079],[107.18098377715032,16.39374812537282],[107.18097337712132,16.393730989917522],[107.1809501763717,16.39368906905214],[107.18093214983186,16.393650204192131],[107.18090016714656,16.39357053948941],[107.18088915513727,16.393539881116489],[107.18087939288104,16.393510424020949],[107.18086866797452,16.393478063265444],[107.18084901698039,16.393433761081408],[107.18081996017274,16.393388564488486],[107.18075302056643,16.393302528074464],[107.18073101566056,16.393274610088067],[107.18068598433344,16.393219492110482],[107.180655260506,16.393176547932843],[107.1806390963076,16.393146736225379],[107.18061435649606,16.39308358287451],[107.1805765102534,16.392955648507478],[107.18054301267884,16.392868594701419],[107.18052340068404,16.392826100785673],[107.18049886620719,16.392778861478696],[107.18048508734419,16.392755989756079],[107.18046132886288,16.392724395684972],[107.18044598029012,16.392710085136247],[107.18040990842491,16.392686034360679],[107.18038300498512,16.392667702219409],[107.18027825425547,16.39258629863399],[107.18023000375308,16.392542039135172],[107.18019805931979,16.39250461138537],[107.18017895383475,16.39247776185168],[107.18014479288529,16.392421728701436],[107.18012157319717,16.392375803778421],[107.18008212072546,16.392280350747519],[107.18004390524706,16.392180157084656],[107.18002711855794,16.39212929669765],[107.17998568512023,16.391965753454709],[107.17995362319554,16.39185367420836],[107.17993366972662,16.391799060258826],[107.1799076496806,16.391744034902324],[107.17984794142345,16.391636998120376],[107.17978581885984,16.391531083145459],[107.17976667533482,16.391498445499387],[107.17976472243672,16.391495115730244],[107.17972407456537,16.391423829815118],[107.17968999268381,16.391360404547623],[107.17967399794686,16.391328297996996],[107.17965279217987,16.391279471887817],[107.17963874464282,16.391240677628073],[107.17961500534082,16.391162075434895],[107.17959982933354,16.391102021871227],[107.17958751796762,16.391044302048378],[107.17956877163711,16.390926816574531],[107.17955763878184,16.390846735702802],[107.17955337888539,16.390806651002567],[107.17955147756923,16.390746803111337],[107.1795545358934,16.39070017739483],[107.179557470425,16.390676829638075],[107.17956387951178,16.390642162578153],[107.17957857012645,16.390591976796827],[107.17960366577833,16.390536526200979],[107.17962393404892,16.390500685506336],[107.17966839989631,16.390431304231281],[107.17971915320116,16.390358386675555],[107.17974629886626,16.390323159485568],[107.17978986140949,16.390272949888399],[107.17984512059206,16.39021941624631],[107.17987496618925,16.390194772153965],[107.17992242458183,16.39016177455866],[107.17997021520864,16.39013458002875],[107.17999519714384,16.390122162248947],[107.18003362876374,16.390105584611536],[107.18009256321295,16.39008670194568],[107.18012335985712,16.390082512168881],[107.18018756894293,16.39008480421413],[107.18021966628535,16.390085471471743],[107.1802354247672,16.390084412718679],[107.18030245319653,16.390075384083435],[107.18033554435384,16.390068807939397],[107.18038359901338,16.390054916700578],[107.18042973970914,16.390034971361104],[107.18045950914151,16.390018965938594],[107.18051694002841,16.389983315235519],[107.18059139310083,16.389933343437228],[107.1806273598224,16.389906545162489],[107.18066123603657,16.38987776018211],[107.18067711279583,16.389862441814561],[107.18071766380768,16.389818003863091],[107.18073673844525,16.389794348648657],[107.18076326226746,16.389757428402241],[107.18078661993027,16.389719168645758],[107.18079688788087,16.38969966220543],[107.18080336879078,16.389685256213969],[107.18081340888789,16.389654950406889],[107.18082030040325,16.389623285937279],[107.18082802891662,16.389559110925742],[107.18082861851174,16.389523544748812],[107.18082288888942,16.38945183537939],[107.18082173680655,16.389416190598986],[107.18082272776168,16.389398518641755],[107.18083156787389,16.389321624075212],[107.18083935638241,16.38928377336665],[107.18085125470432,16.389247790837203],[107.18085917948868,16.389230841995683],[107.18088582933096,16.389188771635339],[107.18090684512229,16.38916218624253],[107.18095288138943,16.389110857616579],[107.18100412383298,16.389052860767848],[107.18104720705354,16.388998573222345],[107.18109362124488,16.388940088888987],[107.18112513203911,16.388903893851346],[107.18118984715653,16.38883230472743],[107.18121878008027,16.388794735162296],[107.18123146330463,16.388775039222416],[107.18125322711275,16.388732425949815],[107.18126531419354,16.388702814432349],[107.18128666827943,16.388642063998745],[107.18130074645717,16.388603663775804],[107.18131169544672,16.388573799351903],[107.18133724244458,16.388513389383153],[107.18139054302401,16.388392714589585],[107.18143923756855,16.38828579301526],[107.18146585486954,16.388233592484646],[107.18150801973412,16.388158969464474],[107.18153050795352,16.388122503908519],[107.18156699393289,16.388069926323006],[107.18160699647795,16.388022088819465],[107.18162912567486,16.387999863649711],[107.18166502001655,16.387969802713688],[107.18173443261134,16.387923063990279],[107.18177125241958,16.38790240564548],[107.18182848979622,16.387876936827162],[107.18184768878224,16.387870442311709],[107.1818873312176,16.387860032378114],[107.181928092527,16.387852437741326],[107.18201036289771,16.387842708402758],[107.18205692585029,16.387840151736633],[107.18208863077366,16.387840409941287],[107.18215059075142,16.387840913376682],[107.1822206242137,16.387840354556385],[107.18233719332503,16.387833108666609],[107.18239474816637,16.38782547966807],[107.18243697812977,16.387816227207789],[107.18246480502212,16.387808202068531],[107.18251941342743,16.387789130632413],[107.1825626161569,16.387771090071393],[107.18261901862094,16.387743864366431],[107.18264695607084,16.387729550906649],[107.18270343583396,16.387699352912247],[107.18272286079826,16.38768853293881],[107.18281560925837,16.38763686721968],[107.18290072987327,16.38759241253862],[107.1829367574405,16.387577443164957],[107.1829941358871,16.387557772777249],[107.18301041371201,16.387552192071627],[107.18310235114114,16.38752031492302],[107.18313124034883,16.387506926600601],[107.18314489411577,16.387498847068866],[107.1831902606063,16.387466870705861],[107.18321226818281,16.387449208205858],[107.18324354929189,16.387420846454688],[107.18327184315521,16.387390484750007],[107.18328455682074,16.387374638928822],[107.18329212007309,16.387363317790442],[107.18330393584374,16.387338369037444],[107.18332835201099,16.387256754797196],[107.18333843192363,16.387223766146644],[107.18337343218464,16.38710922577728],[107.18343568199172,16.386900686077841],[107.18345627331678,16.386838665944712],[107.18349954683772,16.386715810076662],[107.18354619834575,16.386584336296696],[107.18357153897173,16.38651900988123],[107.1835976936778,16.386458457904421],[107.18364653112462,16.386352242812137],[107.18365308913438,16.386337979612815],[107.18369223498128,16.38624651830802],[107.18370842681018,16.386204343985487],[107.18373766394761,16.38611848310682],[107.18375497432962,16.386053062095069],[107.18375842288356,16.386032298299142],[107.18376567878823,16.385988618563612],[107.18377185590873,16.385926239466084],[107.18377429794994,16.385901575063716],[107.18377913049757,16.385858371319692],[107.18378560178776,16.385810547450554],[107.18379898148052,16.385715408335436],[107.18380897648203,16.385644076094927],[107.18381193701977,16.385625123374787],[107.1838296059191,16.38551201334862],[107.1838358464625,16.385445501186123],[107.18383630398722,16.385391743536566],[107.18383332964727,16.385330853510741],[107.18383101594256,16.385283474126489],[107.18382822584962,16.385202585099528],[107.18382904017767,16.385135410137639],[107.18383543673691,16.385001856332519],[107.18384988306747,16.384866299989838],[107.18385412246629,16.384821436432805],[107.18385630748055,16.384798315091036],[107.18386155975801,16.384741884010619],[107.18386273484096,16.384713630687479],[107.1838606601281,16.384686015525286],[107.18385786957651,16.384672603795487],[107.18378851891185,16.384392426062668],[107.18376223532542,16.384299788519975],[107.1837475600605,16.384254223341621],[107.18371409095474,16.384165299522977],[107.18369488271568,16.384122210800925],[107.18366238906248,16.384059678527592],[107.18364213255556,16.384025820449299],[107.18359678375148,16.383959189856345],[107.18354563203683,16.383894704677939],[107.18352124984035,16.383866948899129],[107.18346978082614,16.38381346024233],[107.18342909871312,16.383775411666047],[107.18336526173016,16.383722236595123],[107.18333230156077,16.38369761900978],[107.18308789854208,16.383307915345437],[107.18307561715226,16.383285421194188],[107.18293358761564,16.383077686639286],[107.18281386546279,16.382894511265622],[107.1827117584383,16.382725508901519],[107.18256083019153,16.382496910678299],[107.18245332925147,16.382373550720963],[107.18219199124889,16.382112867801617],[107.18194381696368,16.38181837607496],[107.18187462557376,16.381709260621836],[107.18184045387436,16.381602830120983],[107.18180441687329,16.381406929743662],[107.18176807495097,16.381185644467973],[107.18173357286082,16.380929277826105],[107.18172386311994,16.380550985446323],[107.18167857316622,16.380174344099657],[107.18164408673509,16.379927835751268],[107.18156200706989,16.379648475288157],[107.18149608069871,16.37942612614442],[107.18144429388791,16.379103805525364],[107.18143054536102,16.378912582295236],[107.18143481744031,16.378675983959017],[107.18142801330183,16.37850319602806],[107.18138728539897,16.378298981664145],[107.18132810023258,16.378067405023998],[107.18118455701082,16.377633468449019],[107.18110395784242,16.37742820465888],[107.18099364752054,16.377191251078631],[107.18091504294586,16.377028376599977],[107.18085226319225,16.376857449038308],[107.18081892315874,16.376744777501955],[107.18081689461444,16.376580574299325],[107.18084094459836,16.376465505451566],[107.18088105762072,16.376310475487756],[107.18092634186675,16.376084410852769],[107.18095486340732,16.375950003211369],[107.18103451548274,16.375626485890592],[107.18108954594315,16.375404842018092],[107.18108532396541,16.375366528584003],[107.18108132906387,16.3753302040164],[107.18105032248732,16.375207953329781],[107.18100720680086,16.375053458167333],[107.18097265507215,16.374941784847799],[107.18086030729478,16.374718025417184],[107.18080490466797,16.374533526307143],[107.18074964643034,16.374404160098333],[107.18067104259787,16.37424137568415],[107.18061060136938,16.373985811191126],[107.18060778921409,16.373682079655744],[107.18063191486092,16.373351713269621],[107.18059606231688,16.37267969240737],[107.180643647602,16.371866789812088],[107.18076206544492,16.371252823787415],[107.18097713715194,16.370840868570959],[107.18124293896415,16.370474084339182],[107.18149115637097,16.370014380803848],[107.18149274712304,16.37001226377528],[107.18173193891384,16.369774815705345],[107.18195461352016,16.369576966461715],[107.18229434351341,16.369346279596051],[107.18241739501769,16.369236049384586],[107.18282958030171,16.368970020681367],[107.18245097237246,16.368287497235908],[107.18241463655421,16.367943449768223],[107.1825166169811,16.367478206682531],[107.18250392056639,16.367213962243351],[107.18240424463482,16.367033936490721],[107.18227924969158,16.366912215806032],[107.18199754108409,16.366670711112246],[107.18176272957982,16.366421662073492],[107.18161997523241,16.366013754944298],[107.18168181560995,16.365677416998594],[107.18194235469329,16.364992612134905],[107.1821754733665,16.364627479996713],[107.18246446070206,16.364347798475251],[107.18274563665706,16.364015247780319],[107.18292526668898,16.363814916424367],[107.1831986423288,16.363550335570132],[107.1834824120412,16.363298121577387],[107.18370598038364,16.363033681826209],[107.18381191365728,16.362819082549507],[107.18384304272453,16.362756019976761],[107.18405343505144,16.362312730022534],[107.18437637080407,16.362000210538362],[107.18472414938613,16.361639585815329],[107.18488856080849,16.361133817745781],[107.18516170676412,16.360638872165815],[107.18537661281546,16.360074190382864],[107.18557171720373,16.359700140981733],[107.18564960228629,16.359413049792973],[107.18565727764265,16.359216750200591],[107.18563333563128,16.358744745663007],[107.18571131160266,16.358442564005532],[107.18590461838272,16.358054482597094],[107.18624423674473,16.357684397817025],[107.1864140596536,16.357512897034553],[107.18659368592618,16.357308855764554],[107.18671071976357,16.35704440781344],[107.1868666581486,16.356647713601618],[107.18703055291431,16.356345537599896],[107.18746767844974,16.355646558413682],[107.18786382330019,16.355271600476645],[107.1880751780393,16.355259393736937],[107.18836119645881,16.355319242219586],[107.18906254360171,16.35558467382495],[107.1893275609319,16.355680379571382],[107.189327589112,16.355680389216467],[107.18945572852861,16.355726662057638],[107.1898368176666,16.355855914574835],[107.19025124541676,16.355897105965742],[107.19073638483512,16.355881573965306],[107.19107986770568,16.355835902709686],[107.19149470321447,16.355730374607123],[107.19183420252686,16.355565474176096],[107.19219382744384,16.355449864911087],[107.19248672926206,16.355347409165539],[107.19270476031512,16.355177307656536],[107.19294365286473,16.354998357171652],[107.1929548383405,16.354289609973769],[107.19316292039102,16.353480821566666],[107.19330315953084,16.352978333403712],[107.19339682707802,16.352853624791926],[107.19364922173907,16.352791017266817],[107.19394999554453,16.352712410475526],[107.19452463483597,16.352653040745405],[107.19482730268697,16.352603140104403],[107.19509691870351,16.352455580570755],[107.19528673885317,16.352199880617388],[107.19565940393839,16.352013222981071],[107.19591722664832,16.351865771009166],[107.19617509256754,16.35167293612308],[107.1965483658327,16.351465368511995],[107.19666551318376,16.351329333994407],[107.19669281148154,16.351048615285389],[107.19677843468617,16.350651979087747],[107.19686009950928,16.350479364240332],[107.19699975743963,16.350235146894452],[107.19723846454715,16.349615608374798],[107.19740410867317,16.349315309156541],[107.19761703999274,16.34906639100539],[107.1977858797021,16.348870052713092],[107.19796842470721,16.348695977839586],[107.19830439652571,16.348457711979123],[107.19836101102956,16.348416593396401],[107.19875268507663,16.348174598130694],[107.19903930586216,16.348215847156869],[107.19915135842976,16.348229077778232],[107.19954972310953,16.348051420122708],[107.19976210396689,16.347865682441395],[107.19976381760144,16.347863541443392],[107.19998196912029,16.347590880224523],[107.20009364474559,16.347425120077151],[107.20021843602143,16.347164460972269],[107.20038245499852,16.347013194800425],[107.20060270938795,16.346842540463101],[107.2008825629445,16.346740872455591],[107.20127962345575,16.346797889415676],[107.20174036211752,16.346966080952711],[107.20260329940639,16.347464294894802],[107.20290825214639,16.347554649141465],[107.20330708057944,16.347644906699642],[107.20389870531928,16.347621025493027],[107.20423870074892,16.347473384508064],[107.20447087005928,16.347209450006698],[107.20481506114831,16.346820147176615],[107.20531122233496,16.346378740904861],[107.20576406299439,16.345845809891426],[107.20615843305632,16.345584056418438],[107.20659344218069,16.345375139507567],[107.20710403428923,16.345284804426054],[107.20741247285238,16.345220909229326],[107.20770010544098,16.345221990598333],[107.20809546144066,16.345258212632832],[107.20897067503054,16.3453874157432],[107.20954348160713,16.345796196926045],[107.20981754734984,16.345961917752792],[107.2103212915322,16.345989713366436],[107.2110685003091,16.346047426760514],[107.2118358215978,16.34603770920026],[107.21212615649512,16.346200785978713],[107.21253996691182,16.346467450280972],[107.21284493390347,16.346569176636585],[107.21309118564818,16.346557725055412],[107.21374766194216,16.346352809185614],[107.21399138825471,16.346394699804634],[107.21448681640618,16.346482666015415],[107.214943374596,16.346627426137221],[107.21559940696255,16.347133673687818],[107.21608801341064,16.347623418448485],[107.21663882555123,16.347939094492244],[107.21722885700947,16.348075932874455],[107.21763767152889,16.347959205456672],[107.21796592045239,16.34786821245385],[107.2183097846893,16.347762122509327],[107.21863891064382,16.347706927156796],[107.21890389882914,16.347712435824832],[107.21920184256689,16.347717723550637],[107.21962888241512,16.347807295280383],[107.21998396727604,16.347828553540097],[107.22023923431571,16.34773917618115],[107.22044263640143,16.34776643346277],[107.2206287938977,16.347922254639904],[107.22091454959711,16.348971687265408],[107.22097675085504,16.3492316412744],[107.221061842833,16.349671926108613],[107.22113730898434,16.350207710974622],[107.22088541287674,16.350867390782561],[107.22071383055516,16.351271628360859],[107.22047221953848,16.351921395386164],[107.22025398756985,16.352552254427042],[107.22024677824068,16.352923048593528],[107.22035315816295,16.353305495985868],[107.22077273183773,16.353812823231983],[107.22094743382092,16.354189486907394],[107.22113816042739,16.354492903115588],[107.22140253255822,16.354908809180078],[107.22153918162346,16.355228409315338],[107.22157905656967,16.355645827185686],[107.22153208451569,16.355904410596963],[107.2215065006699,16.356129681783166],[107.2215369989797,16.356404871749721],[107.22157201880118,16.356625641469311],[107.22178402951748,16.357119033881904],[107.22210637517645,16.357612200437117],[107.2223442299389,16.357887947613513],[107.22239230136282,16.358214539908676],[107.22256434093639,16.35862229682812],[107.22272281326528,16.358787792677713],[107.22326414731842,16.359042156930066],[107.22341230729383,16.359278416138014],[107.22339776790383,16.359641340333102],[107.2231784101109,16.359747363756419],[107.22302731453985,16.359798875669735],[107.22273291860832,16.360023093455258],[107.22232679141896,16.360374712139802],[107.22202594448184,16.360736046000351],[107.22193358468512,16.361070099202752],[107.22204650244173,16.361424881025957],[107.22226582729276,16.361847596626905],[107.22237602200688,16.362436536314267],[107.22230118634994,16.362883532213477],[107.22219166371272,16.363103315618126],[107.22214080228255,16.363150127434615],[107.22209952554522,16.363220705995033],[107.22209923452772,16.363294254305266],[107.22212246058514,16.363345262073953],[107.22216603020226,16.363433115020747],[107.2222445331852,16.363574847020416],[107.22224137924478,16.363631414718679],[107.22220586150623,16.36372746998158],[107.22214675772793,16.363863036691061],[107.22206504992245,16.36400782847177],[107.22204083199669,16.364143425358385],[107.22199519993835,16.364398859785304],[107.22203072366759,16.364693433690061],[107.22221857498319,16.364919800914368],[107.22236716121874,16.364949926733022],[107.22271130013441,16.364977846824228],[107.22305958960244,16.365033053283735],[107.22352067575541,16.365169572301383],[107.22390815241427,16.365256822031387],[107.22447157925781,16.365927704361429],[107.22487085249222,16.366448369162356],[107.22520868955087,16.367288543732872],[107.22607185967151,16.36815269879278],[107.22619662419731,16.368257106391383],[107.22633953996753,16.368399073738082],[107.22656419323657,16.368680660397903],[107.22673888013674,16.369169139763081],[107.22694429300044,16.369433078440068],[107.22713471677147,16.369536624318137],[107.22738382933433,16.369625999164327],[107.22763782902719,16.369734178438705],[107.22781496064877,16.369813935961979],[107.22783819629413,16.369932148276046],[107.2278825571823,16.370248135366666],[107.22801450022406,16.370446089381513],[107.22834666426617,16.370629730553723],[107.22861062053538,16.370851130627933],[107.22876707330688,16.371110424180301],[107.22897727173743,16.371308293919483],[107.22943256820162,16.371450987073693],[107.22966596811395,16.371623665503595],[107.23023505453548,16.371961677499886],[107.2306263370608,16.372106565799932],[107.23106513749352,16.372152810554468],[107.231629132637,16.372137736096658],[107.23209307960839,16.372213945325512],[107.2328498180723,16.372354550348188],[107.23312071262322,16.372491114866492],[107.23316883177526,16.372525538977126],[107.23343463643924,16.372604051082796],[107.23356244795342,16.372644450123573],[107.23359348652693,16.372757151609417],[107.23369407499104,16.37311193713084],[107.23387008476372,16.37359578007575],[107.23406165470701,16.373985349888443],[107.23417140730056,16.374208535234217],[107.23451416852957,16.374563053983913],[107.2349989069552,16.374957805053548],[107.23531651055949,16.375175072024334],[107.23557063049373,16.375361301719632],[107.23601003933828,16.375513105279477],[107.23652801146218,16.375754539374547],[107.23682880671757,16.375923649841408],[107.23713413823373,16.376139496544312],[107.23732542438064,16.376286710615524],[107.23750759539779,16.37648128067697],[107.23758737377727,16.376619469822465],[107.2376626536071,16.376766255012878],[107.23771501623962,16.376925762084316],[107.23780905932024,16.376982247791407],[107.23800931733005,16.377116562255324],[107.23830766499394,16.377268465157336],[107.23855078796782,16.377344639065942],[107.24059891504973,16.377905691484351],[107.24163889584266,16.37792013189037],[107.24220846230094,16.378022734865723],[107.2424486813992,16.378163208261288],[107.24282476332191,16.378335211468514],[107.24344374839639,16.378452420862448],[107.2437629987345,16.378620602450425],[107.24409607839321,16.378960296638411],[107.24454974190355,16.379109342032599],[107.24488747030455,16.379156659499809],[107.24527466348097,16.379230225009401],[107.24553426638404,16.379316227875982],[107.24580673613076,16.379500811971283],[107.24606220504791,16.379722476636434],[107.24635481974526,16.379922007842165],[107.24641476999095,16.379945736532239],[107.24644952098959,16.379876702477809],[107.24636232709987,16.379505531532505],[107.24634525469475,16.379234486164435],[107.24647371347331,16.378864449638723],[107.24650750309064,16.378621708316405],[107.24646688028042,16.378433282315815],[107.24636592974275,16.378105068715602],[107.24639169688453,16.37801082572933],[107.24649256702907,16.377897071710326],[107.24667613858581,16.377783621517626],[107.24689466747468,16.377795817273544],[107.24707170878095,16.377842094943961],[107.24718395360193,16.377842496788595],[107.24735820364177,16.377777115599706],[107.24746102722246,16.377727293657756],[107.24760354772204,16.377612349786453],[107.2480580928752,16.377209019993192],[107.24836404993958,16.376933290539924],[107.24872104861082,16.376743807874437],[107.24901441026613,16.37657907668881],[107.24928127855955,16.376258148409025],[107.24932460307362,16.376179259097047],[107.24946835087712,16.375777103098546],[107.24957440554547,16.375542734378786],[107.24968832019231,16.375441503851675],[107.24985050075172,16.375398389241891],[107.25033542580691,16.375282910555335],[107.25059242168511,16.375178493190834],[107.25093681410061,16.375052924662018],[107.25097242445942,16.375410210111621],[107.25101454353111,16.375656710670885],[107.25123798966122,16.376037989351012],[107.25145525765328,16.376321322526184],[107.25169355710578,16.376436077759077],[107.251827571926,16.37648498196506],[107.25182936988992,16.376485330412439],[107.25204833712645,16.376527779036092],[107.25253952833825,16.376628078721133],[107.25271500615334,16.376891056491026],[107.25275756998363,16.37699416341885],[107.25285150203548,16.377186780421056],[107.25302196652899,16.377404466125693],[107.25320093226225,16.377597465874121],[107.25336449187694,16.3776424442446],[107.25411996189078,16.377826445531387],[107.25447455570391,16.377923806910282],[107.25509324745994,16.378267912528514],[107.25554687202012,16.3784935202501],[107.25602995994622,16.378530534792663],[107.25649785807946,16.378554500458101],[107.25692799071855,16.378517558881565],[107.25718746919118,16.378496723519532],[107.25770624296608,16.378397405819364],[107.25827475283246,16.37825532812473],[107.25856101576242,16.378236121529675],[107.25887163157151,16.378309753807482],[107.25912710529487,16.3785190133759],[107.25933571682445,16.378691373543358],[107.25955291981595,16.378847272160137],[107.25974437537516,16.378925119074065],[107.26008648527709,16.378968180907776],[107.26056293804858,16.379000489649538],[107.26091001819556,16.379026424835434],[107.26120883977629,16.379103066589476],[107.26128526658933,16.379410195995366],[107.26136514994364,16.379734218190325],[107.2614661720461,16.379918470533436],[107.26192447672371,16.380097496883007],[107.26264032157376,16.380099707985828],[107.26302035766243,16.38007748070115],[107.2634801942996,16.380135796178152],[107.26411470057614,16.380312958252873],[107.26483912701364,16.380321255964155],[107.26559202802376,16.380357356878903],[107.26634813549101,16.380552612752957],[107.26687972826596,16.380650273318967],[107.26730527499288,16.380834731837886],[107.26792706262796,16.381241065463033],[107.26839947218382,16.381458262620214],[107.26884208416661,16.381593346427177],[107.26922496734069,16.381654490740207],[107.26939934794881,16.38163375136261],[107.26983729171961,16.381529305880317],[107.27006861635275,16.3815082305495],[107.27048395972504,16.381615907396874],[107.27118104175933,16.381923260078466],[107.27150544630675,16.382050192758978],[107.27182801480112,16.382142382402467],[107.27210958114723,16.382275437572005],[107.27244608321905,16.382570883792091],[107.27267589243948,16.382693946413308],[107.27301285417457,16.382770043262052],[107.27333819850007,16.3828362047559],[107.27380716845977,16.382968740197349],[107.27412395455691,16.383050911000442],[107.27430991345568,16.383119192441004],[107.2745773297371,16.383165796211074],[107.27509948952599,16.383071182063528],[107.27551112481677,16.383142860446533],[107.27586718280237,16.383267881316986],[107.27602040495488,16.383278312472822],[107.27620422211481,16.382917916706603],[107.2764566606689,16.382495096097333],[107.27694953805411,16.382379636811812],[107.27705656740326,16.382342999387522],[107.27764162533451,16.382044038701903],[107.27799412590258,16.381647630038774],[107.27814222148116,16.381524840210989],[107.27870056692929,16.380890158739138],[107.2788129230527,16.380743759466608],[107.27894251627508,16.380599000072497],[107.27931260032467,16.380544122610647],[107.27978894948841,16.380502367438829],[107.28037742539269,16.380381606909218],[107.28088557417681,16.380424010000574],[107.28158583804898,16.380152586296838],[107.28192141499424,16.380029024259454],[107.28255458570298,16.379929068090533],[107.28299143883876,16.38037128169886],[107.28313634717981,16.380576277570857],[107.28343460885694,16.380929728009754],[107.28360402212017,16.381038294562174],[107.28395824704987,16.381140170845246],[107.28423874394664,16.381180976744066],[107.2844470165369,16.38126084757236],[107.28451583566876,16.381282499047078],[107.28485865733209,16.381328576902543],[107.2849447833882,16.381353178631379],[107.28509674244027,16.381396620124264],[107.28523834349937,16.381508253599229],[107.2854058777888,16.381644645678993],[107.28565682058093,16.381781048997627],[107.28655162723489,16.382301622339373],[107.28693135926066,16.38244397461775],[107.2875555153976,16.382610829268938],[107.28802530255486,16.382753122191108],[107.28809172576489,16.382790398387652],[107.28833424668414,16.382926589807347],[107.28836246572671,16.382940782336988],[107.28963766609824,16.383477696787203],[107.29427818779197,16.385431460784226],[107.2949442435436,16.385822277218804],[107.29544441283139,16.386084393891267],[107.29582768253829,16.386340333544869],[107.29589078832942,16.386381481705349],[107.29600139634749,16.386453604453905],[107.29625741602671,16.386587663279904],[107.29675243001367,16.386748276462054],[107.29709468084428,16.386826775543245],[107.29773683363584,16.386889466695639],[107.29796144128882,16.386907657281384],[107.29889107013889,16.386843071622845],[107.29936352946771,16.386924170490214],[107.29969720567546,16.387176052678189],[107.29993866219536,16.387483204565623],[107.30033925423591,16.387766757356022],[107.30075708626428,16.387889149257237],[107.30105808388596,16.388458836469422],[107.30111832228891,16.388630194219381],[107.30109179633756,16.389033238420403],[107.30108231500589,16.389355730116169],[107.30085098796687,16.389776800043911],[107.30041435136452,16.390804098989936],[107.30034086751368,16.391169935887152],[107.30035813406781,16.39152541146219],[107.30086159200731,16.391869128937433],[107.3012384628645,16.392428314473491],[107.30163696405678,16.393249186681253],[107.30211903266405,16.39544137028857],[107.30212313396243,16.395460021080947],[107.30206774132819,16.395656515103454],[107.30205105503543,16.395715703910536],[107.30205640326945,16.396127637731084],[107.30219977775781,16.396530242393784],[107.30249066746651,16.396872356501],[107.30290114332787,16.397041965767393],[107.30305782774401,16.397211915752084],[107.30313067986489,16.39748622556694],[107.30309103157673,16.397838982248562],[107.30289837475726,16.398296030449597],[107.3028020554531,16.398702232292763],[107.30269351236008,16.399146808692947],[107.3025263856339,16.399495608002045],[107.30234009985453,16.399685277693518],[107.30213825650078,16.399779548709784],[107.30191957272878,16.399818060552047],[107.30176441095965,16.399864183887239],[107.30167210014748,16.39997220205473],[107.30164289780402,16.400264309764111],[107.30174682183112,16.400457039377642],[107.3019404591052,16.40064037087927],[107.30194283983991,16.400647436427956],[107.30194592294136,16.400670138333862],[107.30194423914541,16.400717006732123],[107.30194412634376,16.400767025212577],[107.30193960319561,16.400791147478408],[107.3019080312705,16.400878609371915],[107.30188461660369,16.400936457205319],[107.3018337590147,16.401050395637839],[107.30181531530849,16.401084638456659],[107.30177142869593,16.401149503188282],[107.3017214233074,16.40120786005701],[107.30169417270463,16.401244016078884],[107.30164095023088,16.401317389143557],[107.30159766156382,16.401369279997592],[107.30157682732049,16.401388783938085],[107.30153023087587,16.401423222235263],[107.30149497637296,16.40144879685057],[107.30144140070675,16.401489673281432],[107.30141618466837,16.401511738449596],[107.3013146290031,16.401612910739377],[107.30126487272098,16.401664535422828],[107.30119182088403,16.40174324694825],[107.3011326743097,16.401810455913573],[107.30109426710305,16.401856135693368],[107.30101977847636,16.401949175369737],[107.30098948472371,16.401990562780853],[107.30093304341473,16.402076215562889],[107.30083483104652,16.402229442523172],[107.3007879301873,16.402307201733521],[107.30077152968958,16.402338133763116],[107.30074339225406,16.402402219682777],[107.30073127702565,16.402436393130412],[107.30072697369216,16.402453910079647],[107.30072003523313,16.402517244378149],[107.30071653712901,16.402552864641024],[107.3007212932349,16.402602609398311],[107.30073352652539,16.402687479308224],[107.30074554079076,16.402752122832194],[107.30076732881901,16.402840729319649],[107.30079241730493,16.402917426356545],[107.30072340737776,16.403499745193493],[107.30072153028802,16.4035115595509],[107.30071367534431,16.403619061747399],[107.30071104185581,16.403669714037033],[107.3007061117837,16.403731526704888],[107.30070370574862,16.403802403477474],[107.30070682667282,16.40388007646985],[107.3007033618147,16.404003553164259],[107.30070356669496,16.404040487054935],[107.30070504377238,16.404114385605393],[107.30070371376549,16.404169632729353],[107.30070099827243,16.40419619151611],[107.30069192458153,16.40424906261158],[107.30068531366805,16.404288748810927],[107.30067301416831,16.404395387258386],[107.30067196191339,16.404409535080205],[107.3006705499395,16.404437906250831],[107.30066787227814,16.404458925919492],[107.30065957604373,16.404495849933433],[107.30063877465278,16.404568896677336],[107.30059210173977,16.404703191368206],[107.3005605564713,16.404796192490089],[107.30053438517203,16.404867848097542],[107.30051680958194,16.404910697013307],[107.30050648344871,16.404931393019783],[107.30049054823554,16.404957736138343],[107.30045591241799,16.405009013554441],[107.30042599597148,16.405052127712146],[107.30040921260833,16.40507742043523],[107.30037155268454,16.405138961890763],[107.3003406314817,16.405182832343634],[107.30028667887902,16.40525830819001],[107.30026828073295,16.405284851721639],[107.30023178377472,16.405338164965478],[107.30020280970739,16.405376899067768],[107.3001896413892,16.405391169637085],[107.30016059887424,16.405417631885527],[107.30014139453964,16.4054392110572],[107.30011488973136,16.40548131577297],[107.30010352851804,16.405503535382572],[107.30009003668937,16.405537821461195],[107.30008225972057,16.405573626800081],[107.30007550654261,16.405647723905744],[107.30007103717821,16.405690777988838],[107.30007115644267,16.405712232276674],[107.30007527444099,16.405746703134284],[107.30008842698859,16.405815254946038],[107.30009719539396,16.40583999049927],[107.30010366157188,16.405853910542525],[107.30011896244527,16.405884668849563],[107.30012996129804,16.405906149440103],[107.30014611937511,16.405929970233036],[107.3001679518903,16.405966759427795],[107.30019848093843,16.406014204663947],[107.30020911223285,16.406031247288563],[107.30022096924357,16.406045791253852],[107.30023260423516,16.406062069454702],[107.30026025104509,16.406096013411677],[107.30029264310487,16.406135774740171],[107.30033177937437,16.406179823780985],[107.30035318191177,16.406198103516616],[107.30037722820697,16.406212778663651],[107.3003897326376,16.406219019665734],[107.30042296711838,16.406229883937389],[107.30045897992676,16.406246839164979],[107.30053131232117,16.406281048875904],[107.30058925071289,16.406298276146394],[107.30064724906711,16.406316940944642],[107.30067361316389,16.406329978107991],[107.30069082237456,16.406345199678018],[107.30071986136434,16.406382753626012],[107.30073546751332,16.406401493399478],[107.30074176964436,16.406411644449591],[107.30074844578884,16.40642693893572],[107.3007577217172,16.406459167952999],[107.30077103944294,16.40655734284163],[107.30077983923451,16.406618009559566],[107.30078623032514,16.406647824690832],[107.30079250215134,16.406666461640125],[107.30080950701573,16.406702348741206],[107.30083823975492,16.406749589486743],[107.30086525057752,16.40678872758793],[107.30088717568454,16.406828435429944],[107.30089506824352,16.406849273351582],[107.30090122537788,16.406879088328768],[107.30090744770607,16.406940315368836],[107.30091157355054,16.407017222981239],[107.30091160051077,16.407083110742082],[107.30090317336625,16.407180535517249],[107.30089392682645,16.40723987680532],[107.30088763343974,16.40726923465277],[107.30087817998107,16.407305169491416],[107.30085615888818,16.40737629727084],[107.30085081763535,16.407390557122429],[107.30083879015038,16.407418675999406],[107.30083185968788,16.407440259902781],[107.30082378860892,16.407482244976094],[107.30081590029378,16.407538897340974],[107.30081338299762,16.407567265257178],[107.30081641748228,16.407608907334328],[107.3008152614118,16.407631098294907],[107.30081132016788,16.407675591112842],[107.30081136243379,16.407708475957644],[107.30081495126272,16.407723317328255],[107.30082875313829,16.407751774768354],[107.30085116524698,16.407791259546425],[107.30088069120035,16.407839478077118],[107.30091128606676,16.407879025870681],[107.3009393017134,16.407917398597213],[107.30097895349083,16.407972049442666],[107.30100817626771,16.408007932731334],[107.30104818633093,16.40806702161543],[107.3010828802103,16.408117590120654],[107.30111285465183,16.408168439790863],[107.30112613095952,16.408194619183703],[107.30113170021048,16.408208101823508],[107.30114074860022,16.40823592925604],[107.30114754597784,16.408256827036134],[107.30117074485948,16.408322610840656],[107.30118362433709,16.408354996366128],[107.301196269754,16.408382202594861],[107.30122464485203,16.408435289400529],[107.30123711668692,16.408455853074834],[107.30126349608499,16.408496262751466],[107.30128053561118,16.408527831184276],[107.30132471378622,16.408633482144712],[107.30140751093363,16.408847342821296],[107.30149266725884,16.409063623068622],[107.30151976548778,16.409138790970669],[107.30153914132894,16.409179277349104],[107.3015505790808,16.409198572220415],[107.30160150755025,16.409265071960718],[107.30162118622489,16.409302179031489],[107.30162816639367,16.409321739566646],[107.30163310651608,16.409343634241786],[107.30163716859123,16.40938866899733],[107.3016380209429,16.40950408067134],[107.30163486623377,16.409561472529433],[107.30163039776642,16.409585875155482],[107.30161587405925,16.409633956592657],[107.30160657098567,16.409669222199962],[107.3015832636262,16.409757580088108],[107.30155316096238,16.40984464020034],[107.30153623059496,16.409887445099834],[107.30158591928839,16.40992261250177],[107.31432778014455,16.418940269746809],[107.33904630537943,16.436484558792326],[107.35793591358797,16.449887844178427],[107.37682801036259,16.46328907236834],[107.37682874801258,16.463289682787803],[107.37720623081687,16.463602458725198],[107.37741291631622,16.4637737136227],[107.37743349617566,16.463790765489286],[107.37682877939157,16.464361194393472],[107.37682801953659,16.46436191124404],[107.37274704380907,16.468465760168453],[107.3726977817535,16.468515234035568],[107.36955373020045,16.471590352310628],[107.36743310996164,16.473664478912102],[107.36480077369259,16.476239100661928],[107.36216843748741,16.478813723134639],[107.3697699467079,16.483658213204745],[107.37090453308645,16.484381291855932],[107.3716879398163,16.484854166343705],[107.37432668690194,16.48658454053994],[107.37521833943944,16.487169232538694],[107.37682825329576,16.488271287502048],[107.37682969099163,16.488272171795515],[107.37916152338109,16.4897058657772],[107.37961484488767,16.491020657028749],[107.37961729791621,16.491027772752911],[107.37962805660203,16.491175302779805],[107.37971718945472,16.49143695175016],[107.37986395655966,16.491856704539643],[107.38007009098776,16.492478735475366],[107.38009331783897,16.492544184768953],[107.3801013665594,16.492566864619004],[107.38011148492885,16.492595396251883],[107.38013282119249,16.49265554546491],[107.38014703082237,16.492695603248716],[107.38014857770061,16.492699974983214],[107.3803824556301,16.493341942425381],[107.38042225946703,16.493451199325399],[107.38042761108251,16.493468317266096],[107.3805136359839,16.493709068715578],[107.38065129808189,16.494079869908639],[107.38080800947942,16.494557443219502],[107.3808572830027,16.494696785447584],[107.38093673048861,16.494921457910216],[107.38116185166285,16.495608947178557],[107.38116216368667,16.495609884003823],[107.38116785007027,16.495623664758934],[107.38116787709048,16.49562373039516],[107.38125345043093,16.495830697786808],[107.38141270787679,16.496274579064835],[107.38142503627394,16.496308988743223],[107.38153798127713,16.496624219516434],[107.38164543161938,16.496914227331146],[107.38164371318949,16.496914510689241],[107.38177133990209,16.497254386036097],[107.38177984745174,16.497277030727222],[107.3814172905125,16.497378941794089],[107.38095514120462,16.497505906507357],[107.3808998313437,16.497523111146563],[107.3803783615115,16.497685306933075],[107.37978315393943,16.497883102739742],[107.37952760737549,16.497956753331398],[107.37942905222663,16.497985161838443],[107.37932771984556,16.498015097857966],[107.37896822896184,16.498121289859572],[107.37895670586121,16.498124761595317],[107.37890813879322,16.498139419250194],[107.37884158008015,16.49815951024306],[107.3787539716551,16.498185953739483],[107.37828796868762,16.498315900829212],[107.37791661593147,16.498478235300265],[107.37789916855476,16.498486068890614],[107.37754775019108,16.498643852548639],[107.37739276005206,16.498713441609027],[107.37720285630493,16.498809586778155],[107.37689497881077,16.498986271699199],[107.37683023293091,16.499023427356086],[107.37647909192965,16.499223312995312],[107.37635226746931,16.4992928755665],[107.37633533710137,16.499302036500094],[107.37619143121141,16.499379901652009],[107.37618983314422,16.49938076625773],[107.37524231015981,16.499880567097641],[107.37540519803443,16.500069941214729],[107.37564440515114,16.500348042248724],[107.37584123623222,16.500529590978932],[107.3758590529409,16.500547599850613],[107.37597919752913,16.500669039076008],[107.3759819220606,16.500672162578695],[107.37609477827006,16.500801570795261],[107.37624249042891,16.500972925054661],[107.37627804036919,16.501010067418424],[107.37631321314328,16.501062626938452],[107.37652408238029,16.501377735559359],[107.37664694818447,16.501589524797591],[107.37682822444852,16.501913224331634],[107.37683024231103,16.501916827403804],[107.37692354944772,16.502013264884706],[107.37695616639141,16.502043533483302],[107.37707419135356,16.502153061898778],[107.37730594540571,16.50229526925288],[107.37751289784877,16.502460084680617],[107.37774776254656,16.50262552530635],[107.37788394842801,16.502746120222096],[107.37793721836765,16.502813874522673],[107.37796074190801,16.502927085785082],[107.37796971373385,16.503050646058902],[107.378024557535,16.503417072211938],[107.37806905209297,16.503709998097307],[107.37811980533338,16.503949624974666],[107.37813811822848,16.504198644593028],[107.37814305763523,16.504411567048731],[107.3781270861203,16.504660845932133],[107.37807115689893,16.504897625709336],[107.37807983484225,16.505113269837068],[107.37813285547955,16.505376308987898],[107.37827013121378,16.505713340250185],[107.3782811119241,16.505736145716511],[107.37836709610787,16.505914064981926],[107.37845532661223,16.506297940827285],[107.37847528258065,16.50638466404385],[107.37856178058955,16.506372631273557],[107.37887460900217,16.506359776373429],[107.37910884914733,16.506409782696117],[107.37914286894943,16.506593315012228],[107.37922379245735,16.50671500590742],[107.37933517367745,16.506729063394285],[107.37948001243431,16.506880679278332],[107.37964054814884,16.507016790099829],[107.37981659414689,16.507122070933569],[107.37996180783881,16.507304335254069],[107.38004292072704,16.50744135058466],[107.38035013745646,16.507835765019706],[107.38097762810227,16.508085092902558],[107.38076805997972,16.508518438201182],[107.38062868969331,16.508649840620158],[107.38117207471343,16.508898399861287],[107.38118202554628,16.508891741705547],[107.3811881894629,16.508868174608157],[107.38123110124249,16.508835858848993],[107.38131663377368,16.508803579297755],[107.38141425950045,16.508827544814604],[107.38152099932277,16.50884259065192],[107.38157574107382,16.508919475902822],[107.38163332994371,16.509043631250268],[107.38163914674378,16.509129227905948],[107.38162666959124,16.509223625748412],[107.3816263029092,16.509338753592179],[107.38159500553652,16.509577685701807],[107.38158676285541,16.509607211464935],[107.38181738490752,16.509696455037624],[107.3820157280684,16.509773855103457],[107.38219401212548,16.509884721292334],[107.38226966542217,16.509895789715191],[107.38254426016954,16.509987660004903],[107.3826750174066,16.510041078816865],[107.38271634171288,16.510095518759364],[107.38267684418801,16.510190102914358],[107.38262892773635,16.510261249271402],[107.38267054052309,16.510339218862466],[107.38299921295756,16.510617868638082],[107.38313045157854,16.510710504655982],[107.38331831413704,16.510778960570466],[107.38344113397925,16.510848158607686],[107.38360527865409,16.510971796266205],[107.3837199682404,16.511041087808113],[107.3837931415969,16.511040252599969],[107.38384163398153,16.511016165268153],[107.38391471111856,16.511007486510213],[107.38401246641691,16.511022059838407],[107.38412744571281,16.511114880740763],[107.38420903725388,16.511137482193707],[107.38425762675031,16.511121238264664],[107.38436255038769,16.511057285343931],[107.38446814844745,16.5110482350985],[107.38460713351759,16.511109404109764],[107.38537247799289,16.511274742758925],[107.38539454424929,16.511287730059255],[107.38547499007048,16.51132393301004],[107.38563310779453,16.511325663421545],[107.38575477223975,16.511331624050946],[107.3857588778385,16.511336696372265],[107.38588599608656,16.511336347126743],[107.38595106578386,16.511317651670897],[107.38594848097053,16.511246072609435],[107.38593455409598,16.511236542504719],[107.38594091382787,16.511209902644151],[107.38596757188498,16.511162989399647],[107.38604006893158,16.511076177701028],[107.38608104822917,16.511092202669516],[107.38616875444035,16.511143247361563],[107.38628590074254,16.511141206049174],[107.38637857524392,16.511146394594487],[107.38669889197351,16.512558672303456],[107.38673043143552,16.512719304829066],[107.38674806572936,16.51279814811091],[107.38675694493332,16.512810446753626],[107.38678304435699,16.51281587290293],[107.38678485744049,16.512847226933001],[107.386818553903,16.513249419096852],[107.38683782655185,16.513525075656496],[107.3867924299888,16.513709512453733],[107.38679468862604,16.513893404535416],[107.38679619441127,16.514016000157774],[107.3868455437422,16.514153374029419],[107.38689527057005,16.514321397447645],[107.3869294882219,16.514520251112991],[107.38694763194593,16.51470396157276],[107.38704614407949,16.514963386140352],[107.38704802662626,16.515116629495253],[107.38705103874256,16.51536181885799],[107.38702115059472,16.515515425427854],[107.38697537750885,16.515669214503649],[107.3870256688639,16.515883210366123],[107.38702773977613,16.516051778495747],[107.38702924590527,16.516174373168798],[107.38707935018428,16.516373044188562],[107.38715990755595,16.516464082949483],[107.3871617903732,16.516617326269721],[107.38713246616706,16.516816905407541],[107.38707043049155,16.516940227488792],[107.38691232865801,16.517003341049325],[107.38673740039567,16.516990013970986],[107.38646621705453,16.516901155028265],[107.38566949503031,16.516711015653733],[107.38538336716074,16.516698958918738],[107.38519292939945,16.516716460704671],[107.38503501505051,16.516794897706202],[107.38497335417679,16.516948867145572],[107.38494459296047,16.517194419778953],[107.38498311042541,16.517674280694077],[107.38490396215815,16.517893208498233],[107.38489855876638,16.517972446098909],[107.38488329348689,16.518119159266618],[107.38488333116038,16.518119176902996],[107.3845817560136,16.518180534917033],[107.38425804071117,16.518213813037807],[107.38411638603257,16.518322715941164],[107.38410294569157,16.518522114531638],[107.38410539055278,16.518721331705393],[107.38410783543654,16.518920547971838],[107.38418914511047,16.519072885351029],[107.38433399680953,16.519224496018328],[107.3845109973245,16.519406392340905],[107.38460800469142,16.519543223217667],[107.38470520032283,16.519695377933186],[107.38470783410814,16.51990991890003],[107.38462973326907,16.520374503249755],[107.38451932869914,16.5207602762395],[107.38449620849586,16.521375435214527],[107.38454754771747,16.521729649606456],[107.38454658638904,16.52203310393822],[107.38448580800913,16.522293094566908],[107.38451402300632,16.522849575975524],[107.38465496997536,16.523247340802808],[107.38469145613898,16.523529306755577],[107.38463789953389,16.523904900106665],[107.3844550770412,16.524571640528499],[107.386629516266,16.530889902482002],[107.38668918951572,16.53108240842138],[107.38669076244481,16.531087481635183],[107.3864258212337,16.531233047413799],[107.386405792706,16.531244710969549],[107.38614716859308,16.531410770465278],[107.38594331495631,16.531539455502831],[107.38590556610667,16.531556145509747],[107.38580348115926,16.531588357131636],[107.3857936437893,16.531590297992064],[107.3857926694003,16.531590490706503],[107.38549400668218,16.531632510279273],[107.38546507437567,16.531636439114351],[107.38531975266685,16.531638485626083],[107.3852412631571,16.531639589941381],[107.3852204123659,16.531637543802983],[107.38514957059306,16.531627627540615],[107.38472395402883,16.531557046529787],[107.38467645945707,16.531553497326481],[107.38447321677204,16.531568119462456],[107.38441065688959,16.5315776827197],[107.38436815300136,16.531589621052493],[107.38430539430917,16.53162119639553],[107.3842849721991,16.531635294245813],[107.38426624191992,16.531652408879147],[107.38421762756259,16.531713611937956],[107.38419133305349,16.531761055890357],[107.38408963704114,16.531987374390958],[107.38408735977336,16.531992810511877],[107.38403494742907,16.532159125171798],[107.3839741452112,16.532352069475159],[107.38395305666914,16.532425218943427],[107.3838613434322,16.532676264220349],[107.38370192487926,16.533041749391607],[107.38368623093318,16.53307772985336],[107.38366617229201,16.533121514450933],[107.38357061994869,16.533311876587018],[107.38354629342116,16.533351906890189],[107.38349898905477,16.533414898849244],[107.3834657466479,16.533456956942331],[107.38345490796306,16.533467585717396],[107.38339400614659,16.533523532514117],[107.38333795858112,16.533569522334723],[107.3833182240313,16.533582893206898],[107.38325684644144,16.533617794899687],[107.38316857887848,16.533661067907357],[107.38316260062165,16.533662546321832],[107.38297696813859,16.533688222579766],[107.38290358575757,16.533691724850723],[107.38284877070903,16.53369456332134],[107.38283934775542,16.533694191292156],[107.38275805280892,16.533704858854957],[107.38273224084288,16.533739097584473],[107.38270850180849,16.533800072252127],[107.38269630694049,16.533853412817365],[107.38269616762487,16.53385991483821],[107.38271180197857,16.53400083603319],[107.38272559186393,16.53405208664234],[107.38280293438602,16.534275618779471],[107.38281836743637,16.534317908450515],[107.38289460647698,16.534533770230542],[107.38299222838864,16.534789168906837],[107.38300605402847,16.534824099347208],[107.38309237595699,16.535073057055936],[107.38313607954156,16.535158589905134],[107.38314403207201,16.535166115994208],[107.38326749801109,16.535212981480509],[107.38319877785753,16.535317747334201],[107.38309198583538,16.535480555007464],[107.3830592894121,16.535511281682428],[107.38291899757739,16.535637353850898],[107.3829131307795,16.53563807580057],[107.38290873412555,16.535637410588262],[107.38288036797078,16.535623360741159],[107.38283523530248,16.535598542229984],[107.38277621690243,16.535566087431196],[107.38274889238031,16.535551063607478],[107.38270644925154,16.535527148390933],[107.38268709380981,16.535510243100308],[107.38256571917694,16.535383529814901],[107.38245639942996,16.535266503458125],[107.38243596004509,16.535251849897815],[107.38235137996807,16.535201327466005],[107.38217668249034,16.535112346591045],[107.3821282560599,16.535097729895604],[107.38196332612016,16.535050984919785],[107.38194164715722,16.535041849507998],[107.38185740089466,16.535008360022168],[107.38180949578314,16.534987457275651],[107.38177253576683,16.534965649047159],[107.38171277629881,16.534920475209741],[107.38170437894877,16.534912793342887],[107.38166886227502,16.534870928921865],[107.38162277055096,16.534809602643215],[107.38161984987427,16.534803215956678],[107.38161602713593,16.534744463024548],[107.38161988886776,16.534707952005085],[107.38162391073233,16.534693494198702],[107.38165132857331,16.534664247156876],[107.38165967767765,16.534657773340538],[107.38168289004784,16.534647558904595],[107.38171950977005,16.534637372039324],[107.38174027608184,16.534634720285457],[107.38180276656939,16.53464359385007],[107.38182684326986,16.534647644103231],[107.3819464803244,16.534665601237062],[107.38207901716629,16.534657569142677],[107.38214906184935,16.534646251603185],[107.38222191747161,16.534626200970923],[107.38224066228159,16.534616031178029],[107.38228986701668,16.534579548802444],[107.38231268208163,16.534559860098309],[107.38231739654168,16.534554298591182],[107.38233608637525,16.534525690454519],[107.3823543082253,16.534491230409127],[107.38235673949804,16.53448071125576],[107.38236422680005,16.534427686434324],[107.38236449779664,16.53441932293272],[107.3823587896228,16.534370788468674],[107.38235198977964,16.534339747897359],[107.38233577100445,16.534282192587387],[107.38233285555033,16.534276384893396],[107.38229273574682,16.534214894806354],[107.38228929452958,16.534210657700278],[107.38227681814803,16.534195299793428],[107.38222751369125,16.534147204519257],[107.38218212707426,16.534105323725775],[107.38206739876341,16.534015812202927],[107.38199781060055,16.5339658012632],[107.38189209917385,16.533886292314509],[107.3818827741043,16.533881840546282],[107.3817825976449,16.53384668012357],[107.38174265812592,16.533843432479387],[107.38167758549172,16.533832993953553],[107.38162942088142,16.533827168122258],[107.38159223609982,16.533827699282927],[107.38158432460428,16.53382793414794],[107.38155382841541,16.533827633741634],[107.3815300809938,16.533829802793107],[107.38150639705734,16.533827376730166],[107.38145490950662,16.533815731540152],[107.38140528345465,16.533797347848186],[107.38131242324953,16.533774492061042],[107.38129878042417,16.533770076006938],[107.38116788842223,16.533732143977417],[107.38114091331907,16.533722288431733],[107.38114022856065,16.533721892455493],[107.38111968423591,16.533706068298688],[107.38105736540129,16.533648719294195],[107.38104568425422,16.533635728907463],[107.38099645952893,16.533576692925866],[107.38096146057872,16.533541422226829],[107.38094136082157,16.53352313046809],[107.38086669556083,16.533444276477354],[107.38066888454505,16.533272065725892],[107.38056557037827,16.53318636242739],[107.38043233119524,16.533079414335521],[107.38042227975518,16.533073000596204],[107.38027991192477,16.533008677707674],[107.3801916229709,16.532975262440395],[107.38010805479165,16.532950618004001],[107.37997978607407,16.532925088783021],[107.37990973510898,16.532916081340026],[107.37967517051318,16.532908000377557],[107.37949045122662,16.532896496913917],[107.37936820841847,16.532874056645117],[107.37933254283071,16.532862905207416],[107.37926646156521,16.532835322023228],[107.37920985266938,16.53280396863234],[107.37915822204418,16.532763891788463],[107.37915362176714,16.532759215264303],[107.37909296062713,16.532688128513776],[107.37906942502015,16.532659056407685],[107.37878513174665,16.532265937558737],[107.37866766026164,16.532095354005776],[107.37856212520876,16.53191740572106],[107.37844134239784,16.531727765807293],[107.37835714062683,16.531595561466506],[107.37813885475343,16.531220049241337],[107.3780492975138,16.53107774317122],[107.3779169862283,16.530872088796301],[107.37773195913336,16.530605864396186],[107.37766199806858,16.530538220013391],[107.37765021148222,16.530530655155825],[107.37759288000827,16.530511949912903],[107.37757121515457,16.530510944781533],[107.3775393396425,16.530514134601436],[107.37746964009909,16.530532447418022],[107.37744770135042,16.530543946750939],[107.37737001543361,16.530596518572217],[107.37735240725675,16.530612244971046],[107.37729333660843,16.530680399584284],[107.37724974472269,16.530744389549128],[107.37719016932557,16.530836640231797],[107.37714878312866,16.530896373793091],[107.37705987181499,16.531029900010758],[107.37704636693353,16.531050416133226],[107.3769338500218,16.531202046875769],[107.37692224178264,16.531217690433017],[107.37689628595921,16.531244074699423],[107.37686820700375,16.531272821907336],[107.37682755519398,16.531292432318835],[107.37672373703231,16.531334688307403],[107.37664611030974,16.531377451648783],[107.37660218405114,16.531416073137894],[107.37654153317607,16.531472382897729],[107.3764803033134,16.531522710076189],[107.37640339723637,16.531541734313741],[107.37626393634166,16.53148909523637],[107.37623184520727,16.53148631623608],[107.3762098245596,16.531484408974706],[107.37614966575198,16.531492185441834],[107.37610098294334,16.53152553129306],[107.37598383696603,16.531609693074699],[107.37591053440077,16.531677528897379],[107.37585124448182,16.531736406549804],[107.37583174481699,16.531798995443186],[107.37577319831736,16.531875768876514],[107.37565932167942,16.531929432545656],[107.37556369755319,16.531960238780272],[107.3755298838207,16.531971132427806],[107.37544510509991,16.53201340771696],[107.37538288198547,16.532069007910053],[107.37533074512132,16.532115595307808],[107.37529278483863,16.532191790960052],[107.37527970346544,16.532286041201242],[107.37532190977925,16.532347891316945],[107.37535990528281,16.532390123582033],[107.37544237564913,16.532442346244721],[107.37547619120654,16.532457534813791],[107.37554934383749,16.53250366659702],[107.37562316764357,16.532568670581274],[107.37564860774465,16.532676944654678],[107.37562435127947,16.532769434177023],[107.37556685085323,16.532950829930495],[107.37555674555549,16.533011469011598],[107.37532296467002,16.532978399474207],[107.37528666577855,16.532973264473071],[107.37513737351721,16.532922382572458],[107.37501886509396,16.532834233124742],[107.37493482559894,16.532771721919048],[107.37475517568537,16.53288936083888],[107.37410896494568,16.533491629071307],[107.37325726489793,16.534087808370558],[107.37298763471306,16.53449066651196],[107.3723817699984,16.535395890648072],[107.37209504289088,16.5357576668527],[107.3719289052563,16.535849185307768],[107.37166978699534,16.535935786256275],[107.37119417626874,16.536048748154844],[107.3709222601864,16.536094758274032],[107.37054717261701,16.536072337032319],[107.37022345652412,16.536252916582875],[107.3697746736527,16.53660034118349],[107.3695736076167,16.536755995862951],[107.36942291796763,16.536996718908153],[107.3693513547091,16.537315187379367],[107.36849441686391,16.537755141156754],[107.36826767418341,16.537449392127183],[107.36688054364849,16.538168805962364],[107.36596827787855,16.538726784725572],[107.36581378904218,16.538921101476753],[107.36503827325384,16.539536987402322],[107.36480033102187,16.53974401708917],[107.3642144234246,16.54025380366739],[107.36378081147635,16.540459488943799],[107.36344035869728,16.540582854006146],[107.36281582057154,16.540981911695344]]]},"properties":{"OBJECTID":16,"maNhanDang":"025NAD03000001","ngayThuNhan":1734652800000,"ngayCapNhat":1737331200000,"maDoiTuong":"AD03","maDonViHanhChinh":"19861","ten":"xã Phong Xuân","dienTich":156.96899999999999,"soLuongMoLietSiChonCatBanDauTrenDiaBan":170,"soLuongMoLietSiDaTimKiemTrenDiaBan":67,"soMoLietSiDoGiaDinhChamSocQuanLy":67,"soMoChuyenDenTuDiaPhuongKhac":0,"soMoDaBanGiaoDiaPhuongKhac":0,"thongTinChung":null,"nguonCungCapThongTin":"BCĐ 515 tỉnh Thừa Thiên Huế","thoiGianCapNhat":"20/01/2025","donViCapNhat":"Cục Tác chiến/BTTM","soLuongMoLietSiChuaTimKiemQuyTapTrenDiaBan":9,"danSo":5201,"soMoLietSiTrongNghiaTrangLietSiDiaPhuong":0,"soMoCoHaiCot":67,"soMoKhongCoHaiCot":0,"soMoCoDuThongTin":0,"soMoCoMotPhanThongTin":67,"SHAPE_Length":81531.440528555031,"SHAPE_Area":156822893.91760391,"soMoChuaXacDinhDuocThongTin":0}}]}